rank	frequency	lemma	printed	part_of_speech	cell	gloss	semantic_candidate_id	attestation_candidate_id	passage	context	decision	review_reason
1	6591	ꙗкѡ	ꙗ҆́кѡ	adverb	indeclinable	how	synodal:candidate:5471d4207f6490854e1f5d0c	synodal:candidate:2ea4e8c66b548f40594ee241	Acts.1.5	ꙗ҆́кѡ і҆ѡа́ннъ ᲂу҆́бѡ крести́лъ є҆́сть водо́ю, вы́ же и҆́мате крести́тисѧ дх҃омъ ст҃ы́мъ не по мно́зѣхъ си́хъ дне́хъ.	candidate-unreviewed	requires human confirmation of target identity, sense continuity, and morphological status
2	320	мои	моѝ	pronoun	lexical-form	my, mine	synodal:candidate:ab7115ba090975e4dce40585	synodal:candidate:ee2d5947ec0b5fadeafa4dab	Acts.20.34	са́ми вѣ́сте, ꙗ҆́кѡ тре́бованїю моемꙋ̀ и҆ сꙋ́щымъ со мно́ю послꙋжи́стѣ рꙋ́цѣ моѝ сі́и.	blocked-ambiguous-homograph	surface belongs to multiple OCS lexeme paradigms; target identity must be resolved manually
3	137	вратъ	вра́тъ	noun	lexical-form	wheel	synodal:candidate:3dbe009ffb4af93c7782f1f2	synodal:candidate:37846ffa7da93b1d25fb0996	Acts.9.24	ᲂу҆вѣ́данъ же бы́сть са́ѵлꙋ совѣ́тъ и҆́хъ: стрежа́хꙋ же вра́тъ де́нь и҆ но́щь, ꙗ҆́кѡ да ᲂу҆бїю́тъ є҆го̀:	blocked-ambiguous-homograph	surface belongs to multiple OCS lexeme paradigms; target identity must be resolved manually
4	113	вїно	вїно̀	noun	lexical-form	wine	synodal:candidate:0791f206b3588ae74c8fb484	synodal:candidate:c510217790635e1d21af9216	Amos.2.8	и҆ ри̑зы своѧ̑ свѧзꙋ́юще ᲂу҆́жами, и҆ завѣ̑сы творѧ́хꙋ держа́щыѧсѧ тре́бища, и҆ вїно̀ ѿ ѡ҆болга́нїй пїѧ́хꙋ въ домꙋ̀ бо́га своегѡ̀.	blocked-ambiguous-homograph	surface belongs to multiple OCS lexeme paradigms; target identity must be resolved manually
5	102	та	та̀	pronoun	lexical-form	feminine nominative singular; masculine nominative/accusative dual; neuter nominative/accusative plural	synodal:candidate:1517b4e9e11d38ab1ef77a08	synodal:candidate:26b4c08177aaeeb30b384939	Acts.16.15	Ꙗ҆́коже крести́сѧ та̀ и҆ до́мъ є҆ѧ̀, молѧ́ше ны̀ глаго́лющи: а҆́ще ᲂу҆смотри́сте мѧ̀ вѣ́рнꙋ гдⷭ҇еви бы́ти, вше́дше въ до́мъ мо́й, пребꙋ́дите. И҆ принꙋ́ди на́съ.	blocked-ambiguous-homograph	surface belongs to multiple OCS lexeme paradigms; target identity must be resolved manually
6	88	ими	и҆́ми	pronoun	lexical-form	them	synodal:candidate:b09f052011b5c37bd33ab092	synodal:candidate:3de67508968f57f38d883070	Acts.20.36	И҆ сїѧ̑ ре́къ, прекло́нь кѡлѣ́на своѧ̑, со всѣ́ми и҆́ми помоли́сѧ.	blocked-ambiguous-homograph	surface belongs to multiple OCS lexeme paradigms; target identity must be resolved manually
7	76	пѧти	пѧтѝ	verb	lexical-form	to tie, fix	synodal:candidate:5a6f4b289d8892302f759e47	synodal:candidate:30c9dc3b3343a6e57d2eea16	Deut.10.22	въ седми́десѧтихъ и҆ пѧтѝ дꙋша́хъ снидо́ша ѻ҆тцы̀ твоѝ во є҆гѵ́петъ: нн҃ѣ же сотвори́ тѧ гдⷭ҇ь бг҃ъ тво́й ꙗ҆́кѡ ѕвѣ́зды небє́сныѧ мно́жествомъ.	blocked-ambiguous-homograph	surface belongs to multiple OCS lexeme paradigms; target identity must be resolved manually
8	52	чистъ	чи́стъ	adjective	lexical-form	clean; pure	synodal:candidate:c631f4dc6a653d2786e008f7	synodal:candidate:50f5747cad4049b0eb4bf623	Acts.18.6	Проти́вѧщымсѧ же и҆̀мъ и҆ хꙋ́лѧщымъ, ѡ҆трѧ́съ ри̑зы своѧ̑, речѐ къ ни̑мъ: кро́вь ва́ша на глава́хъ ва́шихъ: чи́стъ а҆́зъ, ѿнн҃ѣ во ꙗ҆зы́ки и҆дꙋ̀.	blocked-ambiguous-homograph	surface belongs to multiple OCS lexeme paradigms; target identity must be resolved manually
9	50	дѣти	дѣ́ти	verb	lexical-form	to do; to get lost, disappear; to put, place; to say, speak	synodal:candidate:910398b7d91e1e41a14dd8b5	synodal:candidate:4f7733783a20db2fa48f327e	Dan.14.21	И҆ разгнѣ́вавсѧ ца́рь, ꙗ҆́тъ тогда̀ жерцы̀ и҆ жєны̀ и҆́хъ и҆ дѣ́ти и҆́хъ, и҆ показа́ша є҆мꙋ̀ сокровє́нныѧ двє́ри и҆́миже вхожда́хꙋ и҆ поѧда́хꙋ ꙗ҆̀же на трапе́зѣ.	blocked-ambiguous-homograph	surface belongs to multiple OCS lexeme paradigms; target identity must be resolved manually
10	48	власти	вла́сти	verb	lexical-form	rule	synodal:candidate:b24863dbb7f8a3988208881e	synodal:candidate:33e37f9b0806181d0cd0b6b9	Acts.1.7	Рече́ же къ ни̑мъ: нѣ́сть ва́ше разꙋмѣ́ти времена̀ и҆ лѣ̑та, ꙗ҆̀же ѻ҆ц҃ъ положѝ во свое́й вла́сти:	blocked-ambiguous-homograph	surface belongs to multiple OCS lexeme paradigms; target identity must be resolved manually
11	40	помощи	по́мощи	verb	lexical-form	to help; to succour	synodal:candidate:6eda8e5588a34e94b8d3d9e7	synodal:candidate:4532b6012848bdb963743058	Esther.4.17	И҆ ше́дъ мардохе́й сотворѝ, є҆ли̑ка заповѣ́да є҆мꙋ̀ є҆сѳи́рь, и҆ помоли́сѧ гдⷭ҇еви помина́ѧ всѧ̑ дѣла̀ гдⷭ҇нѧ и҆ речѐ: гдⷭ҇и, гдⷭ҇и цр҃ю̀ вседержи́телю, ꙗ҆́кѡ во вла́сти твое́й сїѐ всѐ є҆́сть, и҆ нѣ́сть противомꙋ́дрствꙋѧй тебѣ̀, внегда̀ восхо́щеши спⷭ҇тѝ і҆и҃лѧ: ꙗ҆́кѡ ты̀ сотвори́лъ є҆сѝ не́бо и҆ зе́млю и҆ всѐ ᲂу҆дивлѧ́емое въ поднебе́снѣй и҆ гдⷭ҇ь є҆сѝ всѣ́хъ, и҆ нѣ́сть, и҆́же воспроти́витсѧ тебѣ̀ гдⷭ҇еви: ты̀ всѧ̑ вѣ́си, ты̀ зна́еши, гдⷭ҇и, ꙗ҆́кѡ не въ ᲂу҆кори́знѣ ни въ го́рдости, нижѐ во тщесла́вїи сотвори́хъ сїѐ, є҆́же не покланѧ́тисѧ прего́рдомꙋ а҆ма́нꙋ, поне́же благоволи́мъ бы́хъ лобза́ти и҆ слѣды̀ но́гъ є҆гѡ̀ спасе́нїѧ ра́ди і҆и҃лева, но сїѐ сотвори́хъ, да не возда́мъ сла́вы человѣ́кꙋ па́че сла́вы бж҃їѧ, и҆ не поклоню́сѧ никомꙋ́же, кромѣ̀ тебє̀ гдⷭ҇а моегѡ̀, и҆ не сотворю̀ сїѧ̑ въ го́рдости: и҆ нн҃ѣ, гдⷭ҇и бж҃е, цр҃ю̀, бж҃е а҆враа́мовъ, пощадѝ лю́ди твоѧ̑, ꙗ҆́кѡ назира́ютъ на́мъ въ поги́бель и҆ вожделѣ́ша погꙋби́ти є҆́же и҆з̾ нача́ла наслѣ́дїе твоѐ: не пре́зри достоѧ̑нїѧ твоегѡ̀, є҆́же и҆зба́вилъ є҆сѝ тебѣ̀ ѿ землѝ є҆гѵ́петскїѧ: ᲂу҆слы́ши моли́твꙋ мою̀, и҆ ᲂу҆млⷭ҇рдисѧ над̾ жре́бїемъ твои́мъ, и҆ ѡ҆братѝ рыда́нїе на́ше въ весе́лїе, да живꙋ́ще восхвали́мъ и҆́мѧ твоѐ, гдⷭ҇и, и҆ не погꙋбѝ ᲂу҆́стъ восхвалѧ́ющихъ тѧ̀, гдⷭ҇и. И҆ ве́сь і҆и҃ль возопѝ ѿ крѣ́пости своеѧ̀, ꙗ҆́кѡ сме́рть и҆́хъ пред̾ ѻ҆чи́ма и҆́хъ: и҆ є҆сѳи́рь цари́ца притечѐ ко гдⷭ҇ꙋ въ по́двизѣ сме́рти ѡ҆бдержи́ма, и҆ сне́мши ри̑зы сла́вы своеѧ̀, ѡ҆блече́сѧ въ ри̑зы тѣсноты̀ и҆ пла́ча, и҆ вмѣ́стѡ многоцѣ́нныхъ ма́стей и҆ благово́нныхъ пе́пеломъ и҆ гно́емъ посы́па главꙋ̀ свою̀, и҆ пло́ть свою̀ смирѝ ѕѣлѡ̀, и҆ ко́ждо мѣ́сто ᲂу҆краше́нїѧ весе́лїѧ своегѡ̀ и҆спо́лни расте́рзанными власы̑ свои́ми, и҆ молѧ́шесѧ гдⷭ҇ꙋ бг҃ꙋ і҆и҃левꙋ и҆ речѐ: гдⷭ҇и мо́й, цр҃ю̀ на́шъ, ты̀ є҆сѝ є҆ди́нъ, помозѝ мѝ є҆ди́ный и҆ не и҆мѣ́ющей по́мощи ра́звѣ тебє̀, ꙗ҆́кѡ бѣда̀ моѧ̀ въ рꙋцѣ̀ мое́й: а҆́зъ слы́шахъ, гдⷭ҇и, ѿ ѻ҆тца̀ моегѡ̀ въ пле́мени ѻ҆те́чества моегѡ̀, ꙗ҆́кѡ ты̀ гдⷭ҇и, прїѧ́лъ є҆сѝ і҆и҃лѧ ѿ всѣ́хъ ꙗ҆зы̑къ и҆ ѻ҆тцы̀ на́шѧ ѿ всѣ́хъ пра́ѻтєцъ и҆́хъ въ наслѣ́дїе вѣ́чное, и҆ сотвори́лъ є҆сѝ и҆̀мъ, є҆ли̑ка гл҃алъ є҆сѝ: и҆ нн҃ѣ согрѣши́хомъ пред̾ тобо́ю, и҆ пре́далъ є҆сѝ на́съ въ рꙋ́ки вра̑гъ на́шихъ, зане́же сла́вихомъ бо́ги и҆́хъ: првⷣнъ є҆сѝ, гдⷭ҇и: и҆ нн҃ѣ не дово́льни бы́ша горе́стїю рабо́ты на́шеѧ, но положи́ша рꙋ́ки своѧ̑ на рꙋ́ки і҆́дѡлъ свои́хъ, и҆сто́ргнꙋти за́повѣдь ᲂу҆́стъ твои́хъ и҆ погꙋби́ти наслѣ́дїе твоѐ, и҆ загради́ти ᲂу҆ста̀ хва́лѧщихъ тѧ̀ и҆ ᲂу҆гаси́ти сла́вꙋ хра́ма твоегѡ̀ и҆ ѻ҆лтарѧ̀ твоегѡ̀, и҆ ѿве́рзти ᲂу҆ста̀ ꙗ҆зы́кѡмъ во ᲂу҆гождє́нїѧ сꙋ́етныхъ и҆ ᲂу҆диви́тисѧ царе́ви плотско́мꙋ во вѣ́ки: не преда́ждь, гдⷭ҇и, ски́птра твоегѡ̀ си̑мъ, и҆̀же не сꙋ́ть, и҆ да не посмѣю́тсѧ въ паде́нїи на́шемъ, но ѡ҆братѝ совѣ́тъ и҆́хъ на нѧ̀, наче́ньшаго же на на́съ въ при́тчꙋ положѝ: помѧнѝ, гдⷭ҇и, позна́нъ бꙋ́ди во вре́мѧ ско́рби на́шеѧ и҆ менѐ сподо́би дерзнове́нїѧ: цр҃ю̀ богѡ́въ и҆ всѧ́кагѡ нача́льства содержи́телю, да́ждь сло́во благоꙋго́дно во ᲂу҆ста̀ моѧ̑ пред̾ льво́мъ, и҆ премѣнѝ се́рдце є҆гѡ̀ въ ненавидѣ́нїе вою́ющагѡ ны̀, во и҆стребле́нїе є҆гѡ̀ и҆ съ ни́мъ совѣ́тꙋющихъ: на́съ же и҆змѝ рꙋко́ю твое́ю и҆ помози́ ми є҆ди́нѣй и҆ не и҆мѣ́ющей никогѡ́же, то́кмѡ тебѐ, гдⷭ҇и: всѣ́хъ ра́зꙋмъ и҆́маши и҆ вѣ́си, ꙗ҆́кѡ возненави́дѣхъ сла́вꙋ беззако́нныхъ и҆ гнꙋша́юсѧ ло́жа неѡбрѣ́занныхъ и҆ всѧ́кагѡ и҆ноплеме́нника: ты̀ вѣ́си нꙋ́ждꙋ мою̀, ꙗ҆́кѡ гнꙋша́юсѧ зна́менїѧ го́рдости моеѧ̀, є҆́же є҆́сть на главѣ̀ мое́й во дне́хъ видѣ́нїѧ моегѡ̀, гнꙋша́юсѧ є҆гѡ̀, ꙗ҆́кѡ рꙋ́бищъ ѡ҆скверне́нныхъ, и҆ не ношꙋ̀ є҆гѡ̀ въ де́нь молча́нїѧ моегѡ̀: и҆ не ꙗ҆дѐ раба̀ твоѧ̀ ѿ трапе́зы а҆ма́новы, и҆ не прославлѧ́хъ пи́ра царе́ва, нижѐ пїѧ́хъ вїно̀ тре́бищъ (і҆́дѡльскихъ): и҆ не возвесели́сѧ раба̀ твоѧ̀ ѿ днѐ премѣ́ненїѧ моегѡ̀ да́же донн҃ѣ, то́чїю ѡ҆ тебѣ̀, гдⷭ҇и бж҃е а҆враа́мовъ: бж҃е, могі́й над̾ всѣ́ми, ᲂу҆слы́ши гла́съ безнаде́жныхъ, и҆ и҆зба́ви на́съ ѿ рꙋкѝ лꙋка́внꙋющихъ и҆ и҆зми́ мѧ ѿ стра́ха моегѡ̀.	blocked-ambiguous-homograph	surface belongs to multiple OCS lexeme paradigms; target identity must be resolved manually
12	32	пиръ	пи́ръ	noun	lexical-form	party	synodal:candidate:e702ff2a7886cfb2e5fc82b5	synodal:candidate:b137aabfe275c60435b8067c	Esther.1.9	И҆ а҆сті́нь цари́ца сотворѝ пи́ръ жена́мъ въ домꙋ̀ царе́вѣ, и҆дѣ́же ца́рь а҆ртаѯе́рѯъ.	blocked-ambiguous-homograph	surface belongs to multiple OCS lexeme paradigms; target identity must be resolved manually
13	31	ровъ	ро́въ	noun	lexical-form	hole, ditch	synodal:candidate:ddc87fde15cadc78c741e85d	synodal:candidate:67f7bee5e3a2d020957d1fd8	Dan.6.12	и҆ прише́дше рѣ́ша пред̾ царе́мъ: царю̀, не вчини́лъ ли є҆сѝ ты̀ предѣ́ла, ꙗ҆́кѡ да всѧ́къ человѣ́къ, и҆́же а҆́ще попро́ситъ ᲂу҆ всѧ́кагѡ бо́га и҆ человѣ́ка проше́нїѧ до три́десѧти дні́й, но то́чїю ᲂу҆ тебє̀, царю̀, да вве́ржетсѧ въ ро́въ ле́вскъ; И҆ речѐ ца́рь: и҆́стинно сло́во, и҆ за́повѣдь ми́дска и҆ пе́рсска не мимои́детъ.	blocked-ambiguous-homograph	surface belongs to multiple OCS lexeme paradigms; target identity must be resolved manually
14	29	сѣти	сѣ́ти	verb	lexical-form	to sow	synodal:candidate:90a0997dc00efa91eb6a84d4	synodal:candidate:9cbf79739107abd3ce529136	Eccles.9.12	Ꙗ҆́кѡ ᲂу҆́бѡ не разꙋмѣ̀ человѣ́къ вре́мене своегѡ̀: ꙗ҆́коже ры̑бы ᲂу҆ловлѧ́ємы во мре́жи ѕлѣ̀, и҆ а҆́ки пти̑цы ᲂу҆ловлѧ́ємы въ сѣ́ти: ꙗ҆́коже сїѧ̑, ᲂу҆ловлѧ́ютсѧ сы́нове человѣ́честїи во вре́мѧ лꙋка́во, є҆гда̀ нападе́тъ на нѧ̀ внеза́пꙋ.	blocked-ambiguous-homograph	surface belongs to multiple OCS lexeme paradigms; target identity must be resolved manually
15	26	пещи	пе́щи	verb	lexical-form	to bake; to care; to worry	synodal:candidate:39042ae8752367a95e290d0f	synodal:candidate:31a47b8abb6c36366b1641bd	Apoc.9.2	и҆ ѿве́рзе стꙋденца̀ бе́здны, и҆ взы́де ды́мъ ѿ стꙋденца̀ ꙗ҆́кѡ ды́мъ пе́щи вели́ки, и҆ ѡ҆ме́рче со́лнце и҆ воздꙋ́хъ ѿ ды́ма стꙋдени́чнагѡ.	blocked-ambiguous-homograph	surface belongs to multiple OCS lexeme paradigms; target identity must be resolved manually
16	24	ѡна	ѡ҆́на	pronoun	lexical-form	she	synodal:candidate:08f98d27deaeeb23b50a86a3	synodal:candidate:8233ae47623c1f15de24aa36	Acts.16.35	Дню́ же бы́вшꙋ, посла́ша воевѡ́ды па́личники, глаго́люще: ѿпꙋстѝ человѣ̑ка ѡ҆́на.	blocked-ambiguous-homograph	surface belongs to multiple OCS lexeme paradigms; target identity must be resolved manually
17	23	данъ	да́нъ	adjective	lexical-form	given	synodal:candidate:3ef2283960f6623cd8be53bb	synodal:candidate:814fd611a7300cb01bfe3595	Apoc.6.2	И҆ ви́дѣхъ, и҆ сѐ, ко́нь бѣ́лъ, и҆ сѣдѧ́й на не́мъ и҆мѣ́ѧше лꙋ́къ, и҆ да́нъ бы́сть є҆мꙋ̀ вѣне́цъ: и҆ и҆зы́де побѣжда́ѧй, и҆ да побѣди́тъ.	blocked-ambiguous-homograph	surface belongs to multiple OCS lexeme paradigms; target identity must be resolved manually
18	22	львѡвъ	львѡ́въ	adjective	lexical-form	lion's	synodal:candidate:f6598ce25bf6e61f4c6f6fb0	synodal:candidate:abb0c7dc2cb75d42aa1c0725	Dan.14.32	Бѧ́хꙋ же въ ро́вѣ се́дмь львѡ́въ, и҆ даѧ́хꙋ и҆̀мъ на де́нь два̀ тѣ̑ла и҆ двѣ̀ ѻ҆́вцы: тогда́ же не да́ша и҆̀мъ, да снѣдѧ́тъ данїи́ла.	blocked-ambiguous-homograph	surface belongs to multiple OCS lexeme paradigms; target identity must be resolved manually
19	16	видимъ	ви́димъ	adjective	lexical-form	visible	synodal:candidate:9766969fe0b158842a265c86	synodal:candidate:cb06f083ba0dbe9dcee509c3	Composite.8.54	[Матѳ 27:49] Про́чїи же глаго́лахꙋ: ѡ҆ста́ви, да ви́димъ, а҆́ще прїи́детъ и҆лїа̀ спастѝ є҆го̀.	blocked-ambiguous-homograph	surface belongs to multiple OCS lexeme paradigms; target identity must be resolved manually
20	16	видимъ	ви́димъ	verb	lexical-form	first-person plural imperative; first-person plural present indicative	synodal:candidate:acf926ff95d3d6540842277b	synodal:candidate:cb06f083ba0dbe9dcee509c3	Composite.8.54	[Матѳ 27:49] Про́чїи же глаго́лахꙋ: ѡ҆ста́ви, да ви́димъ, а҆́ще прїи́детъ и҆лїа̀ спастѝ є҆го̀.	blocked-ambiguous-homograph	surface belongs to multiple OCS lexeme paradigms; target identity must be resolved manually
21	14	женихъ	жени́хъ	noun	lexical-form	bridegroom	synodal:candidate:befa9ff16435e1eec79a9439	synodal:candidate:f98caab74077488685646837	I_Macc.9.39	и҆ воздви́гнꙋша ѻ҆́чи своѝ и҆ ви́дѣша, и҆ сѐ, пли́щь и҆ ᲂу҆гото́ванїе мно́гое, и҆ жени́хъ и҆зы́де и҆ дрꙋ́зи є҆гѡ̀ и҆ бра́тїѧ є҆гѡ́ бо срѣ́тенїе и҆̀мъ съ тѷмпа̑ны и҆ мꙋсїкі́ами и҆ ѻ҆рꙋ̑жїи мно́гими:	blocked-ambiguous-homograph	surface belongs to multiple OCS lexeme paradigms; target identity must be resolved manually
22	12	стража	стра́жа	noun	lexical-form	guard	synodal:candidate:e3292b9bf0b71170b4d9ebd9	synodal:candidate:7a4853eebad43e0924a88df9	Ezek.3.17	сы́не человѣ́чь, стра́жа да́хъ тѧ̀ до́мꙋ і҆и҃левꙋ, да слы́шиши сло́во ѿ ᲂу҆́стъ мои́хъ и҆ воспрети́ши и҆̀мъ ѿ менє̀.	blocked-ambiguous-homograph	surface belongs to multiple OCS lexeme paradigms; target identity must be resolved manually
23	11	видомъ	ви́домъ	adjective	lexical-form	visible	synodal:candidate:fa022cf4980bfe92490635bd	synodal:candidate:6f0324579d33a6e2dab5b5a7	Gen.29.17	Ѻ҆́чи же лі̑ины болѣ́знєнны: рахи́ль же бѣ̀ добра̀ ви́домъ и҆ красна̀ взо́ромъ ѕѣлѡ̀.	blocked-ambiguous-homograph	surface belongs to multiple OCS lexeme paradigms; target identity must be resolved manually
24	10	мощи	мощѝ	noun	lexical-form	relics	synodal:candidate:3039f06bb6681299be642063	synodal:candidate:af941c5aa8e92f27b7629e90	Deut.28.27	Да порази́тъ тѧ̀ гдⷭ҇ь вре́домъ є҆гѵ́петскимъ въ сѣда́лищахъ и҆ кра́стою ди́вїею и҆ све́рбомъ, ꙗ҆́кѡ не мощѝ тебѣ̀ и҆сцѣли́тисѧ.	blocked-ambiguous-homograph	surface belongs to multiple OCS lexeme paradigms; target identity must be resolved manually
25	9	мѣрило	мѣ́рило	noun	lexical-form	balance (the instrument)	synodal:candidate:29d5a9752245c938bccf40ef	synodal:candidate:9ec4ce51fb5a96b0211f3f28	Amos.8.5	глаго́лющїи: когда̀ пре́йдетъ мцⷭ҇ъ, и҆ прода́мы, и҆ (когда̀ пре́йдꙋтъ) сꙋббѡ̑ты, и҆ ѿве́рземъ сокрѡ́вища на̑ша, є҆́же сотвори́ти мѣ́рꙋ ма́лꙋ, и҆ ᲂу҆вели́чити мѣ́рило, и҆ сотвори́ти вѣ́съ непра́веденъ,	blocked-ambiguous-homograph	surface belongs to multiple OCS lexeme paradigms; target identity must be resolved manually
26	7	колъ	ко́лъ	noun	lexical-form	stake	synodal:candidate:5eebfb0d4930cd0f61576aab	synodal:candidate:8d9e0afaca8b26cad5b68d8d	Ezek.15.3	А҆́ще во́змꙋтъ ѿ негѡ̀ дре́во, є҆́же сотвори́ти дѣ́ло; и҆ а҆́ще во́змꙋтъ ко́лъ ѿ негѡ̀, є҆́же ѡ҆бѣ́сити на не́мъ кі́й-либо сосꙋ́дъ;	blocked-ambiguous-homograph	surface belongs to multiple OCS lexeme paradigms; target identity must be resolved manually
27	7	пира	пи́ра	noun	lexical-form	bag	synodal:candidate:4932bb00ee4aa1684a73c4b9	synodal:candidate:1246990adae6e6c1c2f361b6	Esther.1.5	И҆ є҆гда̀ и҆спо́лнишасѧ дні́е пи́ра, сотворѝ ца́рь пи́ршество ꙗ҆зы́кѡмъ ѡ҆брѣ́тшымсѧ во гра́дѣ (сꙋ́сѣхъ) на дні́й ше́сть во дворѣ̀ до́мꙋ царе́ва,	blocked-ambiguous-homograph	surface belongs to multiple OCS lexeme paradigms; target identity must be resolved manually
28	6	ключь	клю́чь	noun	lexical-form	key	synodal:candidate:a386d89489805d56e02904fa	synodal:candidate:8457da24089db71039b184cf	Apoc.3.7	И҆ а҆́гг҃лꙋ фїладелфі́йскїѧ цр҃кве напишѝ: та́кѡ гл҃етъ ст҃ы́й и҆́стинный, и҆мѣ́ѧй клю́чь дв҃довъ, ѿверза́ѧй, и҆ никто́же затвори́тъ, затворѧ́ѧй, и҆ никто́же ѿве́рзетъ:	blocked-ambiguous-homograph	surface belongs to multiple OCS lexeme paradigms; target identity must be resolved manually
29	6	подвигъ	по́двигъ	noun	lexical-form	feat, effort, struggle	synodal:candidate:58ac9524c3f57ec19a850f72	synodal:candidate:a734f70e1e9c7128de4ab122	Col.2.1	(Зача́ло 253) Хощꙋ̀ ᲂу҆́бѡ ва́съ вѣ́дѣти, коли́къ по́двигъ и҆́мамъ ѡ҆ ва́съ и҆ ѡ҆ сꙋ́щихъ въ лаодїкі́и и҆ во і҆ерапо́ли, и҆ є҆ли́цы не ви́дѣша лица̀ моегѡ̀ во пло́ти,	blocked-ambiguous-homograph	surface belongs to multiple OCS lexeme paradigms; target identity must be resolved manually
30	4	кадило	кади́ло	noun	lexical-form	incense	synodal:candidate:8b6b97af0e66a92a15bfc22f	synodal:candidate:4be556911444c89f99e1408c	Isa.1.13	И҆ а҆́ще принесе́те мѝ семїда́лъ, всꙋ́е: кади́ло ме́рзость мѝ є҆́сть.	blocked-ambiguous-homograph	surface belongs to multiple OCS lexeme paradigms; target identity must be resolved manually
31	4	расти	растѝ	verb	lexical-form	to grow	synodal:candidate:0d25e7e03ae426286cd5c3f9	synodal:candidate:d5d792d5c473112dbe4d62fb	Jn.3.30	ѻ҆́номꙋ подоба́етъ растѝ, мнѣ́ же ма́литисѧ.	blocked-ambiguous-homograph	surface belongs to multiple OCS lexeme paradigms; target identity must be resolved manually
32	3	теплъ	те́плъ	adjective	lexical-form	warm	synodal:candidate:16640217c63b773e87751e0d	synodal:candidate:0fcf21050f6192112f02f6e8	Apoc.3.15	вѣ́мъ твоѧ̑ дѣла̀, ꙗ҆́кѡ ни стꙋде́нъ є҆сѝ ни те́плъ: не да стꙋде́нъ бы бы́лъ ни те́плъ .	blocked-ambiguous-homograph	surface belongs to multiple OCS lexeme paradigms; target identity must be resolved manually
33	3	ладїи	ладїи̑	noun	lexical-form	boat; ship	synodal:candidate:1f4f71da1a5b6276680df968	synodal:candidate:dd1fe0be11d72729bbf8a7ba	II_Macc.12.6	прїи́де на скверноꙋбі́йцъ бра́тїй є҆гѡ̀, и҆ приста̑нища но́щїю сожжѐ, и҆ ладїи̑ попалѝ, и҆збѣ́гшихъ же ѿ ѻ҆гнѧ̀ закла̀.	blocked-ambiguous-homograph	surface belongs to multiple OCS lexeme paradigms; target identity must be resolved manually
34	3	ѡграда	ѡ҆гра́да	noun	lexical-form	enclosure; fence	synodal:candidate:1f1ec9a47a18a121a5535721	synodal:candidate:2ab9d845bcc93b4768484f51	Ezek.40.5	И҆ сѐ, ѡ҆гра́да внѣꙋ́дꙋ ѡ҆́крестъ хра́ма, и҆ въ рꙋцѣ̀ мꙋ́жа мѣ́ра тро́стѧна шестѝ лакѡ́тъ въ ла́коть шестодла́нный, и҆ и҆змѣ́ри предстѣ́нїе ширинꙋ̀ ра́внѡ тро́сти, и҆ высотꙋ̀ є҆гѡ̀ ра́внѡ тро́сти.	blocked-ambiguous-homograph	surface belongs to multiple OCS lexeme paradigms; target identity must be resolved manually
35	3	ѡградъ	ѡ҆гра́дъ	noun	lexical-form	plot; fence, enclosure	synodal:candidate:e0c589508e7a91b8e992a80c	synodal:candidate:34b64859177c5b30e00ea790	Isa.58.12	И҆ сози́ждꙋтсѧ пꙋсты̑ни твоѧ̑ вѣ̑чныѧ, и҆ бꙋ́дꙋтъ ѡ҆снова̑нїѧ твоѧ̑ вѣ̑чнаѧ родѡ́мъ родѡ́въ: и҆ прозове́шисѧ зда́тель ѡ҆гра́дъ, и҆ стєзѝ твоѧ̑ посредѣ̀ ᲂу҆поко́иши.	blocked-ambiguous-homograph	surface belongs to multiple OCS lexeme paradigms; target identity must be resolved manually
36	3	ꙗсли	ꙗ҆́сли	noun	lexical-form	manger	synodal:candidate:811065940a27594417284dc9	synodal:candidate:ff220d2703be4c5005d95a8f	II_Paral.32.28	и҆ жи̑тницы жи̑тъ, пшени́цы и҆ вїна̀ и҆ є҆ле́а, и҆ се́ла, и҆ ꙗ҆́сли всѧ́комꙋ скотꙋ̀, и҆ ѡ҆гра̑ды стадѡ́мъ,	candidate-unreviewed	requires human confirmation of target identity, sense continuity, and morphological status
37	3	бесѣдовати	бесѣ́довати	verb	lexical-form	to talk	synodal:candidate:ce87c8ad2d7dde5b485e0464	synodal:candidate:79d1f8c60d99b3ef5808493c	I_Macc.11.22	И҆ слы́шавъ разгнѣ́васѧ: є҆гда́ же слы́ша, ско́рѡ прїи́де во птолемаі́дꙋ и҆ написа̀ ко і҆ѡнаѳа́нꙋ, да не ѡ҆бстои́тъ краегра́дїѧ, но да и҆́детъ во срѣ́тенїе є҆мꙋ̀ тща́тельнѡ во птолемаі́дꙋ, є҆́же бесѣ́довати съ ни́мъ.	candidate-unreviewed	requires human confirmation of target identity, sense continuity, and morphological status
38	3	ловити	лови́ти	verb	lexical-form	to hunt, to catch	synodal:candidate:5e5819cfa3d792ed3fd93406	synodal:candidate:642383c8190269d962155bbd	Gen.25.27	Возрасто́ша же ю҆́нѡши: и҆ бы́сть и҆са́ѵъ человѣ́къ вѣ́дый лови́ти, се́льный: і҆а́кѡвъ же бы́сть человѣ́къ нелꙋка́въ, живы́й въ домꙋ̀.	candidate-unreviewed	requires human confirmation of target identity, sense continuity, and morphological status
39	3	мимоити	мимоитѝ	verb	lexical-form	to pass; to pass away	synodal:candidate:ec73404e06d07251f2af5c4d	synodal:candidate:b5890b7709b45c1d253e490e	Amos.7.8	И҆ речѐ гдⷭ҇ь ко мнѣ̀: что̀ ты̀ ви́диши, а҆мѡ́се; И҆ рѣ́хъ: а҆дама́нтъ. И҆ речѐ гдⷭ҇ь ко мнѣ̀: сѐ, а҆́зъ ᲂу҆чиню̀ а҆дама́нта средѣ̀ люді́й мои́хъ і҆и҃лѧ, ктомꙋ̀ не приложꙋ̀, є҆́же мимоитѝ є҆го̀:	candidate-unreviewed	requires human confirmation of target identity, sense continuity, and morphological status
40	3	плѧсати	плѧса́ти	verb	lexical-form	dance	synodal:candidate:c2cfa915a4b2350ac713abfd	synodal:candidate:2a77d5d77096426b6d52cf54	II_Kings.6.21	И҆ речѐ даві́дъ къ мелхо́лѣ: пред̾ гдⷭ҇емъ плѧса́ти бꙋ́дꙋ: и҆ блгⷭ҇ве́нъ гдⷭ҇ь, и҆́же и҆збра́ мѧ па́че ѻ҆тца̀ твоегѡ̀ и҆ па́че всегѡ̀ до́мꙋ є҆гѡ̀, поста́вити мѧ̀ властели́на над̾ людьмѝ свои́ми над̾ і҆и҃лемъ, и҆ бꙋ́дꙋ и҆гра́ти и҆ плѧса́ти пред̾ гдⷭ҇емъ:	candidate-unreviewed	requires human confirmation of target identity, sense continuity, and morphological status
41	3	страдати	страда́ти	verb	lexical-form	to anguish; to suffer	synodal:candidate:cf09dd27bd7ec0883f3c1b79	synodal:candidate:93dc99d1944e3df4649f5c7a	Heb.9.26	поне́же подоба́ше бы є҆мꙋ̀ мно́жицею страда́ти ѿ сложе́нїѧ мі́ра: нн҃ѣ же є҆ди́ною въ кончи́нꙋ вѣкѡ́въ, во ѿмета́нїе грѣха̀, же́ртвою свое́ю ꙗ҆ви́сѧ.	candidate-unreviewed	requires human confirmation of target identity, sense continuity, and morphological status
42	3	строити	стро́ити	verb	lexical-form	to arrange, manage; to build	synodal:candidate:8b35ba035f358e53296dc318	synodal:candidate:bf7b741e76f91cf0c05fe850	I_Tim.5.14	Хощꙋ̀ ᲂу҆̀бо ю҆́нымъ вдови́цамъ посѧга́ти, ча̑да ражда́ти, до́мъ стро́ити, ни є҆ди́ны же вины̀ даѧ́ти проти́вномꙋ хꙋлы̀ ра́ди:	candidate-unreviewed	requires human confirmation of target identity, sense continuity, and morphological status
43	3	ѡстати	ѡ҆ста́ти	verb	lexical-form	to remain	synodal:candidate:be6569dc7e9752edede9a015	synodal:candidate:fa31604ba83898016112e5ea	Mk.13.2	И҆ ѿвѣща́въ і҆и҃съ речѐ є҆мꙋ̀: ви́диши ли сїѧ̑ вели̑каѧ зда̑нїѧ; не и҆́мать ѡ҆ста́ти здѣ̀ ка́мень на ка́мени, и҆́же не разори́тсѧ.	candidate-unreviewed	requires human confirmation of target identity, sense continuity, and morphological status
44	2	адовъ	а҆́довъ	adjective	lexical-form	hell (relational adjective)	synodal:candidate:2e4010bed90a85216e463994	synodal:candidate:a85c817278cd48c35f4a73fe	Sirach.14.12	помѧнѝ, ꙗ҆́кѡ сме́рть не заме́длитъ, и҆ завѣ́тъ а҆́довъ не пока́занъ тѝ бы́сть.	candidate-unreviewed	requires human confirmation of target identity, sense continuity, and morphological status
45	2	дрѧхлъ	дрѧ́хлъ	adjective	lexical-form	sad	synodal:candidate:7c8a84abbe611d4bace90b01	synodal:candidate:798a98cf786a9b9f0825a893	Isa.57.17	За грѣ́хъ ма́лѡ что̀ ѡ҆печа́лихъ є҆го̀ и҆ порази́хъ є҆го̀ и҆ ѿврати́хъ лицѐ моѐ ѿ негѡ̀: и҆ ѡ҆печа́лисѧ и҆ по́йде дрѧ́хлъ во пꙋте́хъ свои́хъ.	candidate-unreviewed	requires human confirmation of target identity, sense continuity, and morphological status
46	2	лѣнивъ	лѣни́въ	adjective	lexical-form	lazy, indolent	synodal:candidate:9b3d522859b920c56b7081a1	synodal:candidate:2e45c512619594a38fb22813	Prov.6.11	пото́мъ же на́йдетъ тебѣ̀ а҆́ки ѕо́лъ пꙋ́тникъ ᲂу҆бо́жество: скꙋ́дость же а҆́ки благі́й тече́цъ. А҆́ще же не лѣни́въ бꙋ́деши, прїи́детъ ꙗ҆́кѡ и҆сто́чникъ жа́тва твоѧ̀, скꙋ́дость же а҆́ки ѕлы́й тече́цъ (ѿ тебє̀) ѿбѣжи́тъ.	candidate-unreviewed	requires human confirmation of target identity, sense continuity, and morphological status
47	2	радъ	ра́дъ	adjective	lexical-form	glad; merry	synodal:candidate:6c5324cf0d3f5ebae19014e3	synodal:candidate:04f6feae95862dcb89a2f97c	Jn.8.56	а҆враа́мъ ѻ҆те́цъ ва́шъ ра́дъ бы бы́лъ, дабы̀ ви́дѣлъ де́нь мо́й: и҆ ви́дѣ и҆ возра́довасѧ.	candidate-unreviewed	requires human confirmation of target identity, sense continuity, and morphological status
48	2	синь	си́нь	adjective	lexical-form	blue; dark, blackish, turbid	synodal:candidate:a71bbb7fccf768080c64a4e1	synodal:candidate:ae6f20a67fb462b911f9611f	Ex.36.8	И҆ сотворѝ всѧ́къ премꙋ́дрый въ дѣ́лающихъ ри̑зы ст҃ы́ни, ꙗ҆̀же сꙋ́ть а҆арѡ́нꙋ і҆ере́ю, ꙗ҆́коже заповѣ́да гдⷭ҇ь мѡѷсе́ю. И҆ сотвори́ша ри́зꙋ ве́рхнюю ѿ зла́та и҆ синеты̀, и҆ багрѧни́цы и҆ червлени́цы прѧ́дены и҆ вѷссо́на ска́нагѡ: и҆ и҆зрѣ́заша дщи̑цы зла̑ты а҆́ки власы̀, є҆́же сотка́ти съ синето́ю и҆ съ багрѧни́цею, и҆ съ червлени́цею прѧ́деною и҆ съ вѷссо́номъ ска́нымъ: дѣ́ло тка́ное сотвори́ша є҆̀. Ри̑зы вє́рхнїѧ придержа́щыѧсѧ ѿ ѻ҆бои́хъ стра́нъ, дѣ́ло тка́нно, междꙋ̀ собо́ю сплете́но: ѿ негѡ̀ сотвори́ша є҆̀ по є҆гѡ̀ творе́нїю, ѿ зла́та и҆ синеты̀, и҆ багрѧни́цы и҆ червлени́цы спрѧ́дены и҆ вѷссо́на ска́нагѡ, ꙗ҆́коже заповѣ́да гдⷭ҇ь мѡѷсе́ю. И҆ сотвори́ша ѻ҆́ба ка́мєни смара́гдѡвы состє́ганы ве́рвїю и҆ ѡ҆бложєны̀ зла́томъ, и҆зва̑ѧны и҆ вы̑рѣзаны ваѧ́нїемъ печа́ти, ѿ и҆ме́нъ сынѡ́въ і҆и҃левыхъ: и҆ возложи́ша ѧ҆̀ на ра́мена ри́зы ве́рхнїѧ ка́менїе въ па́мѧть сынѡ́въ і҆и҃левыхъ, ꙗ҆́коже заповѣ́да гдⷭ҇ь мѡѷсе́ю. И҆ сотвори́ша сло́во , дѣ́ло тка́нно пестрото́ю, по дѣ́лꙋ ри́зы ве́рхнїѧ, ѿ зла́та и҆ синеты̀, и҆ багрѧни́цы и҆ червлени́цы спрѧ́дены и҆ вѷссо́на ска́нагѡ, четвероꙋго́льно сꙋгꙋ́бо сотвори́ша логі́онъ пѧ́ди въ долготꙋ̀, и҆ пѧ́ди въ широтꙋ̀, сꙋгꙋ́бо: и҆ сши́ста на не́мъ шве́нїемъ по трѝ ка́мєни четы́рьми рѧды̑: рѧ́дъ ка́менїй: сарді́й и҆ топа́зїй и҆ смара́гдъ, рѧ́дъ є҆ди́нъ: и҆ рѧ́дъ вторы́й, а҆́нѳраѯъ и҆ сапфі́ръ и҆ і҆а́спїсъ: и҆ рѧ́дъ тре́тїй, лїгѵ́рїй и҆ а҆ха́тъ и҆ а҆меѳѵ́стъ: и҆ рѧ́дъ четве́ртый, хрѷсолі́ѳъ и҆ вирѵ́ллїй и҆ ѻ҆нѵ́хїй, ѡ҆кѡ́ваны ѡ҆́колѡ зла́томъ и҆ всажде́ни въ зла́тѣ: и҆ ка́менїе бѧ́хꙋ ѿ и҆ме́нъ сынѡ́въ і҆и҃левыхъ двана́десѧть, по и҆мена́мъ и҆́хъ и҆зва́ѧно въ печа̑ти, кі́йждо свои́мъ и҆́менемъ въ двана́десѧть племе́нъ. И҆ сотвори́ша над̾ логі́ономъ тре́сны сплетє́ны, дѣ́ло плете́ное ѿ зла́та чи́ста: и҆ сотвори́ша два̀ щитца̑ зла̑та и҆ два̀ кѡльца̀ зла̑та, и҆ возложи́ша два̀ кѡльца̀ зла̑та на ѻ҆́ба кѡнца̀ логі́она: и҆ вложи́ша плетени̑цы зла̑ты въ ко́льца, со ѻ҆бои́хъ стра́нъ логі́она, и҆ въ два̀ сложє́нїѧ двѣ̀ плетени̑цы, и҆ возложи́ша на два̀ щитца̑: и҆ возложи́ша на ра́мена ри́зы ве́рхнїѧ, проти́вꙋ лице́мъ къ лицꙋ̀. И҆ сотвори́ша два̀ кѡльца̀ зла̑та, и҆ возложи́ша на два̀ кри́ла на кра́й логі́она, и҆ на кра́й созадѝ ве́рхнїѧ ри́зы, внꙋтрьꙋ́дꙋ: и҆ сотвори́ша два̀ кѡльца̀ зла̑та, и҆ положи́ша на ѻ҆́ба ра́мена ри́зы ве́рхнїѧ съ ни́зꙋ є҆гѡ̀ на лицѣ̀ по согбе́нїю свы́ше соста́ва ри́зы ве́рхнїѧ: и҆ стѧгнꙋ́ша логі́онъ ко́льцами, ꙗ҆̀же на не́мъ, съ ко́льцами ве́рхнїѧ ри́зы сложе́ными, и҆з̾ синеты̀ сплете́нными, во тка́нїе ри́зы ве́рхнїѧ , да не низпꙋска́етсѧ логі́онъ ѿ ри́зы ве́рхнїѧ, ꙗ҆́коже заповѣ́да гдⷭ҇ь мѡѷсе́ю. И҆ сотвори́ша и҆спо́днюю ри́зꙋ , ꙗ҆́же под̾ ве́рхнюю, дѣ́ло тка́нно, всѐ си́нее: ѡ҆жере́лїе же во внꙋ́треннѣй ри́зѣ , на средѣ̀ шве́нно, сплетено̀, ѡ҆ме́ты и҆мꙋ́що ѡ҆́колѡ ѡ҆жере́лїе неразлꙋче́но. И҆ сотвори́ша на ѡ҆ме́тѣ ри́зы внꙋ́треннїѧ до́лꙋ ꙗ҆́кѡ процвѣта́ющагѡ ши́пка пꙋ̑гвицы ѿ синеты̀ и҆ багрѧни́цы, и҆ червлени́цы прѧ́дены и҆ вѷссо́на ска́нагѡ. И҆ сотвори́ша звонцы̀ зла̑ты, и҆ возложи́ша звонцы̀ на ѡ҆ме́ты ри́зы внꙋ́треннїѧ ѡ҆́крестъ междꙋ̀ пꙋ́гвицами: звоне́цъ зла́тъ и҆ пꙋ́гвица на ѡ҆ме́тѣ внꙋ́треннїѧ ри́зы ѡ҆́крестъ, къ слꙋже́нїю, ꙗ҆́коже повелѣ̀ гдⷭ҇ь мѡѷсе́ю. И҆ сотвори́ша ри̑зы вѷссѡ́нныѧ дѣ́ло тка́нно, а҆арѡ́нꙋ и҆ сынѡ́мъ є҆гѡ̀, и҆ клобꙋкѝ и҆з̾ вѷссо́на, и҆ ᲂу҆вѧ́сло и҆з̾ вѷссо́на, и҆ надра̑ги и҆з̾ вѷссо́на ска́нагѡ, и҆ по́ѧсы и҆́хъ и҆з̾ вѷссо́на и҆ синеты̀, и҆ багрѧни́цы и҆ червлени́цы прѧ́дены, дѣ́ло пестрѧ́щагѡ, ꙗ҆́коже заповѣ́да гдⷭ҇ь мѡѷсе́ю. И҆ сотвори́ша дщи́цꙋ зла́тꙋ, ѿдѣле́нїе ст҃ы́ни ѿ зла́та чи́ста, и҆ написа́ша на не́й пи́смена и҆зва̑ѧна печа́тїю: ѡ҆сщ҃е́нїе гдⷭ҇ꙋ: и҆ возложи́ша ю҆̀ на ѡ҆ме́тъ си́нь, є҆́же бы лежа́ти на ᲂу҆вѧ́слѣ свы́ше, ꙗ҆́коже заповѣ́да гдⷭ҇ь мѡѷсе́ю.	blocked-ambiguous-homograph	surface belongs to multiple OCS lexeme paradigms; target identity must be resolved manually
49	2	сланъ	сла́нъ	adjective	lexical-form	salty	synodal:candidate:6d6967abdd64ce8a3defc5b5	synodal:candidate:0a95a7407f6dbbc2ae8453b1	Gen.19.26	И҆ ѡ҆зрѣ́сѧ жена̀ є҆гѡ̀ вспѧ́ть, и҆ бы́сть сто́лпъ сла́нъ.	blocked-ambiguous-homograph	surface belongs to multiple OCS lexeme paradigms; target identity must be resolved manually
50	2	храбръ	хра́бръ	adjective	lexical-form	brave	synodal:candidate:9552ef13f676bbf4f6e8e940	synodal:candidate:12cb65779f4a1fb3249c6e57	Joel.3.11	совокꙋплѧ́йтесѧ и҆ входи́те, всѝ ꙗ҆зы́цы ѡ҆́крестъ, и҆ собери́тесѧ тꙋ̀: кро́ткїй да бꙋ́детъ хра́бръ.	candidate-unreviewed	requires human confirmation of target identity, sense continuity, and morphological status
51	2	инамѡ	и҆на́мѡ	adverb	indeclinable	in another place	synodal:candidate:9e4eaead7b584acaf97261e3	synodal:candidate:114207c55435749dc4244570	Jerem.48.27	И҆ а҆́ще не въ посмѣ́хъ бы́сть тебѣ̀ і҆и҃ль, а҆́ще въ та́тствѣ твое́мъ ѡ҆брѣ́тесѧ, ꙗ҆́кѡ воева́лъ є҆сѝ є҆го̀: пресели́шисѧ и҆на́мѡ.	candidate-unreviewed	requires human confirmation of target identity, sense continuity, and morphological status
52	2	колиждо	коли́ждо	adverb	indeclinable	if; so ever; when	synodal:candidate:feb1a0f115f67d20ae9de03c	synodal:candidate:2c7bf2a5c6d27407f08f52b9	Mk.9.18	и҆ и҆дѣ́же коли́ждо и҆́метъ є҆го̀, разбива́етъ є҆го̀, и҆ пѣ̑ны тещи́тъ, и҆ скреже́щетъ зꙋбы̀ свои́ми, и҆ ѡ҆цѣпенѣва́етъ: и҆ рѣ́хъ ᲂу҆чн҃кѡ́мъ твои̑мъ, да и҆зженꙋ́тъ є҆го̀, и҆ не возмого́ша.	candidate-unreviewed	requires human confirmation of target identity, sense continuity, and morphological status
53	2	седмицею	седми́цею	adverb	indeclinable	seven times	synodal:candidate:5febf44c8ca9b47c45c186ef	synodal:candidate:7b0ea2f1aa15350d1906ac51	Gen.4.24	ꙗ҆́кѡ седми́цею ѿмсти́сѧ ѿ ка́їна, ѿ ламе́ха же се́дмьдесѧтъ седми́цею.	candidate-unreviewed	requires human confirmation of target identity, sense continuity, and morphological status
54	2	архїтрїклінъ	а҆рхїтрїклі́нъ	noun	lexical-form	master of the banquet	synodal:candidate:e5333867ac7d874e7a1e6244	synodal:candidate:af5a7ce981841a9517b7b403	Jn.2.9	Ꙗ҆́коже вкꙋсѝ а҆рхїтрїклі́нъ вїна̀ бы́вшагѡ ѿ воды̀, и҆ не вѣ́дѧше, ѿкꙋ́дꙋ є҆́сть: слꙋги̑ же вѣ́дѧхꙋ поче́рпшїи во́дꙋ: пригласѝ жениха̀ а҆рхїтрїклі́нъ	candidate-unreviewed	requires human confirmation of target identity, sense continuity, and morphological status
55	2	баба	ба́ба	noun	lexical-form	grandmother; midwife; wet nurse	synodal:candidate:29e05ba8f2e72618286db910	synodal:candidate:0dd443cf2fbd57b571b1da99	Gen.35.17	бы́сть же внегда̀ же́стокѡ є҆́й роди́ти, речѐ є҆́й ба́ба: дерза́й, и҆́бо се́й тебѣ̀ є҆́сть сы́нъ.	candidate-unreviewed	requires human confirmation of target identity, sense continuity, and morphological status
56	2	бичь	би́чь	noun	lexical-form	whip	synodal:candidate:eb21827c4c03af15ed83eac9	synodal:candidate:990389a10042212fbb1cf3e7	Jn.2.15	И҆ сотвори́въ би́чь ѿ ве́рвїй, всѧ̑ и҆згна̀ и҆з̾ це́ркве, ѻ҆́вцы и҆ волы̀: и҆ торжникѡ́мъ разсы́па пѣ̑нѧзи и҆ дски̑ ѡ҆прове́рже:	candidate-unreviewed	requires human confirmation of target identity, sense continuity, and morphological status
57	2	блато	бла́то	noun	lexical-form	quagmire; swamp	synodal:candidate:4ac4a347fe9f9db325008979	synodal:candidate:13406145e9ff300f9f0fe40a	I_Macc.9.45	се́ бо, бра́нь проти́вꙋ на́съ и҆ созадѝ на́съ: вода́ же і҆ѻрда́нскаѧ сю́дꙋ и҆ сю́дꙋ, и҆ бла́то и҆ лѣ́съ, и҆ нѣ́сть мѣ́ста, є҆́же ᲂу҆клони́тисѧ:	candidate-unreviewed	requires human confirmation of target identity, sense continuity, and morphological status
58	2	брада	брада̀	noun	lexical-form	beard	synodal:candidate:9b39ca1010000b2ce1cc98e3	synodal:candidate:93bc27b64d44354d860d70a6	Jerem.48.37	Всѧ́ка бо глава̀ на всѧ́цѣмъ мѣ́стѣ ѡ҆стри́жена бꙋ́детъ, и҆ всѧ́ка брада̀ ѡ҆бро́снетсѧ, и҆ всѧ́ка рꙋка̀ посѣ́чена бꙋ́детъ, и҆ на всѧ́цѣмъ чре́слѣ вре́тище,	candidate-unreviewed	requires human confirmation of target identity, sense continuity, and morphological status
59	2	бритва	бри́тва	noun	lexical-form	razor	synodal:candidate:98193417ee3896fe973b0f32	synodal:candidate:8724a7a5c17e0e85fab640f2	Num.6.5	Во всѧ̑ дни̑ ѡ҆бѣ́та ѡ҆чище́нїѧ своегѡ̀ бри́тва да не взы́детъ на главꙋ̀ є҆гѡ̀, до́ндеже сконча́ютсѧ дні́е, є҆ли̑ки ѡ҆бѣща́лъ є҆́сть гдⷭ҇ꙋ: ст҃ъ бꙋ́детъ растѧ́й власы̀ главы̀ своеѧ̀.	candidate-unreviewed	requires human confirmation of target identity, sense continuity, and morphological status
60	2	вельможа	вельмо́жа	noun	lexical-form	aristocrat	synodal:candidate:24305800f407fe23bfbd2ac3	synodal:candidate:15787fa4d0e4e8ca5fa30a96	II_Esdra.4.49	писа́ же и҆ всѣ̑мъ і҆ꙋде́ѡмъ восходѧ́щымъ ѿ ца́рства во і҆ꙋде́ю ѡ҆ свобо́дѣ, да всѧ́къ си́льный и҆ вельмо́жа, и҆ намѣ́стникъ и҆ прави́тель не прихо́дитъ ко вратѡ́мъ и҆́хъ,	candidate-unreviewed	requires human confirmation of target identity, sense continuity, and morphological status
61	2	вепрь	ве́прь	noun	lexical-form	boar	synodal:candidate:a66f00bcc74587ffb8b0c930	synodal:candidate:3a27c677547772146d19b0c0	II_Kings.17.8	И҆ речѐ хꙋсі́й: ты̀ вѣ́си ѻ҆тца̀ твоего̀ и҆ мꙋже́й є҆гѡ̀, ꙗ҆́кѡ си́льни сꙋ́ть ѕѣлѡ̀, и҆ гнѣвли́ви дꙋша́ми свои́ми, ꙗ҆́кѡ медвѣ́дица ча̑дъ лише́наѧ на селѣ̀, и҆ а҆́ки ве́прь свирѣ́пый на по́ли: и҆ ѻ҆те́цъ тво́й мꙋ́жъ боре́цъ, и҆ не да́стъ почи́ти лю́демъ:	candidate-unreviewed	requires human confirmation of target identity, sense continuity, and morphological status
62	2	година	годи́на	noun	lexical-form	hour; time, suitable time	synodal:candidate:e7e24f4e68424e8c3ea6d4ea	synodal:candidate:7fa7a567df1994c62d2b2a32	I_Jn.2.18	(Заⷱ҇ 71) Дѣ́ти, послѣ́днѧѧ годи́на є҆́сть. И҆ ꙗ҆́коже слы́шасте, ꙗ҆́кѡ а҆нті́хрїстъ грѧде́тъ, и҆ нн҃ѣ а҆нті́хрїсти мно́зи бы́ша, ѿ сегѡ̀ разꙋмѣва́емъ, ꙗ҆́кѡ послѣ́днїй ча́съ є҆́сть.	candidate-unreviewed	requires human confirmation of target identity, sense continuity, and morphological status
63	2	динарь	дина́рь	noun	lexical-form	dinar	synodal:candidate:86d40673ff07bb7f2dee1191	synodal:candidate:c003be844e4398b5be0a64e9	Apoc.6.6	И҆ слы́шахъ гла́съ посредѣ̀ четы́рехъ живо́тныхъ глаго́лющїй: мѣ́ра пшени́цы за дина́рь и҆ трѝ мѣ̑ры ꙗ҆чме́нѧ за дина́рь: и҆ є҆ле́а и҆ вїна̀ не вредѝ.	candidate-unreviewed	requires human confirmation of target identity, sense continuity, and morphological status
64	2	дира	дира̀	noun	lexical-form	hole	synodal:candidate:982c45dadd5b9de8721c6e79	synodal:candidate:ca95578e0c8c0a2ae9af2e9a	Mk.2.21	и҆ никто́же приложе́нїѧ пла́та небѣ́лена пришива́етъ къ ри́зѣ ве́тсѣ: а҆́ще ли же нѝ, во́зметъ коне́цъ є҆гѡ̀ но́вое ѿ ве́тхагѡ , и҆ го́рша дира̀ бꙋ́детъ:	candidate-unreviewed	requires human confirmation of target identity, sense continuity, and morphological status
65	2	жидовинъ	жидови́нъ	noun	lexical-form	a Jew	synodal:candidate:e847e36f5cbebadd3e2e13fb	synodal:candidate:154dd62494f3af04f66f5830	Jn.4.9	Глаго́ла є҆мꙋ̀ жена̀ самарѧны́нѧ: ка́кѡ ты̀ жидови́нъ сы́й ѿ менє̀ пи́ти про́сиши, жены̀ самарѧны́ни сꙋ́щей; не прикаса́ютбосѧ жи́дове самарѧ́нѡмъ.	candidate-unreviewed	requires human confirmation of target identity, sense continuity, and morphological status
66	2	жила	жила̀	noun	lexical-form	tendon; vein	synodal:candidate:21f1145083169394093e0ea6	synodal:candidate:942db658bc9cb2e59c8dbaa9	Ezek.16.22	Сїѐ па́че всѧ́кагѡ блꙋда̀ твоегѡ̀ и҆ гнꙋ́сностей твои́хъ: и҆ не помѧнꙋ́ла є҆сѝ дні́й младе́нства твоегѡ̀, є҆гда̀ была̀ є҆сѝ нага̀ и҆ без̾ѡбра́зна, и҆ смѣ́шена во кро́ви твое́й жила̀ є҆сѝ.	candidate-unreviewed	requires human confirmation of target identity, sense continuity, and morphological status
67	2	житель	жи́тель	noun	lexical-form	inhabitant	synodal:candidate:0b44e7c4b8dc152051454587	synodal:candidate:396fdedb754bde0c19dac854	Acts.21.39	Рече́ же па́ѵелъ: а҆́зъ человѣ́къ ᲂу҆́бѡ є҆́смь і҆ꙋде́анинъ, та́рсѧнинъ, сла́внагѡ гра́да въ кїлїкі́и жи́тель: молю́ же тѧ̀, повели́ ми глаго́лати къ лю́демъ.	candidate-unreviewed	requires human confirmation of target identity, sense continuity, and morphological status
68	2	знои	зно́и	noun	lexical-form	burning heat	synodal:candidate:0ae2f9c1c17753a6b9039d04	synodal:candidate:53afcc384cdf88b3cd762f42	Job.24.24	Мнѡ́ги бо ѡ҆ѕло́би высота̀ є҆гѡ̀: ᲂу҆вѧде́ же ꙗ҆́кѡ ѕла́къ въ зно́и, и҆лѝ ꙗ҆́коже кла́съ ѿ стебла̀ са́мъ ѿпа́дъ.	candidate-unreviewed	requires human confirmation of target identity, sense continuity, and morphological status
69	2	исто	и҆́сто	noun	lexical-form	entrails, guts; kidney	synodal:candidate:5e21584fb1a05777b2b99afe	synodal:candidate:ba877bd75f4aa19c2fc056a7	Lev.13.51	И҆ да ᲂу҆ви́дитъ жре́цъ ꙗ҆́звꙋ въ де́нь седмы́й: а҆́ще же разсы́пасѧ ꙗ҆́зва по ри́зѣ, и҆лѝ по прѧ́денѣ, и҆лѝ по кро́кахъ, и҆лѝ по ко́жи, по всемꙋ̀ є҆ли̑ка творѧ́тсѧ ко́жы въ дѣ́ланїи, прокаже́нїе и҆́сто є҆́сть ꙗ҆́зва, нечи́стъ є҆́сть:	blocked-ambiguous-homograph	surface belongs to multiple OCS lexeme paradigms; target identity must be resolved manually
70	2	исходище	и҆схо́дище	noun	lexical-form	exit	synodal:candidate:ba43b1a19e49463239917776	synodal:candidate:fd4265f51fe2bff1c70cefab	Prov.25.13	Ꙗ҆́коже и҆схо́дище снѣ́га въ жа́твꙋ зно́ѧ по́льзꙋетъ, та́кѡ вѣ́стникъ вѣ́ренъ посла́вшихъ є҆го̀: дꙋ́шы бо ᲂу҆потреблѧ́ющихъ є҆го̀ по́льзꙋетъ.	candidate-unreviewed	requires human confirmation of target identity, sense continuity, and morphological status
71	2	калъ	ка́лъ	noun	lexical-form	dirt, filth	synodal:candidate:e0f737771f707004495ef56a	synodal:candidate:2f581f2a9872c854e5a11371	Mica.7.10	И҆ ᲂу҆́зритъ вражде́бница моѧ̀, и҆ ѡ҆блече́тсѧ въ стꙋ́дъ глаго́лющаѧ ко мнѣ̀: гдѣ́ є҆сть гдⷭ҇ь бг҃ъ тво́й; Ѻ҆́чи моѝ воззрѧ́тъ на ню̀, нн҃ѣ бꙋ́детъ въ попра́нїе а҆́ки ка́лъ на пꙋте́хъ.	blocked-ambiguous-homograph	surface belongs to multiple OCS lexeme paradigms; target identity must be resolved manually
72	2	клѣть	клѣ́ть	noun	lexical-form	cabin, hut, shack; house	synodal:candidate:30feeac7f493ad2c784b8bb9	synodal:candidate:8208cb2397d470f94b64b2ac	IV_Kings.9.2	и҆ вни́деши та́мѡ, и҆ ᲂу҆́зриши та́мѡ і҆иꙋ́а сы́на і҆ѡсафа́та сы́на намессі́ева, и҆ вни́деши, и҆ и҆зведе́ши є҆го̀ ѿ среды̀ бра́тїи є҆гѡ̀, и҆ введе́ши є҆го̀ во внꙋ́треннюю клѣ́ть:	candidate-unreviewed	requires human confirmation of target identity, sense continuity, and morphological status
73	2	ковъ	ко́въ	noun	lexical-form	An evil plot	synodal:candidate:05e61ca86c309b5d9281c48c	synodal:candidate:07810c3ec59844f0683f249b	Acts.25.3	просѧ́ще благода́ти на́нь, ꙗ҆́кѡ да по́слетъ є҆го̀ во і҆ерⷭ҇ли́мъ, ко́въ творѧ́ще, ꙗ҆́кѡ да ᲂу҆бїю́тъ є҆го̀ на пꙋтѝ.	candidate-unreviewed	requires human confirmation of target identity, sense continuity, and morphological status
74	2	ластовица	ла́стовица	noun	lexical-form	swallow	synodal:candidate:e5705b5bbb1b458b81000e36	synodal:candidate:62e691cea08502a1192b3b3b	Jerem.8.7	Є҆рѡді́а на небесѝ позна̀ вре́мѧ своѐ, го́рлица и҆ ла́стовица се́льнаѧ, вра́бїе сохрани́ша времена̀ вхо́дѡвъ свои́хъ: лю́дїе же моѝ сі́и не позна́ша сꙋде́бъ гдⷭ҇нихъ.	candidate-unreviewed	requires human confirmation of target identity, sense continuity, and morphological status
75	2	лихва	ли́хва	noun	lexical-form	interest	synodal:candidate:c625f04977dff927f3bec2a0	synodal:candidate:09d9aadadf8fe5e05f96aa5c	Psalm.54.11	и҆ не ѡ҆скꙋдѣ̀ ѿ сто́гнъ є҆гѡ̀ ли́хва и҆ ле́сть.	candidate-unreviewed	requires human confirmation of target identity, sense continuity, and morphological status
76	2	лопата	лопа́та	noun	lexical-form	shovel; spade	synodal:candidate:6dada3f5fd2d914558c3b088	synodal:candidate:46e523214440f493ff07f92a	Lk.3.17	є҆мꙋ́же лопа́та въ рꙋкꙋ̀ є҆гѡ̀, и҆ ѡ҆треби́тъ гꙋмно̀ своѐ, и҆ собере́тъ пшени́цꙋ въ жи́тницꙋ свою̀, пле́вы же сожже́тъ ѻ҆гне́мъ негаса́ющимъ.	candidate-unreviewed	requires human confirmation of target identity, sense continuity, and morphological status
77	2	мразъ	мра́зъ	noun	lexical-form	frost	synodal:candidate:4efae3cd21ad51020a91bf16	synodal:candidate:66f46db0226ce1eddaaa2e70	Dan.3.71	Благослови́те, ле́дъ и҆ мра́зъ, гдⷭ҇а, по́йте и҆ превозноси́те є҆го̀ во вѣ́ки.	candidate-unreviewed	requires human confirmation of target identity, sense continuity, and morphological status
78	2	невѣжда	невѣ́жда	noun	lexical-form	ignoramus	synodal:candidate:0f13513c9bde46f7609e13d3	synodal:candidate:5abd12d552776cb2af3b9e00	I_Cor.14.24	А҆́ще же всѝ прⷪ҇ро́чествꙋютъ, вни́детъ же нѣ́кїй невѣ́ренъ и҆лѝ невѣ́жда, ѡ҆блича́етсѧ всѣ́ми, (и҆) и҆стѧзꙋ́етсѧ ѿ всѣ́хъ,	candidate-unreviewed	requires human confirmation of target identity, sense continuity, and morphological status
79	2	носъ	но́съ	noun	lexical-form	nose	synodal:candidate:c61eaf9a6ac4a7d6e894ff6a	synodal:candidate:1fd9e4217539934f7b0d4015	Acts.27.41	Впа́дше же въ мѣ́сто и҆со́пное, ᲂу҆вѧзи́ша кора́бль: и҆ но́съ ᲂу҆́бѡ ᲂу҆вѧ́зшїй пребы́сть недви́жимь, корми́ло же разбива́шесѧ ѿ нꙋ́жды во́лнъ.	candidate-unreviewed	requires human confirmation of target identity, sense continuity, and morphological status
80	2	оужасъ	Оу҆́жасъ	noun	lexical-form	ecstasy; horror	synodal:candidate:87b5a4825089564b6e17aad0	synodal:candidate:402234594d4ae0242d30481a	Jerem.5.30	Оу҆́жасъ и҆ стра̑шнаѧ содѣ́ѧшасѧ на землѝ:	blocked-ambiguous-homograph	surface belongs to multiple OCS lexeme paradigms; target identity must be resolved manually
81	2	палица	па́лица	noun	lexical-form	staff; stick	synodal:candidate:c4b5f6f29df3f03c274f0387	synodal:candidate:bd759d4443f7ad55bc44f9bd	Jerem.48.17	Оу҆тѣша́йте є҆го̀ всѝ, и҆̀же ѡ҆́крестъ є҆гѡ̀, и҆ всѝ вѣ́дѧщїи и҆́мѧ є҆гѡ̀: рцы́те, ка́кѡ сокрꙋши́сѧ же́злъ крѣ́пости, па́лица сла́вна;	candidate-unreviewed	requires human confirmation of target identity, sense continuity, and morphological status
82	2	патрїархъ	патрїа́рхъ	noun	lexical-form	patriarch	synodal:candidate:782c716510e2246737ade0ee	synodal:candidate:23a359d3321b1e26dccc324c	Heb.7.4	Ви́дите же, є҆ли́къ се́й, є҆мꙋ́же и҆ десѧти́нꙋ да́лъ є҆́сть а҆враа́мъ патрїа́рхъ ѿ и҆збра́нныхъ.	candidate-unreviewed	requires human confirmation of target identity, sense continuity, and morphological status
83	2	пиво	пи́во	noun	lexical-form	beer, ale; drink, beverage	synodal:candidate:c09260174c058ba256aa9ffb	synodal:candidate:0ce2f7f06e5fa7a707c5cd74	I_Cor.10.4	и҆ всѝ то́жде пи́во дꙋхо́вное пи́ша, пїѧ́хꙋ бо ѿ дꙋхо́внагѡ послѣ́дꙋющагѡ ка́мене: ка́мень же бѣ̀ хрⷭ҇то́съ.	candidate-unreviewed	requires human confirmation of target identity, sense continuity, and morphological status
84	2	пила	пила̀	noun	lexical-form	saw	synodal:candidate:72ac39c1d48508ff0fc499eb	synodal:candidate:0a69ad42465cc93f1738fec0	Isa.10.15	Є҆да̀ просла́витсѧ сѣки́ра без̾ сѣкꙋ́щагѡ є҆́ю; и҆лѝ вознесе́тсѧ пила̀ без̾ влекꙋ́щагѡ ю҆̀; Та́кожде а҆́ще кто̀ во́зметъ же́злъ, и҆лѝ дре́во: и҆ не та́кѡ.	blocked-ambiguous-homograph	surface belongs to multiple OCS lexeme paradigms; target identity must be resolved manually
85	2	позорище	позо́рище	noun	lexical-form	spectacle; theater	synodal:candidate:263cab08ee964d49694c2ce3	synodal:candidate:2f80eace31009fcdd813e510	Acts.19.29	И҆ и҆спо́лнисѧ гра́дъ ве́сь мѧте́жа: ᲂу҆стреми́шасѧ же є҆динодꙋ́шнѡ на позо́рище, восхи́щше га́їа и҆ а҆рїста́рха македо́нѧны, дрꙋ́ги па́ѵлѡвы.	candidate-unreviewed	requires human confirmation of target identity, sense continuity, and morphological status
86	2	правость	пра́вость	noun	lexical-form	justice, fairness	synodal:candidate:8ff119fd6443e2e34f5751a9	synodal:candidate:e635134c5ea98dd554d42758	Song.1.3	Привлеко́ша тѧ̀ : в̾слѣ́дъ тебє̀ въ воню̀ мѵ́ра твоегѡ̀ тече́мъ. Введе́ мѧ ца́рь въ ло́жницꙋ свою̀: возра́дꙋемсѧ и҆ возвесели́мсѧ ѡ҆ тебѣ̀, возлю́бимъ сосца̑ твоѧ̑ па́че вїна̀: пра́вость возлюби́ тѧ.	candidate-unreviewed	requires human confirmation of target identity, sense continuity, and morphological status
87	2	прагъ	пра́гъ	noun	lexical-form	doorpost	synodal:candidate:b7cc6871b5ed320284566dec	synodal:candidate:183a78dc42ee2b8aff95b264	Ex.21.6	да приведе́тъ є҆го̀ господи́нъ є҆гѡ̀ пред̾ сꙋди́ще бж҃їе, и҆ тогда̀ приведе́тъ є҆го̀ пред̾ двє́ри на пра́гъ, и҆ да проверти́тъ є҆мꙋ̀ ᲂу҆́хо господи́нъ є҆гѡ̀ ши́ломъ, и҆ да порабо́таетъ є҆мꙋ̀ во вѣ́ки.	candidate-unreviewed	requires human confirmation of target identity, sense continuity, and morphological status
88	2	проповѣдь	про́повѣдь	noun	lexical-form	sermon	synodal:candidate:987d323c0ce4b0430b46bc2d	synodal:candidate:f6a69f59f8c0d8efb9f1e1fd	II_Paral.30.5	И҆ поста́виша сло́во, да про́йдетъ про́повѣдь во ве́сь і҆и҃ль ѿ вирсаве́и да́же до да́на, да прїи́дꙋтъ сотвори́ти па́схꙋ гдⷭ҇ꙋ бг҃ꙋ і҆и҃левꙋ во і҆ерⷭ҇ли́мѣ, мно́зи бо не сотвори́ша по писа́нїю.	candidate-unreviewed	requires human confirmation of target identity, sense continuity, and morphological status
89	2	пѧдь	пѧ́дь	noun	lexical-form	span	synodal:candidate:bd74159b491b0c125bba854a	synodal:candidate:7ee5b9ddbbe1a6279c0355c9	I_Kings.17.4	И҆ и҆зы́де мꙋ́жъ си́ленъ и҆з̾ полка̀ и҆ноплеме́ннича, и҆́мѧ є҆мꙋ̀ голїа́ѳъ ѿ ге́ѳа, высота̀ є҆гѡ̀ ше́сть лакѡ́тъ и҆ пѧ́дь:	candidate-unreviewed	requires human confirmation of target identity, sense continuity, and morphological status
90	2	свѣща	свѣща̀	noun	lexical-form	candle	synodal:candidate:e701ff694a23ed34919f4842	synodal:candidate:0be16fbcbe177f0d28d72eef	Sirach.48.1	И҆ воста̀ и҆лїа̀ прⷪ҇ро́къ ꙗ҆́кѡ ѻ҆́гнь, и҆ сло́во є҆гѡ̀ ꙗ҆́кѡ свѣща̀ горѧ́ше:	candidate-unreviewed	requires human confirmation of target identity, sense continuity, and morphological status
91	2	слана	сла́на	noun	lexical-form	hoarfrost	synodal:candidate:b90407db2967d0f9ebfcead3	synodal:candidate:6f4403caa953ca0882495aeb	Job.38.24	Ѿкꙋ́дꙋ же и҆схо́дитъ сла́на, и҆лѝ разсыпа́етсѧ ю҆́гъ на поднебе́снꙋю;	blocked-ambiguous-homograph	surface belongs to multiple OCS lexeme paradigms; target identity must be resolved manually
92	2	татьба	татьба̀	noun	lexical-form	theft, robbery	synodal:candidate:5f465bbcd690eb2e7da724f7	synodal:candidate:eeedbaf3c9cf2a6ed96f7ee1	Wisd.14.25	Всѧ̑ же смѣ́шєна сꙋ́ть, кро́вь и҆ ᲂу҆бі́йство, татьба̀ и҆ ле́сть, растлѣ́нїе, невѣ́рство, смѧте́нїе, заклина́нїе, молва̀ благи́хъ,	candidate-unreviewed	requires human confirmation of target identity, sense continuity, and morphological status
93	2	токъ	то́къ	noun	lexical-form	flow; trashing floor	synodal:candidate:5379af63e48fa6cc3c9c0cda	synodal:candidate:d58b6149193c4f21cc47e890	Isa.25.10	Поко́й да́стъ бг҃ъ на горѣ̀ се́й, и҆ попере́тсѧ мѡаві́тїда, ꙗ҆́коже то́пчꙋтъ то́къ колесни́цами.	candidate-unreviewed	requires human confirmation of target identity, sense continuity, and morphological status
94	2	тѧжесть	тѧ́жесть	noun	lexical-form	burden; strain	synodal:candidate:b52b93a9cfe4dde307fa222b	synodal:candidate:3dd081a2082a925b510a75d6	II_Kings.19.35	сы́нъ ѻ҆сми́десѧти лѣ́тъ а҆́зъ дне́сь є҆́смь: є҆да̀ ᲂу҆разꙋмѣ́ю посредѣ̀ бла́га и҆ посредѣ̀ лꙋка́ва; и҆лѝ ᲂу҆разꙋмѣ́етъ є҆щѐ ра́бъ тво́й, є҆́же ꙗ҆́мъ, и҆лѝ є҆́же пїю̀; и҆лѝ ᲂу҆слы́шꙋ гла́съ є҆щѐ пою́щихъ и҆ воспѣва́ющихъ; и҆ вскꙋ́ю бꙋ́детъ є҆щѐ ра́бъ тво́й въ тѧ́жесть господи́нꙋ моемꙋ̀ царю̀;	candidate-unreviewed	requires human confirmation of target identity, sense continuity, and morphological status
95	2	чародѣи	чародѣ̑и	noun	lexical-form	wizard	synodal:candidate:2cf3bcac85a11a4ef1886277	synodal:candidate:115ee0c482afd6485df2aa2a	Composite.7.5	[Мал 3:5] И҆ прїидꙋ̀ къ ва́мъ съ сꙋдо́мъ, и҆ бꙋ́дꙋ свидѣ́тель ско́ръ на чародѣ̑и и҆ на прелюбодѣ̑йцы, и҆ на кленꙋ́щыѧсѧ и҆́менемъ мои́мъ во лжꙋ̀ и҆ на лиша́ющыѧ мзды̀ нае́мника, и҆ на наси́льствꙋющыѧ вдови́цъ и҆ пха́ющыѧ си̑рыѧ, и҆ на ᲂу҆кланѧ́ющыѧ сꙋ́дъ прише́льца и҆ на небоѧ́щыѧсѧ менє̀, гл҃етъ гдⷭ҇ь вседержи́тель:	candidate-unreviewed	requires human confirmation of target identity, sense continuity, and morphological status
96	2	ꙗма	ꙗ҆́ма	noun	lexical-form	pit, hole	synodal:candidate:882689afb81f2f9c73430aed	synodal:candidate:9b23d0459b77013a6c036024	Psalm.93.13	ᲂу҆кроти́ти є҆го̀ ѿ дні́й лю́тыхъ, до́ндеже и҆зры́етсѧ грѣ́шномꙋ ꙗ҆́ма.	candidate-unreviewed	requires human confirmation of target identity, sense continuity, and morphological status
97	2	агавъ	а҆га́въ	proper-noun	lexical-form	a male given name	synodal:candidate:330b884ff475df7895ec7cac	synodal:candidate:f30ff0f8ee5b5953d2fdc4ad	Acts.11.28	воста́въ же є҆ди́нъ ѿ ни́хъ, и҆́менемъ а҆га́въ, назна́менаше дх҃омъ гла́дъ вели́къ хотѧ́щь бы́ти по все́й вселе́ннѣй, и҆́же и҆ бы́сть при клаѵді́и ке́сари:	candidate-unreviewed	requires human confirmation of target identity, sense continuity, and morphological status
98	2	блажимъ	блажи́мъ	verb	lexical-form	first-person plural imperative; first-person plural present indicative	synodal:candidate:43e3bc729a65006679e882be	synodal:candidate:0c55acd3432b113be9787995	Jas.5.11	Сѐ, блажи́мъ терпѧ́щыѧ. Терпѣ́нїе і҆́ѡвле слы́шасте, и҆ кончи́нꙋ гдⷭ҇ню ви́дѣсте, ꙗ҆́кѡ многомлⷭ҇тивъ є҆́сть гдⷭ҇ь и҆ ще́дръ.	candidate-unreviewed	requires human confirmation of target identity, sense continuity, and morphological status
99	2	болѣти	болѣ́ти	verb	lexical-form	be ill	synodal:candidate:8558e378e4549a2d61c12fc7	synodal:candidate:77d4729c2602af4f577e885c	III_Kings.15.23	Прѡ́чаѧ же слове́съ а҆́синыхъ, и҆ всѧ̑ си́ла є҆гѡ̀, и҆ всѧ̑ ꙗ҆̀же сотворѝ, и҆ гра́ды ꙗ҆̀же созда̀, не се́ ли, сїѧ̑ пи̑сана сꙋ́ть въ кни́зѣ слове́съ дні́й царе́й і҆ꙋ́диныхъ; Ѻ҆ба́че во вре́мѧ ста́рости своеѧ̀ нача́тъ болѣ́ти нога́ма свои́ма:	candidate-unreviewed	requires human confirmation of target identity, sense continuity, and morphological status
100	2	горѣти	горѣ́ти	verb	lexical-form	to burn	synodal:candidate:aa1df7f1fe52b1bac17e78a1	synodal:candidate:d5bfd6d8244d58f1d2b6c5e8	Jerem.15.14	и҆ порабощꙋ́ тѧ ѡ҆́крестъ врагѡ́мъ твои̑мъ, въ землѝ, є҆ѧ́же не вѣ́си: ꙗ҆́кѡ ѻ҆́гнь возжже́сѧ ѿ ꙗ҆́рости моеѧ̀, на ва́съ горѣ́ти бꙋ́детъ.	candidate-unreviewed	requires human confirmation of target identity, sense continuity, and morphological status
101	2	доити	доитѝ	verb	lexical-form	to breastfeed, suckle; to milk	synodal:candidate:7bcbf8c502ca910dc6b0477a	synodal:candidate:49cdc70478e5386c4db3201c	Acts.26.7	въ не́же ѻ҆бана́десѧте колѣ̑на на̑ша безпреста́ни де́нь и҆ но́щь слꙋжа́ще надѣ́ютсѧ доитѝ: ѡ҆ не́мже ᲂу҆пова́нїи ѡ҆клевета́емь є҆́смь, царю̀ а҆грі́ппо, ѿ і҆ꙋдє́й.	candidate-unreviewed	requires human confirmation of target identity, sense continuity, and morphological status
102	2	донести	донестѝ	verb	lexical-form	to bring (to); to carry; to deliver	synodal:candidate:1c09d17fa1102685088d0100	synodal:candidate:244e25ade7c3363574eaddb3	Deut.14.24	А҆́ще же дале́че бꙋ́детъ пꙋ́ть ѿ тебє̀ и҆ не возмо́жеши донестѝ и҆̀хъ, ꙗ҆́кѡ дале́че мѣ́сто ѿ тебє̀, є҆́же и҆збере́тъ гдⷭ҇ь бг҃ъ тво́й призыва́ти и҆́мѧ є҆гѡ̀ та́мѡ, ꙗ҆́кѡ да блгⷭ҇ви́тъ тѧ̀ гдⷭ҇ь бг҃ъ тво́й:	candidate-unreviewed	requires human confirmation of target identity, sense continuity, and morphological status
103	2	защитити	защи́тити	verb	lexical-form	to defend	synodal:candidate:035b5ac1afad4de3dfe257dd	synodal:candidate:4586c5ff204317d69a117aa8	I_Esdra.8.22	ᲂу҆стыдѣ́хсѧ бо и҆спроси́ти ѿ царѧ̀ си́лы и҆ кѡ́нникъ защи́тити на́съ ѿ врага̀ на пꙋтѝ, поне́же рѣ́хомъ царю̀ глаго́люще: рꙋка̀ бг҃а на́шегѡ є҆́сть на всѣ́хъ и҆́щꙋщихъ є҆го̀ во благо́е и҆ крѣ́пость є҆гѡ̀, ꙗ҆́рость же є҆гѡ̀ на всѣ́хъ ѡ҆ставлѧ́ющихъ є҆го̀.	candidate-unreviewed	requires human confirmation of target identity, sense continuity, and morphological status
104	2	измѣнити	и҆змѣни́ти	verb	lexical-form	to change; to change places; to change places with another; to exchange	synodal:candidate:df972e231d5526645c2c96e4	synodal:candidate:1045c486b0ab606371281744	Gal.4.20	хотѣ́лъ же бы́хъ прїитѝ къ ва́мъ нн҃ѣ и҆ и҆змѣни́ти гла́съ мо́й, ꙗ҆́кѡ не домышлѧ́юсѧ ѡ҆ ва́съ.	candidate-unreviewed	requires human confirmation of target identity, sense continuity, and morphological status
105	2	нарицати	нарица́ти	verb	lexical-form	call; name	synodal:candidate:579716158f287cd9f352dd26	synodal:candidate:b73cca027896347363c2df97	Heb.2.11	(Заⷱ҇ 306) И҆ ст҃ѧ́й бо и҆ ѡ҆сщ҃а́емїи, ѿ є҆ди́нагѡ всѝ: є҆ѧ́же ра́ди вины̀ не стыди́тсѧ бра́тїю нарица́ти и҆̀хъ, гл҃ѧ:	candidate-unreviewed	requires human confirmation of target identity, sense continuity, and morphological status
106	2	плавати	пла́вати	verb	lexical-form	to sail	synodal:candidate:79f98fdf0b48c0b89ad96784	synodal:candidate:b9a122535270c5402de7aaae	Acts.27.43	Со́тникъ же, хотѧ̀ соблюстѝ па́ѵла, возбранѝ совѣ́тꙋ и҆́хъ, повелѣ́ же могꙋ́щымъ пла́вати, да и҆зскочи́вше пе́рвѣе и҆зы́дꙋтъ на кра́й,	candidate-unreviewed	requires human confirmation of target identity, sense continuity, and morphological status
107	2	подвизати	подвиза́ти	verb	lexical-form	exhort, encourage; to rush, hurry	synodal:candidate:7ac363a86644f54ed5b474f5	synodal:candidate:426453eb1761b25ec930cfd4	Jerem.14.10	Сїѧ̑ гл҃етъ гдⷭ҇ь лю́демъ си̑мъ: возлюби́ша подвиза́ти но́зѣ своѝ и҆ не ᲂу҆поко́ишасѧ, и҆ бг҃ъ не бл҃гопоспѣшѝ въ ни́хъ, нн҃ѣ воспомѧне́тъ беззакѡ́нїѧ и҆́хъ и҆ посѣти́тъ грѣхѝ и҆́хъ.	candidate-unreviewed	requires human confirmation of target identity, sense continuity, and morphological status
108	2	правити	пра́вити	verb	lexical-form	to lead	synodal:candidate:97d912462d68e2b252042b5d	synodal:candidate:fc0d66d53da7a545305ea21d	Esther.5.11	и҆ показа̀ и҆̀мъ бога́тство своѐ и҆ сла́вꙋ, є҆́юже возвели́чи є҆го̀ ца́рь, и҆ ꙗ҆́кѡ сотворѝ є҆го̀ пе́рваго бы́ти и҆ пра́вити ца́рствїе.	candidate-unreviewed	requires human confirmation of target identity, sense continuity, and morphological status
109	2	пристати	приста́ти	verb	lexical-form	to arrive	synodal:candidate:8ec2775d77f731808bfbb043	synodal:candidate:d9c236b019d89733d4ddafab	Acts.27.26	во ѻ҆́стровъ же нѣ́кїй подоба́етъ на́мъ приста́ти.	candidate-unreviewed	requires human confirmation of target identity, sense continuity, and morphological status
110	2	развратити	разврати́ти	verb	lexical-form	to destroy; to pervert, to deviate from the path	synodal:candidate:6bc925cae5703dfbd88d2a28	synodal:candidate:f9d34ae94062b3decc9208b3	Acts.13.8	сопротивлѧ́шесѧ же и҆́ма є҆лѵ́ма во́лхвъ, та́кѡ бо сказꙋ́етсѧ и҆́мѧ є҆гѡ̀, и҆скі́й разврати́ти а҆нѳѷпа́та ѿ вѣ́ры.	candidate-unreviewed	requires human confirmation of target identity, sense continuity, and morphological status
111	2	славити	сла́вити	verb	lexical-form	to praise, celebrate, glorify	synodal:candidate:b2b60d0fe5b98380e5cc53e4	synodal:candidate:2605d9f00975587056549850	Mk.2.12	И҆ воста̀ а҆́бїе, и҆ взе́мъ ѻ҆́дръ, и҆зы́де пред̾ всѣ́ми: ꙗ҆́кѡ диви́тисѧ всѣ̑мъ и҆ сла́вити бг҃а, глаго́лющымъ, ꙗ҆́кѡ николи́же та́кѡ ви́дѣхомъ.	candidate-unreviewed	requires human confirmation of target identity, sense continuity, and morphological status
112	2	ѡбличати	ѡ҆блича́ти	verb	lexical-form	to denounce; to prove; to reveal, to show; to unmask, to expose	synodal:candidate:84fe28ade720ce00d8be5d05	synodal:candidate:d4624b5e8a75cbe746cbad13	Habak.1.12	Нѣ́си ли ты̀ и҆сконѝ, гдⷭ҇и бж҃е, ст҃ы́й мо́й; и҆ не ᲂу҆́мремъ. Гдⷭ҇и, на сꙋ́дъ ᲂу҆чини́лъ є҆сѝ є҆го̀, и҆ созда́ мѧ ѡ҆блича́ти наказа́нїе є҆гѡ̀.	candidate-unreviewed	requires human confirmation of target identity, sense continuity, and morphological status
113	2	ѡбличити	ѡ҆бличи́ти	verb	lexical-form	to denounce, show, accuse	synodal:candidate:6ec35b38ca1200ef72728546	synodal:candidate:bffb8afdbf9ee4703abc53b1	Mt.1.19	І҆ѡ́сифъ же мꙋ́жъ є҆ѧ̀, првⷣнъ сы́й и҆ не хотѧ̀ є҆ѧ̀ ѡ҆бличи́ти, восхотѣ̀ та́й пꙋсти́ти ю҆̀.	candidate-unreviewed	requires human confirmation of target identity, sense continuity, and morphological status
114	2	ѡсвѣщати	ѡ҆свѣща́ти	verb	lexical-form	to illuminate	synodal:candidate:07d891c47fbcbab57b19cdf0	synodal:candidate:27fb6a721dbf1d4ceb9cdb66	Gen.1.14	И҆ речѐ бг҃ъ: да бꙋ́дꙋтъ свѣти̑ла на тве́рди небе́снѣй, ѡ҆свѣща́ти зе́млю и҆ разлꙋча́ти междꙋ̀ дне́мъ и҆ междꙋ̀ но́щїю: и҆ да бꙋ́дꙋтъ въ зна́мєнїѧ и҆ во времена̀, и҆ во дни̑ и҆ въ лѣ̑та,	candidate-unreviewed	requires human confirmation of target identity, sense continuity, and morphological status
115	2	ѡсвѧтити	ѡ҆свѧти́ти	verb	lexical-form	to sanctify	synodal:candidate:7f1b386b1544fff04527d1b2	synodal:candidate:32723f7d9c4e64af935f48da	Ex.29.36	И҆ тельца̀ грѣха̀ ра́ди да сотвори́ши въ де́нь ѡ҆чище́нїѧ: и҆ да ѡ҆чи́стиши ѻ҆лта́рь, є҆гда̀ ѡ҆свѧща́еши на не́мъ: и҆ пома́жеши є҆го̀, ꙗ҆́кѡ ѡ҆свѧти́ти є҆го̀.	candidate-unreviewed	requires human confirmation of target identity, sense continuity, and morphological status
116	2	ѿходити	ѿходи́ти	verb	lexical-form	to depart; to go away	synodal:candidate:281030b93d936de305d67f08	synodal:candidate:f4cf53232fd352459320fe5f	Josh.15.18	И҆ бы́сть внегда̀ ѿходи́ти є҆́й, и҆ совѣща̀ съ ни́мъ, глаго́лющи: попрошꙋ̀ ᲂу҆ ѻ҆тца̀ моегѡ̀ села̀. И҆ воззва̀ со ѻ҆слѧ́ти. И҆ речѐ є҆́й хале́въ: что́ ти є҆́сть;	candidate-unreviewed	requires human confirmation of target identity, sense continuity, and morphological status
117	1	блѣдъ	блѣ́дъ	adjective	lexical-form	pale	synodal:candidate:577502b2c433f3f2f75cd08c	synodal:candidate:fcc71957bf1f701597cb0d7b	Apoc.6.8	И҆ ви́дѣхъ, и҆ сѐ, ко́нь блѣ́дъ, и҆ сѣдѧ́й на не́мъ, и҆́мѧ є҆мꙋ̀ сме́рть: и҆ а҆́дъ и҆дѧ́ше в̾слѣ́дъ є҆гѡ̀: и҆ дана̀ бы́сть є҆мꙋ̀ ѡ҆́бласть на четве́ртѣй ча́сти землѝ ᲂу҆би́ти ѻ҆рꙋ́жїемъ и҆ гла́домъ, и҆ сме́ртїю и҆ ѕвѣрьмѝ земны́ми.	candidate-unreviewed	requires human confirmation of target identity, sense continuity, and morphological status
118	1	веселъ	ве́селъ	adjective	lexical-form	merry	synodal:candidate:ae5c4248fa50c9b656063c4a	synodal:candidate:00af0a200982ce92dfe83ca4	Esther.5.9	И҆ и҆зы́де а҆ма́нъ ѿ царѧ̀ ѕѣлѡ̀ ра́достенъ и҆ ве́селъ: ви́дѣвъ же мардохе́а і҆ꙋде́анина во дворѣ̀ (царе́вѣ не подви́гнꙋвшасѧ и҆ не кла́нѧющасѧ пред̾ ни́мъ), воз̾ѧри́сѧ ѕѣлѡ̀:	candidate-unreviewed	requires human confirmation of target identity, sense continuity, and morphological status
119	1	лѣпъ	лѣ́пъ	adjective	lexical-form	beautiful	synodal:candidate:284c496756586f0587e77a2b	synodal:candidate:96f4e3d2c16980d6bdc49a85	I_Kings.17.42	И҆ ви́дѣ голїа́ѳъ и҆ноплеме́нникъ даві́да и҆ ѡ҆безче́ствова є҆го̀, занѐ то́й дѣ́тищь бѣ̀, и҆ че́рменъ и҆ лѣ́пъ ѻ҆чи́ма.	candidate-unreviewed	requires human confirmation of target identity, sense continuity, and morphological status
120	1	простъ	про́стъ	adjective	lexical-form	simple, free, straight	synodal:candidate:d3e79143491833d3dfa75aef	synodal:candidate:de4cf5d3e65a3a96728c0725	Job.22.3	И҆́бо ко́е попече́нїе гдⷭ҇ꙋ, а҆́ще ты̀ бы́лъ є҆сѝ дѣ́лы непоро́ченъ; и҆лѝ (ка́ѧ) по́льза, ꙗ҆́кѡ про́стъ твори́ти бꙋ́деши пꙋ́ть тво́й;	candidate-unreviewed	requires human confirmation of target identity, sense continuity, and morphological status
121	1	пѣшь	пѣ́шь	adjective	lexical-form	pedestrian	synodal:candidate:6516be27a929fda0c89967f0	synodal:candidate:1c163185c345382c32faf0c0	Acts.20.13	Мы́ же, прише́дше въ кора́бль, ѿвезо́хомсѧ во а҆́ссонъ, ѿтꙋ́дꙋ хотѧ́ще поѧ́ти па́ѵла: та́кѡ бо на́мъ бѣ̀ повелѣ́лъ, хотѧ̀ са́мъ пѣ́шь и҆тѝ.	candidate-unreviewed	requires human confirmation of target identity, sense continuity, and morphological status
122	1	сиръ	си́ръ	adjective	lexical-form	empty, deserted; orphaned; orphaned (abandoned, lonely)	synodal:candidate:fd7a22fddbbd318dd15d24af	synodal:candidate:6a6c35aa358d350febc2a168	Tobit.1.8	тре́тїю же даѧ́хъ, и҆́мже подоба́ше, ꙗ҆́коже заповѣ́да деввѡ́ра ма́ти ѻ҆тца̀ моегѡ̀, занѐ си́ръ ѡ҆ста́хъ ѿ ѻ҆тца̀ моегѡ̀.	candidate-unreviewed	requires human confirmation of target identity, sense continuity, and morphological status
123	1	тихъ	ти́хъ	adjective	lexical-form	silent	synodal:candidate:2d3917221200a396e6842d4d	synodal:candidate:37a72965593365bc2d21ab90	Job.4.16	воста́хъ и҆ не разꙋмѣ́хъ, ви́дѣхъ, и҆ не бѣ̀ ѡ҆бли́чїѧ пред̾ ѻ҆чи́ма мои́ма, но то́кмѡ дꙋ́хъ ти́хъ и҆ гла́съ слы́шахъ:	candidate-unreviewed	requires human confirmation of target identity, sense continuity, and morphological status
124	1	широкъ	широ́къ	adjective	lexical-form	wide	synodal:candidate:5c8d1827834c109c16bbc9e2	synodal:candidate:5bd067b063351a709c6bd838	Nehem.7.4	Гра́дъ же бы́сть широ́къ и҆ вели́къ, и҆ люді́й ма́лѡ въ не́мъ, и҆ не бѧ́хꙋ до́мы со́здани.	candidate-unreviewed	requires human confirmation of target identity, sense continuity, and morphological status
125	1	істѡвъ	і҆стѡ́въ	adjective	lexical-form	true, real	synodal:candidate:710091b967c580aa43d7f1d2	synodal:candidate:3e83e13556e53b589b932dd4	II_Kings.10.8	И҆ и҆зыдо́ша сы́нове а҆ммѡ̑ни, и҆ ᲂу҆стро́иша бра́нь пред̾ враты̀ гра́да: сѷрі́а же сꙋ́вска и҆ роѡ́въ, и҆ і҆стѡ́въ и҆ а҆мали́къ, є҆ди́ни (ста́ша) на селѣ̀.	candidate-unreviewed	requires human confirmation of target identity, sense continuity, and morphological status
126	1	дома	до́ма	adverb	indeclinable	at home	synodal:candidate:4a4b184af31a3f1286723e45	synodal:candidate:b5497055aa23a2c1b0f45821	Jn.11.20	Ма́рѳа ᲂу҆̀бо є҆гда̀ ᲂу҆слы́ша, ꙗ҆́кѡ і҆и҃съ грѧде́тъ, срѣ́те є҆го̀: марі́а же до́ма сѣдѧ́ше.	candidate-unreviewed	requires human confirmation of target identity, sense continuity, and morphological status
127	1	пѧтищи	пѧти́щи	adverb	indeclinable	five times	synodal:candidate:b364607d1f1c5eeda0092e8d	synodal:candidate:a7109c49ed8e87b2d1f38603	IV_Kings.13.19	И҆ ѡ҆скорбѣ̀ человѣ́къ бж҃їй ѡ҆ не́мъ и҆ речѐ: а҆́ще бы ᲂу҆да́рилъ є҆сѝ пѧти́щи и҆лѝ шести́щи, тогда́ бы є҆сѝ порази́лъ сѷрі́ю до сконча́нїѧ, нн҃ѣ же побѣди́ши сѷрі́ю три́жды.	candidate-unreviewed	requires human confirmation of target identity, sense continuity, and morphological status
128	1	шестищи	шести́щи	adverb	indeclinable	six times	synodal:candidate:568f2269e9bb1b206de71b4f	synodal:candidate:a7109c49ed8e87b2d1f38603	IV_Kings.13.19	И҆ ѡ҆скорбѣ̀ человѣ́къ бж҃їй ѡ҆ не́мъ и҆ речѐ: а҆́ще бы ᲂу҆да́рилъ є҆сѝ пѧти́щи и҆лѝ шести́щи, тогда́ бы є҆сѝ порази́лъ сѷрі́ю до сконча́нїѧ, нн҃ѣ же побѣди́ши сѷрі́ю три́жды.	candidate-unreviewed	requires human confirmation of target identity, sense continuity, and morphological status
129	1	любо	лю́бо	conjunction	indeclinable	either; or	synodal:candidate:7330bea2ca87df4817b9bd75	synodal:candidate:68b7d05009bf839171b79766	Mt.6.24	Никто́же мо́жетъ двѣма̀ господи́нома рабо́тати: лю́бо є҆ди́наго возлю́битъ, а҆ дрꙋга́го возненави́дитъ: и҆лѝ є҆ди́нагѡ держи́тсѧ, ѡ҆ дрꙋзѣ́мъ же неради́ти на́чнетъ. Не мо́жете бг҃ꙋ рабо́тати и҆ мамѡ́нѣ.	candidate-unreviewed	requires human confirmation of target identity, sense continuity, and morphological status
130	1	агнѧ	а҆гнѧ̀	noun	lexical-form	lamb	synodal:candidate:9a2b861ce4bef03e5f7f5d80	synodal:candidate:696b607b77998d8f362a7587	Jerem.11.19	А҆́зъ же, ꙗ҆́кѡ а҆гнѧ̀ неѕло́биво ведо́мо на заколе́нїе, не разꙋмѣ́хъ, ꙗ҆́кѡ на мѧ̀ помы́слиша по́мыслъ лꙋка́вый, глаго́люще: прїиди́те и҆ вложи́мъ дре́во во хлѣ́бъ є҆гѡ̀ и҆ и҆стреби́мъ є҆го̀ ѿ землѝ живꙋ́щихъ, и҆ и҆́мѧ є҆гѡ̀ да не помѧне́тсѧ ктомꙋ̀.	candidate-unreviewed	requires human confirmation of target identity, sense continuity, and morphological status
131	1	аеръ	а҆́еръ	noun	lexical-form	air	synodal:candidate:39ed2ab192bbbfeef347f72c	synodal:candidate:b9357046154e5e70da5c4ef3	Wisd.5.12	и҆лѝ ꙗ҆́кѡ стрѣло́ю и҆спꙋще́ною на намѣ́реное мѣ́сто разсѣ́ченный а҆́еръ внеза́пꙋ въ себѣ̀ самѣ́мъ заключе́нъ бы́сть, ꙗ҆́кѡ не позна́тисѧ прохо́дꙋ є҆ѧ̀:	candidate-unreviewed	requires human confirmation of target identity, sense continuity, and morphological status
132	1	афедрѡнъ	а҆федрѡ́нъ	noun	lexical-form	anus; toilet, latrine	synodal:candidate:7240e1de3b46d31dff8f0b87	synodal:candidate:c7aac3f89a72e283531801a8	IV_Kings.10.27	и҆ разби́ша кꙋмі́ры ваа́лѡвы, и҆ низверго́ша до́мъ ваа́ловъ, и҆ ѡ҆предѣли́ша є҆го̀ на а҆федрѡ́нъ да́же до днѐ сегѡ̀.	candidate-unreviewed	requires human confirmation of target identity, sense continuity, and morphological status
133	1	благость	бла́гость	noun	lexical-form	goodness; kindness; mercy	synodal:candidate:24a45fe98df3ccffeeaf8c90	synodal:candidate:d74463d90685cebd53aa2132	Gal.5.22	(Заⷱ҇ 213) Пло́дъ же дꙋхо́вный є҆́сть любы̀, ра́дость, ми́ръ, долготерпѣ́нїе, бла́гость, милосе́рдїе, вѣ́ра,	candidate-unreviewed	requires human confirmation of target identity, sense continuity, and morphological status
134	1	блюдъ	блю́дъ	noun	lexical-form	dish, plate	synodal:candidate:3d475c4cd1594b62a7716975	synodal:candidate:1a1ff121b79ff24e5e81e839	Num.7.84	Сїѐ ѡ҆бновле́нїе ѻ҆лтарѧ̀, во́ньже де́нь пома́за є҆го̀, ѿ кнѧзе́й сынѡ́въ і҆и҃левыхъ, блю́дъ сре́брѧныхъ двана́десѧть, ча́шъ сре́брѧныхъ двана́десѧть, ѳѷмїа́мникѡвъ златы́хъ двана́десѧть:	blocked-ambiguous-homograph	surface belongs to multiple OCS lexeme paradigms; target identity must be resolved manually
135	1	ведро	ве́дро	noun	lexical-form	good weather	synodal:candidate:205ff034e60028448a577ec9	synodal:candidate:c7e2230f0545e6bb037d1fa2	Mt.16.2	Ѻ҆́нъ же ѿвѣща́въ речѐ и҆̀мъ: ве́черꙋ бы́вшꙋ, глаго́лете: ве́дро, чермнꙋ́етбосѧ не́бо:	candidate-unreviewed	requires human confirmation of target identity, sense continuity, and morphological status
136	1	воина	во́ина	noun	lexical-form	war	synodal:candidate:b5f6a0a71310308e6ba745db	synodal:candidate:8272afc02d36f45cb1347d02	Acts.10.7	И҆ ꙗ҆́коже ѿи́де а҆́гг҃лъ глаго́лѧй корни́лїю, пригласи́въ два̀ ѿ рабѡ́въ свои́хъ и҆ во́ина благочести́ва ѿ слꙋжа́щихъ є҆мꙋ̀	blocked-ambiguous-homograph	surface belongs to multiple OCS lexeme paradigms; target identity must be resolved manually
137	1	главизна	глави́зна	noun	lexical-form	main point	synodal:candidate:0a4f86c56ce269229eb20518	synodal:candidate:cb9d8de0ea8cccb03a66b727	I_Esdra.6.2	И҆ ѡ҆брѣ́тесѧ во а҆ма́ѳѣ гра́дѣ миді́йстѣмъ въ пала́тѣ глави́зна є҆ди́на, и҆ сїѐ пи́сано бѣ̀ въ не́й на па́мѧть:	candidate-unreviewed	requires human confirmation of target identity, sense continuity, and morphological status
138	1	дѣдъ	дѣ́дъ	noun	lexical-form	ancestor; grandfather	synodal:candidate:6eceeb7f560d1f670a0e9cb2	synodal:candidate:6f2fd135c1d40a1e9ef3757e	Sirach.1.0	Поне́же мнѡ́гаѧ и҆ вели̑каѧ на́мъ чрез̾ зако́нъ и҆ прⷪ҇ро́ки и҆ и҆ны́хъ послѣ́довавшихъ и҆̀мъ дана̑ бы́ша, ѡ҆ ни́хже подоба́етъ хвали́ти і҆и҃лѧ наказа́нїѧ и҆ премꙋ́дрости ра́ди, и҆ ꙗ҆́кѡ не то́кмѡ са́ми чтꙋ́ще до́лжни разꙋ́мными бы́ти, но да и҆ и҆ностра́нныхъ возмо́гꙋтъ прилѣ́жнѡ ᲂу҆ча́щесѧ по́льзовати, и҆ глаго́люще и҆ пи́шꙋще: дѣ́дъ мо́й і҆исꙋ́съ мно́жайше себѐ вда́въ въ чте́нїе зако́на же и҆ прⷪ҇ро́кѡвъ и҆ и҆ны́хъ ѻ҆те́ческихъ кни́гъ, и҆ въ си́хъ дово́льное и҆скꙋ́сство стѧжа́въ, понꙋ́дисѧ и҆ са́мъ написа́ти нѣ́что ѿ надлежа́щихъ къ наказа́нїю и҆ премꙋ́дрости, да прилѣ́жнѡ ᲂу҆ча́щїисѧ, и҆ си́хъ прича̑стницы бы́вше, мно́гѡ па́че ᲂу҆спѣ́ютъ въ зако́ннѣмъ житїѝ. Бꙋ́дите ᲂу҆̀бо ᲂу҆моле́нни, да со благоволе́нїемъ и҆ внима́нїемъ чте́те, и҆ проще́нїе пода́сте, а҆́ще въ нѣ́кїихъ возмни́мсѧ недово́льни бы́ти во и҆столкова́нїи люботрꙋ́днѡ и҆з̾ѡбрѣ́тенныхъ рече́нїй: не ра́внꙋю бо си́лꙋ и҆́мꙋтъ та̑ въ себѣ̀, ꙗ҆̀же є҆вре́йски глаго́лєма сꙋ́ть, є҆гда̀ преведꙋ́тсѧ на и҆́ный ѧ҆зы́къ: не то́кмѡ же сїѧ̑, но и҆ са́мый зако́нъ и҆ прⷪ҇ро́чєства и҆ про́чыѧ кни̑ги не ма́лое и҆мѣ́ютъ ра́знство въ себѣ̀ чтѡ́мыѧ. Въ три́десѧть бо ѻ҆смѣ́мъ лѣ́тѣ при є҆ѵерге́тѣ царѝ прише́дъ во є҆гѵ́петъ и҆ преме́дливъ, ѡ҆брѣто́хъ нема́лагѡ наказа́нїѧ сви́токъ, за нꙋ́ждѣйшее вмѣни́хъ са́мъ привнестѝ нѣ́кое тща́нїе и҆ трꙋдолю́бїе къ преведе́нїю тоѧ̀ кни́ги, мно́гое бдѣ́нїе и҆ и҆скꙋ́сство привне́съ въ разстоѧ́нїи вре́мене, къ концꙋ̀ приводѧ̀ кни́гꙋ и҆зда́ти, и҆ въ преселе́нїи хотѧ́щымъ ᲂу҆чи́тисѧ, пред̾ꙋготовлѧ́ющымъ нра́вы зако́ннѡ жи́тельствовати.	candidate-unreviewed	requires human confirmation of target identity, sense continuity, and morphological status
139	1	жиръ	жи́ръ	noun	lexical-form	pasture	synodal:candidate:e0735018766abb2499427cad	synodal:candidate:22b18d416ca301fe96992f36	II_Tim.2.17	и҆ сло́во и҆́хъ ꙗ҆́кѡ га́ггрена жи́ръ ѡ҆брѧ́щетъ: ѿ ни́хже є҆́сть ѵ҆мене́й и҆ фїли́тъ,	candidate-unreviewed	requires human confirmation of target identity, sense continuity, and morphological status
140	1	затворъ	затво́ръ	noun	lexical-form	bolt (for closing a door)	synodal:candidate:6e4ca0db86f592bbb8c67648	synodal:candidate:68fdf88d14d2ca153ed6d9f0	Jerem.29.26	гдⷭ҇ь даде́ тѧ жерца̀ вмѣ́стѡ і҆ѡда́а жерца̀, бы́ти приста́вникꙋ въ домꙋ̀ гдⷭ҇ни, всѧ́комꙋ человѣ́кꙋ прорица́ющꙋ и҆ всѧ́комꙋ человѣ́кꙋ неи́стовꙋющꙋ, и҆ вда́си є҆го̀ въ затво́ръ и҆ въ кла́дꙋ.	candidate-unreviewed	requires human confirmation of target identity, sense continuity, and morphological status
141	1	зѣница	зѣ́ница	noun	lexical-form	pupil	synodal:candidate:a53a66f598b63a4e8947eedc	synodal:candidate:867a237d60aa14ca9254801e	Lamen.2.18	Ца́ди. Возопѝ се́рдце и҆́хъ ко гдⷭ҇ꙋ, стѣ́ны дще́ре сїѡ́ни да и҆злїю́тъ ꙗ҆́коже водоте́ча сле́зы де́нь и҆ но́щь: не да́ждь поко́ѧ себѣ̀, и҆ да не ᲂу҆мо́лкнетъ зѣ́ница ѻ҆́чїю твоє́ю.	candidate-unreviewed	requires human confirmation of target identity, sense continuity, and morphological status
142	1	китъ	ки́тъ	noun	lexical-form	whale	synodal:candidate:9e17f69693feab056adf0fe6	synodal:candidate:53a128448732e3e3b6f61c3e	Job.26.12	Крѣ́постїю ᲂу҆кротѝ мо́ре, и҆ хи́тростїю є҆гѡ̀ низложе́нъ бы́сть ки́тъ:	candidate-unreviewed	requires human confirmation of target identity, sense continuity, and morphological status
143	1	клевета	клевета̀	noun	lexical-form	slander, defamation	synodal:candidate:c4560f55fd5e908f1264b41f	synodal:candidate:3b17b1fccadf64ab2598d279	Eccles.7.8	Ꙗ҆́кѡ клевета̀ льсти́тъ мꙋ́драго и҆ погꙋблѧ́етъ се́рдце благоро́дствїѧ є҆гѡ̀.	blocked-ambiguous-homograph	surface belongs to multiple OCS lexeme paradigms; target identity must be resolved manually
144	1	кола	кола̀	noun	lexical-form	a cart; wheels	synodal:candidate:05ba11bef72e1c80ab2f8383	synodal:candidate:68e6f7c9ffd0e55758361b0e	Sirach.26.15	прѧ́мѡ всѧ́кагѡ кола̀ сѧ́детъ и҆ прѧ́мѡ стрѣлы̀ ѿве́рзетъ тꙋ́лъ.	blocked-ambiguous-homograph	surface belongs to multiple OCS lexeme paradigms; target identity must be resolved manually
145	1	копръ	ко́пръ	noun	lexical-form	dill, anise	synodal:candidate:d2450e5ca52f46a1fb7a515d	synodal:candidate:20ae5601cab28d89a3e5380e	Mt.23.23	(Заⷱ҇ 95) Го́ре ва́мъ, кни́жницы и҆ фарїсе́є, лицемѣ́ри, ꙗ҆́кѡ ѡ҆десѧ́тствꙋете мѧ́твꙋ и҆ ко́пръ и҆ кѵ́мїнъ, и҆ ѡ҆ста́висте вѧ̑щшаѧ зако́на, сꙋ́дъ и҆ млⷭ҇ть и҆ вѣ́рꙋ: сїѧ̑ (же) подоба́ше твори́ти, и҆ ѻ҆́нѣхъ не ѡ҆ставлѧ́ти.	candidate-unreviewed	requires human confirmation of target identity, sense continuity, and morphological status
146	1	мольба	мольба̀	noun	lexical-form	prayer; request	synodal:candidate:37d016dc773b3c8f0c9ed237	synodal:candidate:271a21c233a6d2414a2616dc	Job.16.20	Да прїи́детъ моѧ̀ мольба̀ ко гдⷭ҇ꙋ, пред̾ ни́мже да ка́плетъ ѻ҆́ко моѐ.	candidate-unreviewed	requires human confirmation of target identity, sense continuity, and morphological status
147	1	моръ	мо́ръ	noun	lexical-form	plague, pestilence	synodal:candidate:c595f749d86b9e9ec2057a4d	synodal:candidate:1339513372b65f9f5bd4b931	Jerem.29.17	та́кѡ гл҃етъ гдⷭ҇ь вседержи́тель: сѐ, а҆́зъ послю̀ на нѧ̀ ме́чь и҆ гла́дъ и҆ мо́ръ, и҆ положꙋ̀ ѧ҆̀ ꙗ҆́кѡ смѡ́квы хꙋды̑ѧ, и҆̀хже немо́щно ꙗ҆́сти, поне́же ѕѣлѡ̀ хꙋ́ды бы́ша:	candidate-unreviewed	requires human confirmation of target identity, sense continuity, and morphological status
148	1	мостъ	мо́стъ	noun	lexical-form	bridge	synodal:candidate:eb44353905486fc4750cdbfb	synodal:candidate:e6c49fc4e75576531b8bbc54	Isa.37.25	и҆ положи́хъ мо́стъ, и҆ ѡ҆пꙋстоши́хъ во́ды и҆ всѐ собра́нїе водно́е:	candidate-unreviewed	requires human confirmation of target identity, sense continuity, and morphological status
149	1	мощь	мо́щь	noun	lexical-form	ability; power	synodal:candidate:96cfa329cd08fcb6b9683024	synodal:candidate:56cecc7dd4da74d66d56f574	Job.16.15	вре́тище соши́ша на ко́жꙋ мою̀, и҆ мо́щь моѧ̀ на землѝ ᲂу҆гасѐ.	blocked-ambiguous-homograph	surface belongs to multiple OCS lexeme paradigms; target identity must be resolved manually
150	1	нить	ни́ть	noun	lexical-form	thread	synodal:candidate:30e1eab35ea748e2ce875095	synodal:candidate:3a8a4890af88f086a41ba8ed	Judg.16.12	И҆ взѧ̀ далі́да ᲂу҆́жы нѡ́вы и҆ свѧза̀ є҆го̀ и҆́ми, и҆ речѐ є҆мꙋ̀: и҆ноплемє́нницы на тѧ̀, самѱѡ́не. Подса́да же сѣдѧ́ше въ хра́минѣ. И҆ расто́рже ѧ҆̀ ѿ рꙋкꙋ̀ своє́ю а҆́ки ни́ть.	candidate-unreviewed	requires human confirmation of target identity, sense continuity, and morphological status
151	1	писмѧ	писмѧ́	noun	lexical-form	letter (grapheme); writing	synodal:candidate:6545f257f8afceb40fe36972	synodal:candidate:cff671f4f59c55572ea63ba8	II_Cor.3.6	и҆́же и҆ ᲂу҆дово́ли на́съ слꙋжи́тєли бы́ти но́вꙋ завѣ́тꙋ, не пи́смени, но дꙋ́хꙋ: писмѧ́ бо ᲂу҆бива́етъ, а҆ дꙋ́хъ животвори́тъ.	candidate-unreviewed	requires human confirmation of target identity, sense continuity, and morphological status
152	1	поносъ	поно́съ	noun	lexical-form	rebuke, scorn, insult	synodal:candidate:4dbdcdc3f1f27be0136b0850	synodal:candidate:3e256030918aa3c71a3d0f4b	Psalm.118.22	Ѿимѝ ѿ менє̀ поно́съ и҆ ᲂу҆ничиже́нїе, ꙗ҆́кѡ свидѣ́нїй твои́хъ взыска́хъ.	candidate-unreviewed	requires human confirmation of target identity, sense continuity, and morphological status
153	1	потъ	по́тъ	noun	lexical-form	sweat	synodal:candidate:c6a1554948ca3968f947aa6c	synodal:candidate:a01d80eb2b68664f538532a0	Lk.22.44	И҆ бы́въ въ по́двизѣ, прилѣ́жнѣе молѧ́шесѧ: бы́сть же по́тъ є҆гѡ̀ ꙗ҆́кѡ ка̑пли кро́ве ка́плющыѧ на зе́млю.	candidate-unreviewed	requires human confirmation of target identity, sense continuity, and morphological status
154	1	правитель	прави́тель	noun	lexical-form	director, leader, manager	synodal:candidate:f6f2d337add5aa73d68b3696	synodal:candidate:15787fa4d0e4e8ca5fa30a96	II_Esdra.4.49	писа́ же и҆ всѣ̑мъ і҆ꙋде́ѡмъ восходѧ́щымъ ѿ ца́рства во і҆ꙋде́ю ѡ҆ свобо́дѣ, да всѧ́къ си́льный и҆ вельмо́жа, и҆ намѣ́стникъ и҆ прави́тель не прихо́дитъ ко вратѡ́мъ и҆́хъ,	candidate-unreviewed	requires human confirmation of target identity, sense continuity, and morphological status
155	1	рака	рака̀	noun	lexical-form	coffin	synodal:candidate:2539d5806a07d48818e9d46b	synodal:candidate:77367820996e5d7bf61c79f5	Mt.5.22	А҆́зъ же гл҃ю ва́мъ, ꙗ҆́кѡ всѧ́къ гнѣ́ваѧйсѧ на бра́та своего̀ всꙋ́е пови́ненъ є҆́сть сꙋдꙋ̀: и҆́же бо а҆́ще рече́тъ бра́тꙋ своемꙋ̀: рака̀, пови́ненъ є҆́сть со́нмищꙋ: а҆ и҆́же рече́тъ: ᲂу҆ро́де, пови́ненъ є҆́сть гее́ннѣ ѻ҆́гненнѣй.	candidate-unreviewed	requires human confirmation of target identity, sense continuity, and morphological status
156	1	рало	ра́ло	noun	lexical-form	plough (plow)	synodal:candidate:a507123296b41f91f9ed6501	synodal:candidate:455cecfb505b99160a80658d	Lk.9.62	Рече́ же къ немꙋ̀ і҆и҃съ: никто́же возло́жь рꙋ́кꙋ свою̀ на ра́ло и҆ зрѧ̀ вспѧ́ть, ᲂу҆пра́вленъ є҆́сть въ црⷭ҇твїи бж҃їи.	candidate-unreviewed	requires human confirmation of target identity, sense continuity, and morphological status
157	1	ребро	ребро̀	noun	lexical-form	rib	synodal:candidate:d1be0740c2a86fa1872aa4a5	synodal:candidate:d1d0e2dafcc6a46e653e86e7	Gen.2.22	И҆ созда̀ гдⷭ҇ь бг҃ъ ребро̀, є҆́же взѧ̀ ѿ а҆да́ма, въ женꙋ̀, и҆ приведѐ ю҆̀ ко а҆да́мꙋ.	candidate-unreviewed	requires human confirmation of target identity, sense continuity, and morphological status
158	1	санъ	са́нъ	noun	lexical-form	rank, position	synodal:candidate:850ec6be31029038c38ab167	synodal:candidate:d433c04e91c172a59fdf42cb	Gen.40.13	є҆щѐ трѝ дни̑, и҆ помѧне́тъ фараѡ́нъ са́нъ тво́й, и҆ па́ки поста́витъ тѧ̀ въ старѣ́йшинство твоѐ вїна́рско, и҆ пода́си ча́шꙋ фараѡ́нꙋ въ рꙋ́кꙋ є҆гѡ̀ по са́нꙋ твоемꙋ̀ пе́рвомꙋ, ꙗ҆́коже бы́лъ є҆сѝ вїноче́рпчїй:	candidate-unreviewed	requires human confirmation of target identity, sense continuity, and morphological status
159	1	сласть	сла́сть	noun	lexical-form	pleasure; satisfaction; sweetness	synodal:candidate:ea03b75de2dcc80ff1092aa6	synodal:candidate:cdecf39480180210a8467cda	II_Pet.2.13	прїе́млюще мздꙋ̀ непра́веднꙋ, сла́сть мнѧ́ще вседне́вное насыще́нїе, скверни́тєли и҆ поро́чницы, пита́ющесѧ лестьмѝ свои́ми, ꙗ҆дꙋ́ще съ ва́ми,	candidate-unreviewed	requires human confirmation of target identity, sense continuity, and morphological status
160	1	слѣпота	слѣпота̀	noun	lexical-form	blindness	synodal:candidate:b4bbbdeca6110cae4eab50ae	synodal:candidate:012a10de7c6da9f8e39a0949	Deut.15.21	А҆́ще же бꙋ́детъ на не́мъ поро́къ, хромо́та, и҆лѝ слѣпота̀, и҆ всѧ́кїй поро́къ ѕо́лъ, да не пожре́ши є҆гѡ̀ гдⷭ҇ꙋ бг҃ꙋ твоемꙋ̀.	candidate-unreviewed	requires human confirmation of target identity, sense continuity, and morphological status
161	1	степень	степе́нь	noun	lexical-form	stair (a single step in a staircase)	synodal:candidate:f1e4539a71ff3252caa6d6db	synodal:candidate:37bf8dc13460aef73e9c26e7	I_Tim.3.13	и҆́бо слꙋжи́вшїи до́брѣ степе́нь себѣ̀ до́бръ сниска́ютъ и҆ мно́гое дерзнове́нїе въ вѣ́рѣ, ꙗ҆́же ѡ҆ хрⷭ҇тѣ̀ і҆и҃сѣ.	candidate-unreviewed	requires human confirmation of target identity, sense continuity, and morphological status
162	1	стропъ	стро́пъ	noun	lexical-form	ceiling	synodal:candidate:c4c57d2a6056351142904e91	synodal:candidate:db0faaf55331f35c67ee88b0	Eccles.10.18	Въ лѣ́ностехъ смири́тсѧ стро́пъ, и҆ въ пра́зднествѣ рꙋ́къ прока́плетъ хра́мина.	candidate-unreviewed	requires human confirmation of target identity, sense continuity, and morphological status
163	1	сѣдалище	сѣда́лище	noun	lexical-form	seat	synodal:candidate:e4f5700e6dc1ffa495a6e899	synodal:candidate:4688dcad04800f6d4f0d19a1	Judith.11.19	и҆ поведꙋ́ тѧ сквозѣ̀ і҆ꙋде́ю, до́ндеже прїитѝ прѧ́мѡ і҆ерⷭ҇ли́ма, и҆ положꙋ̀ сѣда́лище твоѐ посредѣ̀ є҆гѡ̀, и҆ пожене́ши и҆̀хъ а҆́ки ѻ҆́вцы, и҆̀мже нѣ́сть па́стырѧ, и҆ не возско́млетъ пе́съ ѧ҆зы́комъ свои́мъ проти́вꙋ тебє̀: занѐ мнѣ̀ сїѧ̑ речє́на сꙋ́ть по предвѣ́дѣнїю моемꙋ̀ и҆ возвѣщє́на мѝ, и҆ послана̀ є҆́смь возвѣсти́ти тебѣ̀.	candidate-unreviewed	requires human confirmation of target identity, sense continuity, and morphological status
164	1	тина	ти́на	noun	lexical-form	mud, mire, sludge; slime	synodal:candidate:976c20a960b478dd0cf4b88c	synodal:candidate:06e42567200657dabd57bcdd	Jerem.38.6	И҆ взѧ́ша і҆еремі́ю и҆ вверго́ша є҆го̀ въ ро́въ мелхі́инъ, сы́на царе́ва, и҆́же бѧ́ше во дворѣ̀ темни́чнѣмъ: и҆ свѣ́сиша є҆го̀ ᲂу҆́жами въ ро́въ, въ ро́вѣ же не бѧ́ше воды̀, но ти́на, и҆ бѧ́ше въ ти́нѣ і҆еремі́а.	candidate-unreviewed	requires human confirmation of target identity, sense continuity, and morphological status
165	1	тѧгота	тѧгота̀	noun	lexical-form	burden; grief; weight	synodal:candidate:04b46be686ff1272e887b965	synodal:candidate:247d9bdd12f900c96ab9f3eb	II_Esdra.8.22	ва́мъ же глаго́лю, да всѣ̑мъ свѧще́нникѡмъ и҆ леѵі́тѡмъ, и҆ свѧщеннопѣвцє́мъ и҆ вра́тникѡмъ, и҆ рабѡ́мъ церкѡ́внымъ и҆ писцє́мъ це́ркве тоѧ̀, ни є҆ди́на да́нь, нижѐ и҆́на тѧгота̀ бꙋ́детъ, и҆ ни є҆ди́нꙋ вла́сть и҆мѣ́ти налага́ти что̀ на ни́хъ:	candidate-unreviewed	requires human confirmation of target identity, sense continuity, and morphological status
166	1	фїлосѡфъ	фїлосѡ́фъ	noun	lexical-form	philosopher	synodal:candidate:08d2241bbe9bf2c285e853ad	synodal:candidate:db6b68c52b5e01969948c8ed	Acts.17.18	Нѣ́цыи же ѿ є҆пїкꙋ̑ръ и҆ ѿ стѡ́їкъ фїлосѡ́фъ стѧза́хꙋсѧ съ ни́мъ: и҆ нѣ́цыи глаго́лахꙋ: что̀ ᲂу҆́бѡ хо́щетъ сꙋесло́вивый се́й глаго́лати; И҆ні́и же: чꙋжди́хъ богѡ́въ мни́тсѧ проповѣ́дникъ бы́ти: ꙗ҆́кѡ і҆и҃са и҆ воскрⷭ҇нїе благовѣствова́ше и҆̀мъ.	candidate-unreviewed	requires human confirmation of target identity, sense continuity, and morphological status
167	1	хоботъ	хо́ботъ	noun	lexical-form	tail	synodal:candidate:6e38303ca04cb1f030efdf79	synodal:candidate:4afc953ea1bea457c3a22636	Apoc.12.4	и҆ хо́ботъ є҆гѡ̀ ѿто́рже тре́тїю ча́сть ѕвѣ́здъ небе́сныхъ и҆ положѝ ѧ҆̀ въ зе́млю . И҆ ѕмі́й стоѧ́ше пред̾ жено́ю хотѧ́щею роди́ти, да, є҆гда̀ роди́тъ, снѣ́сть ча́до є҆ѧ̀.	candidate-unreviewed	requires human confirmation of target identity, sense continuity, and morphological status
168	1	хранило	храни́ло	noun	lexical-form	bridle	synodal:candidate:307273c373eac13683e40bbf	synodal:candidate:42c13dcdb1af02e07ff30e65	Psalm.38.1	Рѣ́хъ: сохраню̀ пꙋти̑ моѧ̑, є҆́же не согрѣша́ти мѝ ѧ҆зы́комъ мои́мъ: положи́хъ ᲂу҆стѡ́мъ мои̑мъ храни́ло, внегда̀ воста́ти грѣ́шномꙋ предо мно́ю.	blocked-ambiguous-homograph	surface belongs to multiple OCS lexeme paradigms; target identity must be resolved manually
169	1	цѣльба	цѣльба̀	noun	lexical-form	cure, recovery	synodal:candidate:087396c07b2ecb3c018a4fe7	synodal:candidate:71863e3784ca7c8c75e3e2a5	Wisd.16.9	тѣ́хъ бо а҆крі̑ды и҆ мꙋ̑хи поби́ша ᲂу҆грызе́нїемъ, и҆ не ѡ҆брѣ́тесѧ цѣльба̀ дꙋша́мъ и҆́хъ, ꙗ҆́кѡ досто́йни бѧ́хꙋ ѿ таковы́хъ мꙋ́читисѧ.	candidate-unreviewed	requires human confirmation of target identity, sense continuity, and morphological status
170	1	юнота	ю҆́нота	noun	lexical-form	young man	synodal:candidate:11536d15af73af8254e11c7a	synodal:candidate:6d2b66be7fe400b5276b3509	Prov.20.11	и҆ творѧ́й ѧ҆̀ въ начина́нїихъ свои́хъ за́пнетсѧ: ю҆́нота съ преподо́бнымъ, и҆ пра́вый пꙋ́ть є҆гѡ̀.	candidate-unreviewed	requires human confirmation of target identity, sense continuity, and morphological status
171	1	ѡбрѣтатель	ѡ҆брѣта́тель	noun	lexical-form	discoverer	synodal:candidate:08fc90adf706bd3ba279ca37	synodal:candidate:ae7936b2e19f9fea5df1a762	Prov.16.20	Разꙋ́мный въ ве́щехъ ѡ҆брѣта́тель бл҃ги́хъ, надѣ́ѧйсѧ же на гдⷭ҇а бл҃же́нъ.	candidate-unreviewed	requires human confirmation of target identity, sense continuity, and morphological status
172	1	ѡплотъ	ѡ҆пло́тъ	noun	lexical-form	fence	synodal:candidate:2d21196525e72a4fd748b2b3	synodal:candidate:39fa345a0bb3e80221d623ee	Psalm.79.12	Вскꙋ́ю низложи́лъ є҆сѝ ѡ҆пло́тъ є҆гѡ̀, и҆ ѡ҆б̾има́ютъ и҆̀ всѝ мимоходѧ́щїи пꙋте́мъ;	candidate-unreviewed	requires human confirmation of target identity, sense continuity, and morphological status
173	1	ѡрало	ѡ҆ра́ло	noun	lexical-form	plow	synodal:candidate:f2987addf34f45e497834791	synodal:candidate:3010ebddc27c7ee521faa789	Sirach.38.25	Чи́мъ ᲂу҆мꙋдри́тсѧ держа́й ѡ҆ра́ло и҆ хвалѧ́йсѧ ѻ҆стно́мъ, гонѧ́й волы̀ и҆ ѡ҆браща́ѧйсѧ въ дѣ́лѣхъ и҆́хъ, и҆ по́вѣсть є҆гѡ̀ въ сынѣ́хъ ю҆́нчихъ;	blocked-ambiguous-homograph	surface belongs to multiple OCS lexeme paradigms; target identity must be resolved manually
174	1	ѡнѡ	ѡ҆нѡ̀	pronoun	lexical-form	it	synodal:candidate:0bf8dd5dba56973645367c2e	synodal:candidate:c4eb3a8e32fc518034a9907e	Nehem.6.2	и҆ посла̀ санавалла́тъ и҆ гиса́мъ ко мнѣ̀, глагѡ́люща: прїидѝ, и҆ собере́мсѧ вкꙋ́пѣ въ ве́сехъ на по́ли ѡ҆нѡ̀ (глаго́лемѣмъ). Ті́и же помышлѧ́ста мнѣ̀ сотвори́ти ѕло́е.	blocked-ambiguous-homograph	surface belongs to multiple OCS lexeme paradigms; target identity must be resolved manually
175	1	алкати	а҆лка́ти	verb	lexical-form	to starve	synodal:candidate:e64cdf1e2e56df74dc2f559d	synodal:candidate:75430e0d024975b707cabfa2	Philip.4.12	вѣ́мъ и҆ смири́тисѧ, вѣ́мъ и҆ и҆збы́точествовати: во все́мъ и҆ во всѣ́хъ навыко́хъ, и҆ насыща́тисѧ и҆ а҆лка́ти, и҆ и҆збы́точествовати и҆ лиша́тисѧ.	blocked-ambiguous-homograph	surface belongs to multiple OCS lexeme paradigms; target identity must be resolved manually
176	1	борѧ	борѧ̀	verb	lexical-form	fighter, one who is fighting	synodal:candidate:b5c0e2e06920a8c2e6cf4818	synodal:candidate:a2e93c072a96d9013058fa2d	Psalm.55.1	Поми́лꙋй мѧ̀, бж҃е, ꙗ҆́кѡ попра́ мѧ человѣ́къ: ве́сь де́нь борѧ̀ стꙋжи́ ми.	candidate-unreviewed	requires human confirmation of target identity, sense continuity, and morphological status
177	1	вести	вестѝ	verb	lexical-form	to conduct; to lead	synodal:candidate:cbaf3dfd528daea20dcd7700	synodal:candidate:39f552fb9ab1cbdcce2b41cf	Acts.23.10	Мно́зѣ же бы́вшей ра́спри, боѧ́сѧ ты́сѧщникъ, да не растерза́нъ бꙋ́детъ па́ѵелъ ѿ ни́хъ, повелѣ̀ во́инѡмъ сни́ти и҆ восхи́тити є҆го̀ ѿ среды̀ и҆́хъ и҆ вестѝ (є҆го̀) въ по́лкъ.	candidate-unreviewed	requires human confirmation of target identity, sense continuity, and morphological status
178	1	гласити	гласи́ти	verb	lexical-form	to be worded, say; to say, to read; to sound	synodal:candidate:43f4eafdf89e926c24bb63e5	synodal:candidate:6f657fcd0af51ab46ba3d1fc	Sirach.47.12	Дадѐ во пра́здницѣхъ благолѣ́пїе и҆ ᲂу҆красѝ времена̀ да́же до сконча́нїѧ, внегда̀ воспѣва́ти и҆̀мъ и҆́мѧ ст҃о́е є҆гѡ̀ и҆ ѿ ᲂу҆́тра гласи́ти во свѧти́лищи.	candidate-unreviewed	requires human confirmation of target identity, sense continuity, and morphological status
179	1	давати	дава́ти	verb	lexical-form	to give	synodal:candidate:42620cbc302fae04fdad827b	synodal:candidate:15637ccf02de7a6dedfe0338	Judith.12.3	И҆ речѐ къ не́й ѻ҆лофе́рнъ: а҆́ще же ѡ҆скꙋдѣ́ютъ сꙋ̑щаѧ съ тобо́ю, ѿкꙋ́дꙋ принесе́мъ тебѣ̀ дава́ти подѡ́бнаѧ си̑мъ; нѣ́сть бо съ на́ми ѿ ро́да твоегѡ̀.	candidate-unreviewed	requires human confirmation of target identity, sense continuity, and morphological status
180	1	дремати	дрема́ти	verb	lexical-form	to doze, to drowse, to slumber	synodal:candidate:7126c129860ed736ede2339c	synodal:candidate:1123d23017be89d086456218	Isa.56.10	Ви́дите, ꙗ҆́кѡ всѝ ѡ҆слѣпо́ша, не разꙋмѣ́ша смы́слити, всѝ псѝ нѣмі́и не возмо́гꙋтъ ла́ѧти, ви́дѧще сны̀ на ло́жи, лю́бѧще дрема́ти,	candidate-unreviewed	requires human confirmation of target identity, sense continuity, and morphological status
181	1	дѣлити	дѣли́ти	verb	lexical-form	to divide	synodal:candidate:fe891b0d76f6078cdf97af6d	synodal:candidate:e2abfd43e83849ecc2640593	Josh.19.51	Сїѧ̑ раздѣлє́нїѧ, ꙗ҆̀же раздѣли́ша є҆леаза́ръ жре́цъ и҆ і҆исꙋ́съ наѵи́нъ и҆ кнѧ̑зи ѻ҆те́чествъ въ племенѣ́хъ і҆и҃левыхъ по жре́бїѧмъ въ силѡ́мѣ пред̾ гдⷭ҇емъ, ᲂу҆ две́рїй ски́нїи свидѣ́нїѧ. И҆ сконча́ша дѣли́ти зе́млю.	candidate-unreviewed	requires human confirmation of target identity, sense continuity, and morphological status
182	1	зажещи	зажещѝ	verb	lexical-form	set on fire, ignite, burn	synodal:candidate:8673f00d7c6de65dc7a8ff19	synodal:candidate:36ce6f798000c10cf1ada315	II_Macc.14.41	Мно́жествꙋ же наро́да хотѧ́щꙋ сто́лпъ ѡ҆бдержа́ти и҆ дворѡ́выѧ двє́ри разрꙋша́ющꙋ, и҆ повелѣ́вшꙋ ѻ҆́гнь принестѝ и҆ двє́ри зажещѝ, ѡ҆б̾ѧ́тъ ѿвсю́дꙋ бы́въ, мече́мъ порази́сѧ,	candidate-unreviewed	requires human confirmation of target identity, sense continuity, and morphological status
183	1	испещи	и҆спещѝ	verb	lexical-form	to bake	synodal:candidate:7c5c241c520f666a81cbb271	synodal:candidate:e97d281f643ff8cc70cedff3	I_Kings.2.15	И҆ пре́жде кажде́нїѧ тꙋ́ка, прихожда́ше ѻ҆́трокъ жре́ческъ и҆ глаго́лаше мꙋ́жеви жрꙋ́щемꙋ: да́ждь мѧ́са и҆спещѝ жерцꙋ̀, и҆ не возмꙋ̀ ѿ тебє̀ мѧ́са варе́нагѡ ѿ коно́ба.	candidate-unreviewed	requires human confirmation of target identity, sense continuity, and morphological status
184	1	ковати	кова́ти	verb	lexical-form	to forge	synodal:candidate:4bf274852b57012ab5ed04d8	synodal:candidate:942ce756df38810f40e98554	I_Kings.13.20	И҆ хожда́хꙋ всѝ сы́нове і҆и҃лєвы въ зе́млю и҆ноплеме́нничꙋ кова́ти кі́йждо своѧ̑ кѡ́сы и҆ ѻ҆рꙋ̑дїѧ своѧ̑, и҆ кі́йждо сѣки̑ры своѧ̑ и҆ серпы̀ своѧ̑.	candidate-unreviewed	requires human confirmation of target identity, sense continuity, and morphological status
185	1	красти	кра́сти	verb	lexical-form	to steal	synodal:candidate:1ac46a55ca9904570ad63987	synodal:candidate:bf1c4e2fe80ab36d99bda1f1	Rom.2.22	проповѣ́даѧ не кра́сти, кра́деши: глаго́лѧй не прелюбы̀ твори́ти, прелюбы̀ твори́ши: гнꙋша́ѧсѧ і҆́дѡлъ, ст҃а̑ѧ кра́деши:	candidate-unreviewed	requires human confirmation of target identity, sense continuity, and morphological status
186	1	мести	ме́сти	verb	lexical-form	to sweep; to throw	synodal:candidate:783693e6f37937d6d4ed1394	synodal:candidate:7c9011b987295153ec6ada2f	Sirach.18.24	Помѧнѝ гнѣ́въ въ де́нь сконча́нїѧ и҆ вре́мѧ ме́сти во ѿвраще́нїи лица̀:	candidate-unreviewed	requires human confirmation of target identity, sense continuity, and morphological status
187	1	наити	наитѝ	verb	lexical-form	(+ сѧ (sę)) to stumble across, to find oneself at; to chance upon, to find	synodal:candidate:e6541f1d98624bf7bd3909bf	synodal:candidate:ec1a1da33cd3c2061dea7a81	Wisd.16.4	Подоба́ше бо на ѻ҆́ныхъ ᲂу҆́бѡ неизбѣ́жнѣй нищетѣ̀ наитѝ мꙋчи́тельствꙋющихъ, си̑мъ же то́кмѡ показа́ти, ка́кѡ вразѝ и҆́хъ мꙋ́чишасѧ.	candidate-unreviewed	requires human confirmation of target identity, sense continuity, and morphological status
188	1	падати	па́дати	verb	lexical-form	to fall	synodal:candidate:88cb86cc7a7b54d198f869ca	synodal:candidate:cd48f4e53c66ca4562497c11	Jerem.51.49	и҆ ꙗ҆́коже сотворѝ вавѷлѡ́нъ па́дати ꙗ҆́звєнымъ во і҆и҃ли, та́кѡ въ вавѷлѡ́нѣ падꙋ́тъ ꙗ҆́звенїи всеѧ̀ землѝ.	candidate-unreviewed	requires human confirmation of target identity, sense continuity, and morphological status
189	1	парити	пари́ти	verb	lexical-form	to fly	synodal:candidate:aef331a00dec2e3fced22d30	synodal:candidate:f5ef7c88ce6869a4e8688b6c	Prov.7.10	жена́ же срѧ́щетъ є҆го̀, зра́къ и҆мꙋ́щи прелюбодѣ́йничь, ꙗ҆́же твори́тъ ю҆́ныхъ пари́ти сердца́мъ: воскри́лена же є҆́сть и҆ блꙋ́дна,	candidate-unreviewed	requires human confirmation of target identity, sense continuity, and morphological status
190	1	попирати	попира́ти	verb	lexical-form	tread on, trample	synodal:candidate:9c0c270c0aa012016c7aeade	synodal:candidate:9f19ea695b40e7741161f2d7	Lk.12.1	Ѡ҆ ни́хже собра́вшымсѧ тьма́мъ наро́да, ꙗ҆́кѡ попира́ти дрꙋ́гъ дрꙋ́га, нача́тъ гл҃ати ᲂу҆чн҃кѡ́мъ свои̑мъ пе́рвѣе: внемли́те себѣ̀ ѿ ква́са фарїсе́йска, є҆́же є҆́сть лицемѣ́рїе.	candidate-unreviewed	requires human confirmation of target identity, sense continuity, and morphological status
191	1	произнести	произнестѝ	verb	lexical-form	to say	synodal:candidate:8730a8e32acbf19ac2b6bd4c	synodal:candidate:ec306fe0ed074e07270c1af5	Prov.17.27	И҆́же щади́тъ глаго́лъ произнестѝ же́стокъ, разꙋ́менъ: долготерпѣли́вый же мꙋ́жъ премꙋ́дръ, лꙋ́чше и҆́щꙋщагѡ наꙋ́ки.	candidate-unreviewed	requires human confirmation of target identity, sense continuity, and morphological status
192	1	распѧти	распѧ́ти	verb	lexical-form	to crucify; to stretch, to strain	synodal:candidate:f765d8a7ae236b0eb5b26413	synodal:candidate:e364039bf49f1d61d5b2868d	Jn.19.10	Глаго́ла же є҆мꙋ̀ пїла́тъ: мнѣ́ ли не гл҃еши; не вѣ́си ли, ꙗ҆́кѡ вла́сть и҆́мамъ распѧ́ти тѧ̀ и҆ вла́сть и҆́мамъ пꙋсти́ти тѧ̀;	candidate-unreviewed	requires human confirmation of target identity, sense continuity, and morphological status
193	1	садити	сади́ти	verb	lexical-form	to plant	synodal:candidate:f1b27cfe90b14bc680ec755c	synodal:candidate:b9bd3b01f161b7a49640300d	Eccles.3.2	вре́мѧ ражда́ти и҆ вре́мѧ ᲂу҆мира́ти, вре́мѧ сади́ти и҆ вре́мѧ и҆сторга́ти сажде́ное,	candidate-unreviewed	requires human confirmation of target identity, sense continuity, and morphological status
194	1	свободити	свободи́ти	verb	lexical-form	to save; to set free, liberate	synodal:candidate:529d754dae62edf919536a6b	synodal:candidate:294d4b9efcc402c472be66b9	III_Macc.2.24	Мно́жайшїи же хра́брою дꙋше́ю ᲂу҆крѣпи́шасѧ и҆ не ѿстꙋпи́ша ѿ благоче́стїѧ: и҆ сре́бреники за живо́тъ ѡ҆бѣща́вше во и҆змѣне́нїе да́ти, безбоѧ́зненнѡ тща́хꙋсѧ свободи́ти себѐ ѿ вписа́нїй: благонаде́жни бы́ша по́мощь полꙋчи́ти,	candidate-unreviewed	requires human confirmation of target identity, sense continuity, and morphological status
195	1	трепетати	трепета́ти	verb	lexical-form	to shake	synodal:candidate:a09ee9bbda4f7b41b5d06149	synodal:candidate:37b1e20852817e6a69bfe4b7	III_Esdra.3.18	и҆ преклони́лъ є҆сѝ нб҃са̀, и҆ ᲂу҆ста́вилъ є҆сѝ зе́млю, и҆ поколеба́лъ є҆сѝ вселе́ннꙋю, и҆ трепета́ти сотвори́лъ є҆сѝ бє́здны, и҆ возмꙋти́лъ є҆сѝ мі́ръ,	candidate-unreviewed	requires human confirmation of target identity, sense continuity, and morphological status
196	1	ѡбращати	ѡ҆браща́ти	verb	lexical-form	to convert; to turn (to)	synodal:candidate:4d3a385260b7ce5440552540	synodal:candidate:ab9919f5f4434c04db70f827	Apoc.11.6	И҆ сі́и и҆́мꙋтъ ѡ҆́бласть затвори́ти не́бо, да не сни́детъ до́ждь (на зе́млю) во дни̑ прорица́нїѧ и҆́хъ, и҆ ѡ҆́бласть и҆́мꙋтъ на вода́хъ, ѡ҆браща́ти ѧ҆̀ въ кро́вь и҆ порази́ти зе́млю всѧ́кою ꙗ҆́звою, є҆ли́жды а҆́ще восхо́щꙋтъ.	candidate-unreviewed	requires human confirmation of target identity, sense continuity, and morphological status
197	1	ѡжидати	ѡ҆жида́ти	verb	lexical-form	to expect; to wait	synodal:candidate:fc98d19bdd771cca4c05691a	synodal:candidate:e00dc2692910f6b09f24ae82	Isa.51.5	Приближа́етсѧ ско́рѡ пра́вда моѧ̀, и҆ и҆зы́детъ ꙗ҆́кѡ свѣ́тъ спⷭ҇нїе моѐ, и҆ на мы́шцꙋ мою̀ ꙗ҆зы́цы надѣ́ѧтисѧ бꙋ́дꙋтъ: менѐ ѻ҆́строви ѡ҆жида́ти и҆ на мы́шцꙋ мою̀ ᲂу҆пова́ти бꙋ́дꙋтъ.	candidate-unreviewed	requires human confirmation of target identity, sense continuity, and morphological status
198	1	ѡстрищи	ѡ҆стрищѝ	verb	lexical-form	to shear, haircut; to tonsure, to became a monk	synodal:candidate:66c0fe56c866ce6249a25828	synodal:candidate:c88dc2ca8a5393fce274f058	Gen.31.19	Лава́нъ же ѿи́де ѡ҆стрищѝ ѻ҆́вцы своѧ̑: ᲂу҆кра́де же рахи́ль і҆́дѡлы ѻ҆тца̀ своегѡ̀.	candidate-unreviewed	requires human confirmation of target identity, sense continuity, and morphological status
