correction_id	obsolete_lexeme_id	obsolete_sense_id	obsolete_review_id	canonical_lexeme_id	canonical_sense_id	canonical_review_id	semantic_candidate_id	decision	review_note
v07-identity-correction-honour-rank-reverence	synodal:noun:v07-42aa8e4b7e282b55	sense:v07:740331b9ff415957	review:v07:740331b9ff415957	synodal:noun:v06-67fa4c88721fcbe8	sense:v06:67fa4c88721fcbe8	review:v06:67fa4c88721fcbe8	synodal:candidate:67fa4c88721fcbe8c8fa59b1	merged	Independent consistency review confirmed that both records cite the same reviewed semantic candidate, noun part of speech, and honour-rank-reverence gloss. The v0.7 genitive singular exact cell and held-out witness are therefore merged into the established v0.6 lexeme and sense; the distinct part-or-piece identity remains separate.
v07-identity-correction-e103cdfb4f741044	synodal:verb:v07-eb10d662017e52e3	sense:v07:e103cdfb4f741044	review:v07:e103cdfb4f741044	synodal:verb:wikt-d5e8b80c64e6	sense:v03:d5e8b80c64e6	review:v03:d5e8b80c64e6	synodal:candidate:d5e8b80c64e65cbe8be87255	merged	Independent consistency review confirmed that both records cite the same reviewed semantic candidate and part of speech, with identical or overlapping glosses. All v0.7 exact cells and held-out witnesses are merged into the established identity; no new lexeme or sense is retained.
v07-identity-correction-423510b7ac6a54de	synodal:noun:v07-6c85fb6a6ce722bc	sense:v07:423510b7ac6a54de	review:v07:423510b7ac6a54de	synodal:noun:day	sense:v05:noun:day	review:v05:noun:day	synodal:candidate:decc745a17a2032dbbcfb35e	merged	Independent consistency review confirmed that both records cite the same reviewed semantic candidate and part of speech, with identical or overlapping glosses. All v0.7 exact cells and held-out witnesses are merged into the established identity; no new lexeme or sense is retained.
v07-identity-correction-a5706a38009a4460	synodal:noun:v07-fdb7f4a71e94c98a	sense:v07:a5706a38009a4460	review:v07:a5706a38009a4460	synodal:noun:father	sense:v05:noun:father	review:v05:noun:father	synodal:candidate:7a1b22a24969a786e4c0c417	merged	Independent consistency review confirmed that both records cite the same reviewed semantic candidate and part of speech, with identical or overlapping glosses. All v0.7 exact cells and held-out witnesses are merged into the established identity; no new lexeme or sense is retained.
v07-identity-correction-cd687f96b583539a	synodal:proper-noun:v07-50105a1aa0816a84	sense:v07:cd687f96b583539a	review:v07:cd687f96b583539a	synodal:proper-noun:v06-04e20c2d91d51075	sense:v06:04e20c2d91d51075	review:v06:04e20c2d91d51075	synodal:candidate:04e20c2d91d510753286f58d	merged	Independent consistency review confirmed that both records cite the same reviewed semantic candidate and part of speech, with identical or overlapping glosses. All v0.7 exact cells and held-out witnesses are merged into the established identity; no new lexeme or sense is retained.
v07-identity-correction-a8e4e43798d81340	synodal:noun:v07-db736b2e407d8c1f	sense:v07:a8e4e43798d81340	review:v07:a8e4e43798d81340	synodal:noun:v06-3524b116551ebe06	sense:v06:3524b116551ebe06	review:v06:3524b116551ebe06	synodal:candidate:3524b116551ebe06e62d743b	merged	Independent consistency review confirmed that both records cite the same reviewed semantic candidate and part of speech, with identical or overlapping glosses. All v0.7 exact cells and held-out witnesses are merged into the established identity; no new lexeme or sense is retained.
v07-identity-correction-cc33df4cc0cd7bd9	synodal:noun:v07-e7519bb86df39474	sense:v07:cc33df4cc0cd7bd9	review:v07:cc33df4cc0cd7bd9	synodal:noun:v06-dd281666539ac305	sense:v06:dd281666539ac305	review:v06:dd281666539ac305	synodal:candidate:dd281666539ac3053c8898f2	merged	Independent consistency review confirmed that both records cite the same reviewed semantic candidate and part of speech, with identical or overlapping glosses. All v0.7 exact cells and held-out witnesses are merged into the established identity; no new lexeme or sense is retained.
v07-identity-correction-sei-demonstrative	synodal:pronoun:v07-300880fbe0223d33	sense:v07:6030af138123cb56	review:v07:6030af138123cb56	synodal:pronoun:sei	sense:this	alypy-45-pronoun-inventory	synodal:candidate:79c1602aa5f2f87816fa43a8	merged	Corrective identity review confirmed that сь/симъ belongs to the established сей demonstrative paradigm. The surviving target-attested cells and held-out witnesses are merged into canonical сей, while the separate v0.7 lexeme and sense are removed.
v10-identity-correction-love	synodal:noun:v07-c56f014c9d6102d1	sense:v07:3b369133194baa43	review:v07:3b369133194baa43	synodal:noun:lyubov	sense:love	alypy-42-44-irregular-noun-families	synodal:candidate:c9fefb1af3751967e3ff975a	merged	Alypy §§42–44 explicitly connect любы, любовь, любв-, and любов- within one fourth-declension lexeme. The reviewed v0.7 exact cells therefore belong to the established love identity and precede its cell-scoped productive background; no duplicate homograph remains.
