title	book_code
А҆пока́лѷѱїсъ ст҃а́гѡ і҆ѡа́нна бг҃осло́ва	Apoc
Бі́блїа	-
Дѣѧ̑нїѧ ст҃ы́хъ а҆пⷭ҇лъ	Acts
Кни́га втора́ѧ маккаве́йскаѧ	II_Macc
Кни́га втора́ѧ мѡѷсе́ова и҆схо́дъ	Ex
Кни́га втора́ѧ паралїпоме́нѡнъ	II_Paral
Кни́га втора́ѧ ца́рствъ	II_Kings
Кни́га втора́ѧ є҆́здры	II_Esdra
Кни́га неемі́и	Nehem
Кни́га пе́рваѧ маккаве́йскаѧ	I_Macc
Кни́га пе́рваѧ мѡѷсе́ова бытїѐ	Gen
Кни́га пе́рваѧ паралїпоме́нѡнъ	I_Paral
Кни́га пе́рваѧ ца́рствъ	I_Kings
Кни́га пе́рваѧ є҆́здры	I_Esdra
Кни́га пла́чь і҆еремі́евъ	Lamen
Кни́га посла́нїе і҆еремі́ино	Epistle
Кни́га премⷣрости соломѡ́ни	Wisd
Кни́га премⷣрости і҆исꙋ́са сы́на сїра́хова	Sirach
Кни́га при́тчей соломѡ́нихъ	Prov
Кни́га прⷪ҇ро́ка а҆ввакꙋ́ма	Habak
Кни́га прⷪ҇ро́ка а҆вді́а	Obad
Кни́га прⷪ҇ро́ка а҆гге́а	Hagg
Кни́га прⷪ҇ро́ка а҆мѡ́са	Amos
Кни́га прⷪ҇ро́ка варꙋ́ха	Baruch
Кни́га прⷪ҇ро́ка данїи́ла	Dan
Кни́га прⷪ҇ро́ка заха́рїи	Zech
Кни́га прⷪ҇ро́ка и҆са́їи	Isa
Кни́га прⷪ҇ро́ка малахі́и	Mal
Кни́га прⷪ҇ро́ка мїхе́а	Mica
Кни́га прⷪ҇ро́ка наꙋ́ма	Nahum
Кни́га прⷪ҇ро́ка софо́нїи	Zeph
Кни́га прⷪ҇ро́ка і҆езекі́илѧ	Ezek
Кни́га прⷪ҇ро́ка і҆еремі́и	Jerem
Кни́га прⷪ҇ро́ка і҆ѡ́ны	Jona
Кни́га прⷪ҇ро́ка і҆ѡи́лѧ	Joel
Кни́га прⷪ҇ро́ка ѡ҆сі́и	Hos
Кни́га пѣ́снь пѣ́сней царѧ̀ соломѡ́на	Song
Кни́га пѧ́таѧ мѡѷсе́ова второзако́нїе	Deut
Кни́га рꙋ́ѳь	Ruth
Кни́га сꙋді́й і҆и҃левыхъ	Judg
Кни́га тре́тїѧ маккаве́йскаѧ	III_Macc
Кни́га тре́тїѧ мѡѷсе́ова леѵі́тъ	Lev
Кни́га тре́тїѧ ца́рствъ	III_Kings
Кни́га тре́тїѧ є҆́здры	III_Esdra
Кни́га тѡві́та	Tobit
Кни́га четве́ртаѧ мѡѷсе́ова чи́сла	Num
Кни́га четве́ртаѧ ца́рствъ	IV_Kings
Кни́га є҆кклесїа́ста си́рѣчь проповѣ́дника	Eccles
Кни́га є҆сѳи́рь	Esther
Кни́га і҆́ѡва	Job
Кни́га і҆исꙋ́са наѵи́на	Josh
Кни́га і҆ꙋді́ѳъ	Judith
Посла́нїе второ́е къ корі́нѳѧнѡмъ ст҃а́гѡ а҆пⷭ҇ла па́ѵла	II_Cor
Посла́нїе второ́е къ солꙋ́нѧнѡмъ ст҃а́гѡ а҆пⷭ҇ла па́ѵла	II_Thess
Посла́нїе второ́е къ тїмоѳе́ю ст҃а́гѡ а҆пⷭ҇ла па́ѵла	II_Tim
Посла́нїе ко є҆вре́ємъ ст҃а́гѡ а҆пⷭ҇ла па́ѵла	Heb
Посла́нїе ко є҆фесе́ємъ ст҃а́гѡ а҆пⷭ҇ла па́ѵла	Eph
Посла́нїе къ гала́тѡмъ ст҃а́гѡ а҆пⷭ҇ла па́ѵла	Gal
Посла́нїе къ колосса́ємъ ст҃а́гѡ а҆пⷭ҇ла па́ѵла	Col
Посла́нїе къ ри́млѧнѡмъ ст҃а́гѡ а҆пⷭ҇ла па́ѵла	Rom
Посла́нїе къ ті́тꙋ ст҃а́гѡ а҆пⷭ҇ла па́ѵла	Tit
Посла́нїе къ фїлимо́нꙋ ст҃а́гѡ а҆пⷭ҇ла па́ѵла	Philemon
Посла́нїе къ фїлїпписі́ємъ ст҃а́гѡ а҆пⷭ҇ла па́ѵла	Philip
Посла́нїе пе́рвое къ корі́нѳѧнѡмъ ст҃а́гѡ а҆пⷭ҇ла па́ѵла	I_Cor
Посла́нїе пе́рвое къ солꙋ́нѧнѡмъ ст҃а́гѡ а҆пⷭ҇ла па́ѵла	I_Thess
Посла́нїе пе́рвое къ тїмоѳе́ю ст҃а́гѡ а҆пⷭ҇ла па́ѵла	I_Tim
Собо́рное посла́нїе второ́е ст҃а́гѡ а҆пⷭ҇ла петра̀	II_Pet
Собо́рное посла́нїе второ́е ст҃а́гѡ а҆пⷭ҇ла і҆ѡа́нна бг҃осло́ва	II_Jn
Собо́рное посла́нїе пе́рвое ст҃а́гѡ а҆пⷭ҇ла петра̀	I_Pet
Собо́рное посла́нїе пе́рвое ст҃а́гѡ а҆пⷭ҇ла і҆ѡа́нна бг҃осло́ва	I_Jn
Собо́рное посла́нїе тре́тїе ст҃а́гѡ а҆пⷭ҇ла і҆ѡа́нна бг҃осло́ва	III_Jn
Собо́рное посла́нїе і҆а́кѡвле	Jas
Собо́рное посла́нїе і҆ꙋ́дино	Jude
Ѱалти́рь	Psalm
Ѿ лꙋкѝ ст҃о́е бл҃говѣствова́нїе	Lk
Ѿ ма́рка ст҃о́е бл҃говѣствова́нїе	Mk
Ѿ матѳе́а ст҃о́е бл҃говѣствова́нїе	Mt
Ѿ і҆ѡа́нна ст҃о́е бл҃говѣствова́нїе	Jn
