source_row	lemma	class	inflection_lemma	number_restriction
5	ꙗвл҄ѥниѥ	2/n	ꙗвл҄ѥниѥ	all
7	ꙗдениѥ	2/n	ꙗдениѥ	all
9	ꙗдра	2/n	ꙗдро	pl
10	ꙗдро	2/n	ꙗдро	all
11	ꙗдъ	2/m	ꙗдъ	all
12	ꙗдь	1/f	ꙗдь	all
13	ꙗдьца	2/f	ꙗдьца	all
15	ꙗзва	2/f	ꙗзва	all
16	ꙗзвина	2/f	ꙗзвина	all
20	ꙗма	2/f	ꙗма	all
23	ꙗрость	1/f	ꙗрость	all
25	ꙗрьмъ	2/m	ꙗрьмъ	all
26	ꙗрьмьникъ	2/m	ꙗрьмьникъ	all
28	ꙗсли	1/f	ꙗсль	pl
32	ꙗто	2/n	ꙗто	all
34	ѥдин҄ѥниѥ	2/n	ѥдин҄ѥниѥ	all
38	ѥдиньство	2/n	ѥдиньство	all
41	ѥзеро	2/n	ѥзеро	all
43	ѥлень	1/m	ѥлень	all
46	ѥстьствиѥ	2/n	ѥстьствиѥ	all
47	ѥстьство	2/n	ѥстьство	all
50	ѕвѣзда	2/f	ѕвѣзда	all
54	л҄юбл҄ѥниѥ	2/n	л҄юбл҄ѥниѥ	all
55	л҄юбл҄ѥникъ	2/m	л҄юбл҄ѥникъ	all
63	л҄юдиѥ	1/m	л҄юдь	pl
65	л҄юто	2/n	л҄юто	all
66	л҄ютость	1/f	л҄ютость	all
68	л҄ютьць	2/m	л҄ютьць	all
69	н҄ива	2/f	н҄ива	all
71	ѩѕа	2/f	ѩѕа	all
73	ѩзыкъ	2/m	ѩзыкъ	all
74	ѩзычьникъ	2/m	ѩзычьникъ	all
78	ѩтиѥ	2/n	ѩтиѥ	all
82	авл҄ѥниѥ	2/n	авл҄ѥниѥ	all
85	агньць	2/m	агньць	all
87	агода	2/f	агода	all
89	аице	2/n	аице	all
91	алъчьба	2/f	алъчьба	all
93	ащеръ	2/m	ащеръ	all
95	бл҄ьвотина	2/f	бл҄ьвотина	all
96	бл҄юдъ	2/m	бл҄юдъ	all
98	бан҄ꙗ	2/f	бан҄ꙗ	all
99	баба	2/f	баба	all
101	багъръ	2/m	багъръ	all
102	багърѣница	2/f	багърѣница	all
104	балованиѥ	2/n	балованиѥ	all
105	бальство	2/n	бальство	all
106	бедра	2/f	бедра	all
108	безакон҄ѥниѥ	2/n	безакон҄ѥниѥ	all
109	безакониѥ	2/n	безакониѥ	all
110	безаконьниѥ	2/n	безаконьниѥ	all
111	безаконьникъ	2/m	безаконьникъ	all
114	безбоꙗзниѥ	2/n	безбоꙗзниѥ	all
116	безбожьство	2/n	безбожьство	all
124	безвѣриѥ	2/n	безвѣриѥ	all
127	безгодиѥ	2/n	безгодиѥ	all
128	безградьникъ	2/m	безградьникъ	all
134	бездъждиѥ	2/n	бездъждиѥ	all
135	бездъна	2/f	бездъна	all
136	бездъниѥ	2/n	бездъниѥ	all
141	безмлъвиѥ	2/n	безмлъвиѥ	all
143	безмлъвьствиѥ	2/n	безмлъвьствиѥ	all
144	безмьздьникъ	2/m	безмьздьникъ	all
149	безочьство	2/n	безочьство	all
151	безумиѥ	2/n	безумиѥ	all
152	безумьникъ	2/m	безумьникъ	all
154	безълобиѥ	2/n	безълобиѥ	all
171	беспосагаꙗ	2/f	беспосагаꙗ	all
172	бесправьдиѥ	2/n	бесправьдиѥ	all
175	бесрамиѥ	2/n	бесрамиѥ	all
176	бесрамъкъ	2/m	бесрамъкъ	all
179	бестрастиѥ	2/n	бестрастиѥ	all
181	бестудиѥ	2/n	бестудиѥ	all
182	бестудьникъ	2/m	бестудьникъ	all
184	бестудьць	2/m	бестудьць	all
185	бестьлѣниѥ	2/n	бестьлѣниѥ	all
189	бесхрамьникъ	2/m	бесхрамьникъ	all
190	бесъмрьтиѥ	2/n	бесъмрьтиѥ	all
192	бесъмрьтьство	2/n	бесъмрьтьство	all
193	бесъниѥ	2/n	бесъниѥ	all
194	бесѣда	2/f	бесѣда	all
195	бесѣдованиѥ	2/n	бесѣдованиѥ	all
201	бечьстиѥ	2/n	бечьстиѥ	all
203	биѥниѥ	2/n	биѥниѥ	all
204	бисьръ	2/m	бисьръ	all
206	бичь	2/m	бичь	all
207	благо	2/n	благо	all
209	благость	1/f	благость	all
213	блажениѥ	2/n	блажениѥ	all
214	блаженикъ	2/m	блаженикъ	all
216	блаженьство	2/n	блаженьство	all
219	блазна	2/f	блазна	all
221	блазнъ	2/m	блазнъ	all
224	блато	2/n	блато	all
225	ближика	2/f	ближика	all
227	близньць	2/m	близньць	all
230	блискъ	2/m	блискъ	all
231	блистаниѥ	2/n	блистаниѥ	all
233	блѫждениѥ	2/n	блѫждениѥ	all
234	блѫдилище	2/n	блѫдилище	all
236	блѫдъ	2/m	блѫдъ	all
237	блѫдьникъ	2/m	блѫдьникъ	all
238	блѫдьничьство	2/n	блѫдьничьство	all
239	блѫдьница	2/f	блѫдьница	all
242	бльщаниѥ	2/n	бльщаниѥ	all
246	блѧдь	1/f	блѧдь	all
247	блѧдьникъ	2/m	блѧдьникъ	all
250	боꙗзнь	1/f	боꙗзнь	all
257	богатьствиѥ	2/n	богатьствиѥ	all
258	богатьство	2/n	богатьство	all
260	богъ	2/m	богъ	all
264	божьство	2/n	божьство	all
266	боль	1/m	боль	all
268	болѣзнь	1/f	болѣзнь	all
271	борениѥ	2/n	борениѥ	all
272	борьць	2/m	борьць	all
274	брада	2/f	брада	all
277	бразда	2/f	бразда	all
278	бракъ	2/m	бракъ	all
280	брань	1/f	брань	all
283	братриꙗ	2/f	братриꙗ	all
284	братръ	2/m	братръ	all
286	братрьство	2/n	братрьство	all
287	братъ	2/m	братъ	all
289	братьство	2/n	братьство	all
291	брашьно	2/n	брашьно	all
292	брашьньце	2/n	брашьньце	all
294	бритва	2/f	бритва	all
295	брън҄ꙗ	2/f	брън҄ꙗ	all
296	бръвь	1/f	бръвь	all
297	бръзда	2/f	бръзда	all
299	брысало	2/n	брысало	all
300	брьвьно	2/n	брьвьно	all
301	брьна	2/f	брьна	all
302	брьниѥ	2/n	брьниѥ	all
304	брьселиѥ	2/n	брьселиѥ	all
305	брѣгъ	2/m	брѣгъ	all
309	брѧцаниѥ	2/n	брѧцаниѥ	all
310	буѥсть	1/f	буѥсть	all
311	бур҄ꙗ	2/f	бур҄ꙗ	all
313	буиство	2/n	буиство	all
316	бъдрость	1/f	бъдрость	all
319	бъдѣниѥ	2/n	бъдѣниѥ	all
321	был҄ꙗ	2/f	был҄ꙗ	all
323	былиѥ	2/n	былиѥ	all
326	бытиѥ	2/n	бытиѥ	all
328	бъчела	2/f	бъчела	all
330	бѣда	2/f	бѣда	all
333	бѣжаниѥ	2/n	бѣжаниѥ	all
336	бѣлость	1/f	бѣлость	all
339	бѣсованиѥ	2/n	бѣсованиѥ	all
341	бѣство	2/n	бѣство	all
342	бѣсъ	2/m	бѣсъ	all
345	бѣшениѥ	2/n	бѣшениѥ	all
346	ваꙗниѥ	2/n	ваꙗниѥ	all
352	вапа	2/f	вапа	all
355	варъ	2/m	варъ	all
357	ведро	2/n	ведро	all
359	велииство	2/n	велииство	all
360	великота	2/f	великота	all
362	величаниѥ	2/n	величаниѥ	all
364	величиѥ	2/n	величиѥ	all
366	величьствиѥ	2/n	величьствиѥ	all
367	величьство	2/n	величьство	all
369	вельбѫдъ	2/m	вельбѫдъ	all
370	велѣниѥ	2/n	велѣниѥ	all
372	вепрь	1/m	вепрь	all
373	верига	2/f	верига	all
374	верѣꙗ	2/f	верѣꙗ	all
375	веселиѥ	2/n	веселиѥ	all
378	весло	2/n	весло	all
379	весна	2/f	весна	all
385	вечер҄ꙗ	2/f	вечер҄ꙗ	all
386	вечер҄ꙗниѥ	2/n	вечер҄ꙗниѥ	all
388	вечеръ	2/m	вечеръ	all
390	вещь	1/f	вещь	all
392	вещьство	2/n	вещьство	all
393	виꙗлица	2/f	виꙗлица	all
395	видъ	2/m	видъ	all
397	видьць	2/m	видьць	all
398	видѣниѥ	2/n	видѣниѥ	all
400	вина	2/f	вина	all
402	вино	2/n	вино	all
404	виноградъ	2/m	виноградъ	all
406	виньникъ	2/m	виньникъ	all
409	висѣниѥ	2/n	висѣниѥ	all
412	влага	2/f	влага	all
413	владыка	2/f	владыка	all
414	владычица	2/f	владычица	all
417	владычьствиѥ	2/n	владычьствиѥ	all
418	владычьство	2/n	владычьство	all
422	власть	1/f	власть	all
423	власъ	2/m	власъ	all
427	влъхвованиѥ	2/n	влъхвованиѥ	all
429	влъхвъ	2/m	влъхвъ	all
430	влъшьба	2/f	влъшьба	all
433	влъшьствиѥ	2/n	влъшьствиѥ	all
434	влъшьство	2/n	влъшьство	all
436	вльн҄ѥниѥ	2/n	вльн҄ѥниѥ	all
437	влькъ	2/m	влькъ	all
438	вльна	2/f	вльна	all
439	вльна	2/f	вльна	all
442	вльчьць	2/m	вльчьць	all
445	вождь	2/m	вождь	all
446	вол҄ꙗ	2/f	вол҄ꙗ	all
447	вон҄ꙗ	2/f	вон҄ꙗ	all
449	вода	2/f	вода	all
452	возъ	2/m	возъ	all
453	воинъ	2/m	воинъ	all
454	воиньство	2/n	воиньство	all
455	воиска	2/f	воиска	all
458	волъ	2/m	волъ	all
460	воскъ	2/m	воскъ	all
461	вощага	2/f	вощага	all
462	врабии	2/m	врабии	all
463	врагъ	2/m	врагъ	all
464	вражениѥ	2/n	вражениѥ	all
466	вражьда	2/f	вражьда	all
471	въкусъ	2/m	въкусъ	all
473	въкушениѥ	2/n	въкушениѥ	all
477	вълагалище	2/n	вълагалище	all
480	вълазъ	2/m	вълазъ	all
485	вълитиѥ	2/n	вълитиѥ	all
487	въложениѥ	2/n	въложениѥ	all
497	вънесениѥ	2/n	вънесениѥ	all
511	вранъ	2/m	вранъ	all
512	врата	2/n	врато	pl
514	вратар҄ица	2/f	вратар҄ица	all
516	вратъ	2/m	вратъ	all
517	вратъ	2/m	вратъ	all
519	вратьникъ	2/m	вратьникъ	all
524	врачь	2/m	врачь	all
525	врачьба	2/f	врачьба	all
527	врьбиѥ	2/n	врьбиѥ	all
528	врьбьница	2/f	врьбьница	all
529	врьвь	1/f	врьвь	all
530	врьжениѥ	2/n	врьжениѥ	all
531	врьста	2/f	врьста	all
532	врьтъ	2/m	врьтъ	all
533	врьтъпъ	2/m	врьтъпъ	all
536	врьхъ	2/m	врьхъ	all
538	врѣждениѥ	2/n	врѣждениѥ	all
540	врѣдъ	2/m	врѣдъ	all
544	врѣтище	2/n	врѣтище	all
552	въведениѥ	2/n	въведениѥ	all
561	въгажданиѥ	2/n	въгажданиѥ	all
563	въглашениѥ	2/n	въглашениѥ	all
568	въгодьникъ	2/m	въгодьникъ	all
582	възл҄юбл҄ѥниѥ	2/n	възл҄юбл҄ѥниѥ	all
583	възл҄юбл҄ѥникъ	2/m	възл҄юбл҄ѥникъ	all
586	възакониѥ	2/n	възакониѥ	all
593	възбуꙗниѥ	2/n	възбуꙗниѥ	all
602	възбѣшениѥ	2/n	възбѣшениѥ	all
610	възвитиѥ	2/n	възвитиѥ	all
614	възвращениѥ	2/n	възвращениѥ	all
617	възвышениѥ	2/n	възвышениѥ	all
618	възвѣꙗниѥ	2/n	възвѣꙗниѥ	all
624	възвѣщениѥ	2/n	възвѣщениѥ	all
627	възглавьница	2/f	възглавьница	all
631	възглашениѥ	2/n	възглашениѥ	all
636	възграждениѥ	2/n	възграждениѥ	all
638	възгръдѣниѥ	2/n	възгръдѣниѥ	all
640	въздаꙗниѥ	2/n	въздаꙗниѥ	all
642	възданиѥ	2/n	възданиѥ	all
647	въздвигъ	2/m	въздвигъ	all
648	въздвижениѥ	2/n	въздвижениѥ	all
655	въздрастениѥ	2/n	въздрастениѥ	all
658	въздрастъ	2/m	въздрастъ	all
662	въздръваниѥ	2/n	въздръваниѥ	all
665	въздрьжаниѥ	2/n	въздрьжаниѥ	all
670	въздухъ	2/m	въздухъ	all
673	въздыханиѥ	2/n	въздыханиѥ	all
680	възиманиѥ	2/n	възиманиѥ	all
683	възисканиѥ	2/n	възисканиѥ	all
695	възлѣганиѥ	2/n	възлѣганиѥ	all
702	възмѫщениѥ	2/n	възмѫщениѥ	all
705	възмьздиѥ	2/n	възмьздиѥ	all
711	възнесениѥ	2/n	възнесениѥ	all
715	възношениѥ	2/n	възношениѥ	all
717	възоръ	2/m	възоръ	all
719	възъваниѥ	2/n	възъваниѥ	all
724	възьрѣниѥ	2/n	възьрѣниѥ	all
728	възѧтиѥ	2/n	възѧтиѥ	all
734	въпл҄ь	2/m	въпл҄ь	all
736	въпадениѥ	2/n	въпадениѥ	all
743	въплъчениѥ	2/n	въплъчениѥ	all
745	въплъщениѥ	2/n	въплъщениѥ	all
747	въпрашаниѥ	2/n	въпрашаниѥ	all
750	въпросъ	2/m	въпросъ	all
751	въпрошениѥ	2/n	въпрошениѥ	all
760	върѧждениѥ	2/n	върѧждениѥ	all
765	въсел҄ѥниѥ	2/n	въсел҄ѥниѥ	all
769	въсѫдъ	2/m	въсѫдъ	all
776	въскликновениѥ	2/n	въскликновениѥ	all
777	въсклицаниѥ	2/n	въсклицаниѥ	all
778	въсклон҄ѥниѥ	2/n	въсклон҄ѥниѥ	all
783	въскрилиѥ	2/n	въскрилиѥ	all
789	въскрьсениѥ	2/n	въскрьсениѥ	all
791	въскрьсновениѥ	2/n	въскрьсновениѥ	all
795	въскрѣшениѥ	2/n	въскрѣшениѥ	all
807	гор҄ѥсть	1/f	гор҄ѥсть	all
810	гобино	2/n	гобино	all
812	гобьѕиѥ	2/n	гобьѕиѥ	all
816	говоръ	2/m	говоръ	all
818	говѣиньство	2/n	говѣиньство	all
819	говѣниѥ	2/n	говѣниѥ	all
822	година	2/f	година	all
824	годъ	2/m	годъ	all
827	голѫбь	1/m	голѫбь	all
829	голѣнь	1/f	голѣнь	all
836	гора	2/f	гора	all
838	горьница	2/f	горьница	all
841	госпожда	2/f	госпожда	all
842	господа	2/f	господа	all
844	господинъ	2/m	господинъ	all
849	господьствиѥ	2/n	господьствиѥ	all
850	господьство	2/n	господьство	all
851	гостиница	2/f	гостиница	all
852	гостиньникъ	2/m	гостиньникъ	all
853	гостиньница	2/f	гостиньница	all
854	гостиньць	2/m	гостиньць	all
856	гость	1/m	гость	all
857	гостьникъ	2/m	гостьникъ	all
862	въспитаниѥ	2/n	въспитаниѥ	all
866	въсплащениѥ	2/n	въсплащениѥ	all
869	въспоминаниѥ	2/n	въспоминаниѥ	all
872	въспопльзениѥ	2/n	въспопльзениѥ	all
878	въспрѣщениѥ	2/n	въспрѣщениѥ	all
886	въспѣтиѥ	2/n	въспѣтиѥ	all
889	въставл҄ѥниѥ	2/n	въставл҄ѥниѥ	all
893	въстаниѥ	2/n	въстаниѥ	all
902	въстокъ	2/m	въстокъ	all
912	въстѧѕаниѥ	2/n	въстѧѕаниѥ	all
917	въсхлащениѥ	2/n	въсхлащениѥ	all
919	въсхождениѥ	2/n	въсхождениѥ	all
921	въсходъ	2/m	въсходъ	all
926	въсхыщениѥ	2/n	въсхыщениѥ	all
927	въсхыщьникъ	2/m	въсхыщьникъ	all
930	въсын҄ѥниѥ	2/n	въсын҄ѥниѥ	all
937	въторица	2/f	въторица	all
939	въторъкъ	2/m	въторъкъ	all
940	въторьникъ	2/m	въторьникъ	all
942	въхождениѥ	2/n	въхождениѥ	all
944	въходъ	2/m	въходъ	all
950	въчловѣчениѥ	2/n	въчловѣчениѥ	all
952	въчѧло	2/n	въчѧло	all
955	въшьствиѥ	2/n	въшьствиѥ	all
957	выꙗ	2/f	выꙗ	all
965	высота	2/f	высота	all
966	вышениѥ	2/n	вышениѥ	all
968	вьдова	2/f	вьдова	all
969	вьдовица	2/f	вьдовица	all
975	вьсь	1/f	вьсь	all
980	вѣꙗ	2/f	вѣꙗ	all
981	вѣꙗниѥ	2/n	вѣꙗниѥ	all
983	вѣжда	2/f	вѣжда	all
984	вѣдро	2/n	вѣдро	all
985	вѣдь	1/f	вѣдь	all
986	вѣдѣниѥ	2/n	вѣдѣниѥ	all
988	вѣко	2/n	вѣко	all
989	вѣкъ	2/m	вѣкъ	all
991	вѣньць	2/m	вѣньць	all
993	вѣра	2/f	вѣра	all
999	вѣсть	1/f	вѣсть	all
1000	вѣстьникъ	2/m	вѣстьникъ	all
1001	вѣтвиѥ	2/n	вѣтвиѥ	all
1002	вѣтвь	1/f	вѣтвь	all
1004	вѣтръ	2/m	вѣтръ	all
1007	вѣтъ	2/m	вѣтъ	all
1011	вѣщаниѥ	2/n	вѣщаниѥ	all
1013	вѣще	2/n	вѣще	all
1016	гадъ	2/m	гадъ	all
1018	гананиѥ	2/n	гананиѥ	all
1021	гвоздии	2/m	гвоздии	all
1023	гѫба	2/f	гѫба	all
1025	гѫсли	1/f	гѫсль	pl
1026	гѫсѣница	2/f	гѫсѣница	all
1027	глава	2/f	глава	all
1028	главизна	2/f	главизна	all
1030	глаголаниѥ	2/n	глаголаниѥ	all
1032	глаголъ	2/m	глаголъ	all
1035	гладъ	2/m	гладъ	all
1039	гласъ	2/m	гласъ	all
1042	глѫбина	2/f	глѫбина	all
1045	глумл҄ѥниѥ	2/n	глумл҄ѥниѥ	all
1047	глумъ	2/m	глумъ	all
1054	гнои	2/m	гнои	all
1056	гноище	2/n	гноище	all
1057	гньсь	1/f	гньсь	all
1058	гнѣваниѥ	2/n	гнѣваниѥ	all
1061	гнѣвъ	2/m	гнѣвъ	all
1065	гнѣздо	2/n	гнѣздо	all
1066	гон҄ѥниѥ	2/n	гон҄ѥниѥ	all
1070	граждениѥ	2/n	граждениѥ	all
1071	граждь	2/m	граждь	all
1072	грабл҄ѥниѥ	2/n	грабл҄ѥниѥ	all
1075	градъ	2/m	градъ	all
1076	градъ	2/m	градъ	all
1077	градьникъ	2/m	градьникъ	all
1080	градьць	2/m	градьць	all
1081	гранъ	2/m	гранъ	all
1082	гребениѥ	2/n	гребениѥ	all
1086	гробище	2/n	гробище	all
1087	гробъ	2/m	гробъ	all
1089	гроза	2/f	гроза	all
1090	гроздъ	2/m	гроздъ	all
1091	грозновиѥ	2/n	грозновиѥ	all
1092	грознъ	2/m	грознъ	all
1095	громъ	2/m	громъ	all
1097	гръждениѥ	2/n	гръждениѥ	all
1098	гръдость	1/f	гръдость	all
1101	грълица	2/f	грълица	all
1102	гръличищь	2/m	гръличищь	all
1103	гръмъ	2/m	гръмъ	all
1105	гръсть	1/f	гръсть	all
1106	грътань	1/m	грътань	all
1111	дъвоица	2/f	дъвоица	all
1112	дъна	2/f	дъна	all
1113	дъска	2/f	дъска	all
1115	дъхновениѥ	2/n	дъхновениѥ	all
1116	дохъторъ	2/m	дохъторъ	all
1118	дъщица	2/f	дъщица	all
1119	дыханиѥ	2/n	дыханиѥ	all
1121	дьбрь	1/f	дьбрь	all
1123	дьнь	1/m	дьнь	all
1124	дьньница	2/f	дьньница	all
1127	дьраниѥ	2/n	дьраниѥ	all
1129	дѣꙗниѥ	2/n	дѣꙗниѥ	all
1132	грѣхъ	2/m	грѣхъ	all
1133	добрость	1/f	добрость	all
1134	доброта	2/f	доброта	all
1138	доволъ	2/m	доволъ	all
1140	довьльство	2/n	довьльство	all
1144	доилица	2/f	доилица	all
1147	грѣшьникъ	2/m	грѣшьникъ	all
1148	грѣшьница	2/f	грѣшьница	all
1153	губител҄ьство	2/n	губител҄ьство	all
1155	гумьно	2/n	гумьно	all
1157	гыбѣль	1/f	гыбѣль	all
1158	даꙗниѥ	2/n	даꙗниѥ	all
1161	давьць	2/m	давьць	all
1163	дань	1/f	дань	all
1165	дарованиѥ	2/n	дарованиѥ	all
1167	даръ	2/m	даръ	all
1173	движениѥ	2/n	движениѥ	all
1174	дворъ	2/m	дворъ	all
1175	двьрь	1/f	двьрь	all
1176	двьрьникъ	2/m	двьрьникъ	all
1177	двьрьница	2/f	двьрьница	all
1178	двьрьца	2/f	двьрьца	all
1179	дебельство	2/n	дебельство	all
1181	девѧть	1/f	девѧть	all
1183	десница	2/f	десница	all
1185	десѧтина	2/f	десѧтина	all
1189	дивиꙗ	2/f	дивиꙗ	all
1192	диво	2/n	диво	all
1193	дивъ	2/m	дивъ	all
1195	дира	2/f	дира	all
1196	дѫбиѥ	2/n	дѫбиѥ	all
1197	дѫбрава	2/f	дѫбрава	all
1199	дѫброва	2/f	дѫброва	all
1201	дѫбъ	2/m	дѫбъ	all
1203	длань	1/f	длань	all
1204	длъгъ	2/m	длъгъ	all
1205	длъжьникъ	2/m	длъжьникъ	all
1207	дльгота	2/f	дльгота	all
1209	добл҄ѥсть	1/f	добл҄ѥсть	all
1213	добл҄ьство	2/n	добл҄ьство	all
1215	долъ	2/m	долъ	all
1220	домъ	2/m	домъ	all
1225	досаждениѥ	2/n	досаждениѥ	all
1229	достоꙗниѥ	2/n	достоꙗниѥ	all
1233	достоиньство	2/n	достоиньство	all
1237	дошьстиѥ	2/n	дошьстиѥ	all
1240	дрѫгъ	2/m	дрѫгъ	all
1241	дрѫчениѥ	2/n	дрѫчениѥ	all
1244	другоица	2/f	другоица	all
1245	другъ	2/m	другъ	all
1247	дружина	2/f	дружина	all
1249	дружьба	2/f	дружьба	all
1250	дръва	2/n	дръво	pl
1251	дрьжава	2/f	дрьжава	all
1253	дрьжаниѥ	2/n	дрьжаниѥ	all
1257	дрьзновениѥ	2/n	дрьзновениѥ	all
1259	дрьзость	1/f	дрьзость	all
1261	дрьколь	1/f	дрьколь	all
1262	дрѣво	2/n	дрѣво	all
1265	дрѣманиѥ	2/n	дрѣманиѥ	all
1266	дрѧзга	2/f	дрѧзга	all
1270	дрѧхльство	2/n	дрѧхльство	all
1272	дуновениѥ	2/n	дуновениѥ	all
1273	дупина	2/f	дупина	all
1275	духъ	2/m	духъ	all
1276	душа	2/f	душа	all
1282	дъждь	2/m	дъждь	all
1285	дѣва	2/f	дѣва	all
1286	дѣвица	2/f	дѣвица	all
1289	дѣвьство	2/n	дѣвьство	all
1291	дѣдъ	2/m	дѣдъ	all
1292	дѣиство	2/n	дѣиство	all
1295	дѣланиѥ	2/n	дѣланиѥ	all
1300	дѣло	2/n	дѣло	all
1301	дѣльникъ	2/m	дѣльникъ	all
1302	дѣти	1/f	дѣть	pl
1303	дѣтищь	2/m	дѣтищь	all
1305	дѣтѣль	1/f	дѣтѣль	all
1306	жаба	2/f	жаба	all
1309	жалость	1/f	жалость	all
1310	жаль	1/f	жаль	all
1311	жел҄ꙗ	2/f	жел҄ꙗ	all
1312	желаниѥ	2/n	желаниѥ	all
1315	желѣзо	2/n	желѣзо	all
1316	желѣниѥ	2/n	желѣниѥ	all
1317	желѣтва	2/f	желѣтва	all
1319	жена	2/f	жена	all
1322	женихъ	2/m	женихъ	all
1325	знамениѥ	2/n	знамениѥ	all
1328	знаниѥ	2/n	знаниѥ	all
1330	знои	2/m	знои	all
1331	зор҄ꙗ	2/f	зор҄ꙗ	all
1332	зракъ	2/m	зракъ	all
1333	зрьно	2/n	зрьно	all
1334	зрьцало	2/n	зрьцало	all
1335	зъваниѥ	2/n	зъваниѥ	all
1337	зъло	2/n	зъло	all
1338	зълоба	2/f	зълоба	all
1342	зълобь	1/f	зълобь	all
1344	женьство	2/n	женьство	all
1346	жестость	1/f	жестость	all
1350	животъ	2/m	животъ	all
1355	жизнь	1/f	жизнь	all
1357	жила	2/f	жила	all
1358	жилище	2/n	жилище	all
1361	житиѥ	2/n	житиѥ	all
1363	жито	2/n	жито	all
1364	жить	1/f	жить	all
1365	житьница	2/f	житьница	all
1368	жладьба	2/f	жладьба	all
1370	жрьдь	1/f	жрьдь	all
1373	жрьтва	2/f	жрьтва	all
1376	жрьтиѥ	2/n	жрьтиѥ	all
1377	жрѣбии	2/m	жрѣбии	all
1378	жрѣбьць	2/m	жрѣбьць	all
1380	жупанъ	2/m	жупанъ	all
1381	жупелъ	2/m	жупелъ	all
1382	жупище	2/n	жупище	all
1384	жьзлиѥ	2/n	жьзлиѥ	all
1385	жьзлъ	2/m	жьзлъ	all
1386	жьрьць	2/m	жьрьць	all
1388	жѧжда	2/f	жѧжда	all
1389	жѧданиѥ	2/n	жѧданиѥ	all
1393	жѧло	2/n	жѧло	all
1394	жѧтва	2/f	жѧтва	all
1399	заждь	2/m	заждь	all
1400	зар҄ꙗ	2/f	зар҄ꙗ	all
1402	заѩць	2/m	заѩць	all
1403	заблѫждениѥ	2/n	заблѫждениѥ	all
1405	забъвениѥ	2/n	забъвениѥ	all
1410	забытиѥ	2/n	забытиѥ	all
1411	забыть	1/f	забыть	all
1412	завида	2/f	завида	all
1415	зависть	1/f	зависть	all
1417	завистьникъ	2/m	завистьникъ	all
1419	завора	2/f	завора	all
1421	завѣтъ	2/m	завѣтъ	all
1438	зазоръ	2/m	зазоръ	all
1442	заимъ	2/m	заимъ	all
1447	заклинаниѥ	2/n	заклинаниѥ	all
1450	заколениѥ	2/n	заколениѥ	all
1451	законъ	2/m	законъ	all
1452	законьникъ	2/m	законьникъ	all
1454	закровъ	2/m	закровъ	all
1457	залазъ	2/m	залазъ	all
1458	залогъ	2/m	залогъ	all
1464	замыслъ	2/m	замыслъ	all
1465	запл҄ьваниѥ	2/n	запл҄ьваниѥ	all
1467	западъ	2/m	западъ	all
1473	заповѣданиѥ	2/n	заповѣданиѥ	all
1475	заповѣдь	1/f	заповѣдь	all
1479	запрѣщениѥ	2/n	запрѣщениѥ	all
1483	запѧтиѥ	2/n	запѧтиѥ	all
1486	зарокъ	2/m	зарокъ	all
1487	заскопиѥ	2/n	заскопиѥ	all
1488	застѫпл҄ѥниѥ	2/n	застѫпл҄ѥниѥ	all
1489	застѫпаниѥ	2/n	застѫпаниѥ	all
1492	застѫпъ	2/m	застѫпъ	all
1493	застѫпьникъ	2/m	застѫпьникъ	all
1496	засѣдьникъ	2/m	засѣдьникъ	all
1498	затвор҄ѥниѥ	2/n	затвор҄ѥниѥ	all
1500	затворъ	2/m	затворъ	all
1504	заушаниѥ	2/n	заушаниѥ	all
1505	заушениѥ	2/n	заушениѥ	all
1508	заходъ	2/m	заходъ	all
1511	зачѧло	2/n	зачѧло	all
1513	зачѧтиѥ	2/n	зачѧтиѥ	all
1516	защитьникъ	2/m	защитьникъ	all
1517	защищениѥ	2/n	защищениѥ	all
1518	звонъ	2/m	звонъ	all
1522	звѣрь	1/m	звѣрь	all
1526	зелиѥ	2/n	зелиѥ	all
1527	земл҄ꙗ	2/f	земл҄ꙗ	all
1533	зима	2/f	зима	all
1536	зѫбъ	2/m	зѫбъ	all
1538	злакъ	2/m	злакъ	all
1539	златикъ	2/m	златикъ	all
1540	златица	2/f	златица	all
1541	злато	2/n	злато	all
1544	злъчь	1/f	злъчь	all
1545	змиꙗ	2/f	змиꙗ	all
1547	змии	2/m	змии	all
1550	зъль	1/f	зъль	all
1551	зыбаниѥ	2/n	зыбаниѥ	all
1553	зьданиѥ	2/n	зьданиѥ	all
1556	зьдъ	2/m	зьдъ	all
1558	зьрѣниѥ	2/n	зьрѣниѥ	all
1560	зѣница	2/f	зѣница	all
1562	зѧть	1/m	зѧть	all
1565	иго	2/n	иго	all
1567	игрь	1/f	игрь	all
1572	избавл҄ѥниѥ	2/n	избавл҄ѥниѥ	all
1575	избавьникъ	2/m	избавьникъ	all
1584	избытиѥ	2/n	избытиѥ	all
1586	избытъкъ	2/m	избытъкъ	all
1588	избьраниѥ	2/n	избьраниѥ	all
1598	истьл҄ѥниѥ	2/n	истьл҄ѥниѥ	all
1600	истьлѣниѥ	2/n	истьлѣниѥ	all
1608	исхождениѥ	2/n	исхождениѥ	all
1610	исходатаи	2/m	исходатаи	all
1611	кръма	2/f	кръма	all
1612	кръма	2/f	кръма	all
1615	кръмьникъ	2/m	кръмьникъ	all
1617	кръчагъ	2/m	кръчагъ	all
1625	крьстиꙗньство	2/n	крьстиꙗньство	all
1628	крьстъ	2/m	крьстъ	all
1631	крьщениѥ	2/n	крьщениѥ	all
1633	крѣпость	1/f	крѣпость	all
1637	кур҄ѥниѥ	2/n	кур҄ѥниѥ	all
1639	кумиръ	2/m	кумиръ	all
1640	кумирьница	2/f	кумирьница	all
1642	купл҄ꙗ	2/f	купл҄ꙗ	all
1646	извол҄ѥниѥ	2/n	извол҄ѥниѥ	all
1655	извѣсть	1/f	извѣсть	all
1657	извѣтъ	2/m	извѣтъ	all
1658	извѣщаниѥ	2/n	извѣщаниѥ	all
1661	извѣщениѥ	2/n	извѣщениѥ	all
1670	изгънаниѥ	2/n	изгънаниѥ	all
1679	издрѣшениѥ	2/n	издрѣшениѥ	all
1682	издыханиѥ	2/n	издыханиѥ	all
1694	излѣкованиѥ	2/n	излѣкованиѥ	all
1706	измѣн҄ѥниѥ	2/n	измѣн҄ѥниѥ	all
1707	измѣна	2/f	измѣна	all
1715	изношениѥ	2/n	изношениѥ	all
1716	изнур҄ѥниѥ	2/n	изнур҄ѥниѥ	all
1724	изобрѣтениѥ	2/n	изобрѣтениѥ	all
1726	изун҄ьшина	2/f	изун҄ьшина	all
1730	изѣдениѥ	2/n	изѣдениѥ	all
1734	иманиѥ	2/n	иманиѥ	all
1738	имѣниѥ	2/n	имѣниѥ	all
1739	имѣниице	2/n	имѣниице	all
1744	инокость	1/f	инокость	all
1745	инокъ	2/m	инокъ	all
1747	иночьство	2/n	иночьство	all
1751	исканиѥ	2/n	исканиѥ	all
1757	ископаниѥ	2/n	ископаниѥ	all
1761	искра	2/f	искра	all
1763	искрачило	2/n	искрачило	all
1769	искусъ	2/m	искусъ	all
1770	искусьникъ	2/m	искусьникъ	all
1773	искушениѥ	2/n	искушениѥ	all
1782	испльн҄ѥниѥ	2/n	испльн҄ѥниѥ	all
1785	исповѣданиѥ	2/n	исповѣданиѥ	all
1788	исповѣдь	1/f	исповѣдь	all
1789	исповѣдьникъ	2/m	исповѣдьникъ	all
1790	исповѣдьница	2/f	исповѣдьница	all
1796	исправл҄ѥниѥ	2/n	исправл҄ѥниѥ	all
1803	испрошениѥ	2/n	испрошениѥ	all
1806	испущениѥ	2/n	испущениѥ	all
1807	испытаниѥ	2/n	испытаниѥ	all
1809	испыть	1/f	испыть	all
1816	истина	2/f	истина	all
1824	источьникъ	2/m	источьникъ	all
1825	истръганиѥ	2/n	истръганиѥ	all
1829	истрѣбл҄ѥниѥ	2/n	истрѣбл҄ѥниѥ	all
1837	исходатаиникъ	2/m	исходатаиникъ	all
1839	исходище	2/n	исходище	all
1840	исходъ	2/m	исходъ	all
1845	исѣчениѥ	2/n	исѣчениѥ	all
1850	ицѣл҄ѥниѥ	2/n	ицѣл҄ѥниѥ	all
1853	ицѣльба	2/f	ицѣльба	all
1857	ишьствиѥ	2/n	ишьствиѥ	all
1858	ѫгль	1/m	ѫгль	all
1860	ѫдица	2/f	ѫдица	all
1861	ѫдолиѥ	2/n	ѫдолиѥ	all
1862	ѫдоль	1/f	ѫдоль	all
1863	ѫже	2/n	ѫже	all
1864	ѫжика	2/f	ѫжика	all
1865	ѫжичьство	2/n	ѫжичьство	all
1866	ѫжьникъ	2/m	ѫжьникъ	all
1867	ѫза	2/f	ѫза	all
1868	ѫзилище	2/n	ѫзилище	all
1870	ѫзьникъ	2/m	ѫзьникъ	all
1874	ѫродъ	2/m	ѫродъ	all
1877	ѫродьство	2/n	ѫродьство	all
1879	ѫсобица	2/f	ѫсобица	all
1880	ѫтроба	2/f	ѫтроба	all
1884	кл҄ѥвета	2/f	кл҄ѥвета	all
1887	кл҄ѥветьникъ	2/m	кл҄ѥветьникъ	all
1893	кл҄ючь	2/m	кл҄ючь	all
1894	каꙗзнь	1/f	каꙗзнь	all
1895	каꙗниѥ	2/n	каꙗниѥ	all
1897	каждениѥ	2/n	каждениѥ	all
1899	кадило	2/n	кадило	all
1902	казаниѥ	2/n	казаниѥ	all
1906	казнь	1/f	казнь	all
1907	казньць	2/m	казньць	all
1910	калъ	2/m	калъ	all
1911	камениѥ	2/n	камениѥ	all
1912	камень	1/m	камень	all
1914	камыкъ	2/m	камыкъ	all
1916	капл҄ꙗ	2/f	капл҄ꙗ	all
1918	капище	2/n	капище	all
1919	капищьница	2/f	капищьница	all
1921	капь	1/f	капь	all
1923	кашица	2/f	кашица	all
1924	квасъ	2/m	квасъ	all
1926	кѫпина	2/f	кѫпина	all
1927	кѫпиниѥ	2/n	кѫпиниѥ	all
1928	кѫпѣль	1/f	кѫпѣль	all
1929	кѫща	2/f	кѫща	all
1930	клан҄ꙗниѥ	2/n	клан҄ꙗниѥ	all
1932	клада	2/f	клада	all
1933	кладѧѕь	2/m	кладѧѕь	all
1935	класъ	2/m	класъ	all
1939	клеврѣтъ	2/m	клеврѣтъ	all
1941	кликновениѥ	2/n	кликновениѥ	all
1942	кличь	2/m	кличь	all
1945	клопотъ	2/m	клопотъ	all
1948	кльчьтъ	2/m	кльчьтъ	all
1949	клѣтъка	2/f	клѣтъка	all
1950	клѣть	1/f	клѣть	all
1951	клѧтва	2/f	клѧтва	all
1954	кон҄ь	2/m	кон҄ь	all
1955	кобыла	2/f	кобыла	all
1956	кобь	1/f	кобь	all
1957	ковар҄ьство	2/n	ковар҄ьство	all
1959	ковъ	2/m	ковъ	all
1960	ковьчегъ	2/m	ковьчегъ	all
1961	ковьчежьць	2/m	ковьчежьць	all
1962	кожа	2/f	кожа	all
1964	коза	2/f	коза	all
1966	козьлищь	2/m	козьлищь	all
1967	козьлъ	2/m	козьлъ	all
1969	кокотъ	2/m	кокотъ	all
1970	кокошь	1/f	кокошь	all
1971	колениѥ	2/n	колениѥ	all
1972	колесьница	2/f	колесьница	all
1976	колъ	2/m	колъ	all
1977	колѣбаниѥ	2/n	колѣбаниѥ	all
1979	колѣно	2/n	колѣно	all
1980	колѧда	2/f	колѧда	all
1981	комъканиѥ	2/n	комъканиѥ	all
1983	конобъ	2/m	конобъ	all
1984	коньць	2/m	коньць	all
1986	коньчаниѥ	2/n	коньчаниѥ	all
1988	коньчина	2/f	коньчина	all
1991	копиѥ	2/n	копиѥ	all
1992	копииникъ	2/m	копииникъ	all
1993	копръ	2/m	копръ	all
1994	корабл҄иць	2/m	корабл҄иць	all
1995	корабл҄ь	2/m	корабл҄ь	all
1996	корабьникъ	2/m	корабьникъ	all
1998	корениѥ	2/n	корениѥ	all
1999	корень	1/m	корень	all
2000	користь	1/f	користь	all
2002	коръ	2/m	коръ	all
2003	корьць	2/m	корьць	all
2005	кость	1/f	кость	all
2006	котора	2/f	котора	all
2011	котъка	2/f	котъка	all
2012	котыга	2/f	котыга	all
2013	котьлъ	2/m	котьлъ	all
2014	кошь	2/m	кошь	all
2015	кошьница	2/f	кошьница	all
2017	крада	2/f	крада	all
2018	краи	2/m	краи	all
2019	крамола	2/f	крамола	all
2020	крамольникъ	2/m	крамольникъ	all
2021	краса	2/f	краса	all
2024	красота	2/f	красота	all
2025	краста	2/f	краста	all
2027	крастѣль	1/f	крастѣль	all
2029	кратъ	2/m	кратъ	all
2031	крило	2/n	крило	all
2032	криница	2/f	криница	all
2033	кричава	2/f	кричава	all
2035	кричь	2/m	кричь	all
2036	крѫгъ	2/m	крѫгъ	all
2037	кровъ	2/m	кровъ	all
2039	кропл҄ꙗ	2/f	кропл҄ꙗ	all
2040	кропл҄ѥниѥ	2/n	кропл҄ѥниѥ	all
2043	кротость	1/f	кротость	all
2046	крупица	2/f	крупица	all
2047	кръвь	1/f	кръвь	all
2050	кръкыга	2/f	кръкыга	all
2051	кръмл҄ꙗ	2/f	кръмл҄ꙗ	all
2052	кръмл҄ѥниѥ	2/n	кръмл҄ѥниѥ	all
2053	кръмл҄ѥникъ	2/m	кръмл҄ѥникъ	all
2056	купъ	2/m	купъ	all
2058	купьць	2/m	купьць	all
2061	куръ	2/m	куръ	all
2062	куциꙗ	2/f	куциꙗ	all
2064	кън҄ижьникъ	2/m	кън҄ижьникъ	all
2066	къзнь	1/f	къзнь	all
2067	къкън҄ь	2/m	къкън҄ь	all
2068	къмотра	2/f	къмотра	all
2069	кънѧѕь	2/m	кънѧѕь	all
2073	кызнь	1/f	кызнь	all
2074	кызньникъ	2/m	кызньникъ	all
2076	кыка	2/f	кыка	all
2079	кычениѥ	2/n	кычениѥ	all
2081	лаꙗниѥ	2/n	лаꙗниѥ	all
2085	ладиица	2/f	ладиица	all
2086	лакъть	1/m	лакъть	all
2087	ланита	2/f	ланита	all
2088	ласканиѥ	2/n	ласканиѥ	all
2091	ледъ	2/m	ледъ	all
2098	ликъ	2/m	ликъ	all
2101	листвиѥ	2/n	листвиѥ	all
2102	листъ	2/m	листъ	all
2103	лисъ	2/m	лисъ	all
2104	лихва	2/f	лихва	all
2105	лихованиѥ	2/n	лихованиѥ	all
2107	лихотъкъ	2/m	лихотъкъ	all
2109	лице	2/n	лице	all
2111	лишениѥ	2/n	лишениѥ	all
2113	лѫгъ	2/m	лѫгъ	all
2115	лѫка	2/f	лѫка	all
2119	лѫкавьствиѥ	2/n	лѫкавьствиѥ	all
2120	лѫкавьство	2/n	лѫкавьство	all
2121	лѫкъ	2/m	лѫкъ	all
2123	лѫща	2/f	лѫща	all
2124	лобъзаниѥ	2/n	лобъзаниѥ	all
2126	лобызаниѥ	2/n	лобызаниѥ	all
2128	ловитва	2/f	ловитва	all
2130	ловъ	2/m	ловъ	all
2131	ловьць	2/m	ловьць	all
2133	ложе	2/n	ложе	all
2134	ложесно	2/n	ложесно	all
2135	лоза	2/f	лоза	all
2136	лозиѥ	2/n	лозиѥ	all
2140	лоно	2/n	лоно	all
2141	лопата	2/f	лопата	all
2143	лукъ	2/m	лукъ	all
2144	луна	2/f	луна	all
2146	луча	2/f	луча	all
2152	лъжа	2/f	лъжа	all
2158	львъ	2/m	львъ	all
2166	льсть	1/f	льсть	all
2168	льстьць	2/m	льстьць	all
2169	льщаниѥ	2/n	льщаниѥ	all
2171	льщениѥ	2/n	льщениѥ	all
2176	лѣность	1/f	лѣность	all
2178	лѣпота	2/f	лѣпота	all
2182	лѣствица	2/f	лѣствица	all
2183	лѣсъ	2/m	лѣсъ	all
2184	лѣто	2/n	лѣто	all
2185	лѣть	1/f	лѣть	all
2187	лѣха	2/f	лѣха	all
2188	лѣчьба	2/f	лѣчьба	all
2189	лѧдвиѩ	2/f	лѧдвиꙗ	pl
2191	лѧжаꙗ	2/f	лѧжаꙗ	all
2196	маслина	2/f	маслина	all
2198	масло	2/n	масло	all
2201	масть	1/f	масть	all
2204	матерьство	2/n	матерьство	all
2206	матица	2/f	матица	all
2207	межда	2/f	межда	all
2208	медъ	2/m	медъ	all
2210	мечь	2/m	мечь	all
2215	милость	1/f	милость	all
2220	миръ	2/m	миръ	all
2223	миса	2/f	миса	all
2226	мѫдрованиѥ	2/n	мѫдрованиѥ	all
2228	мѫдрость	1/f	мѫдрость	all
2230	мѫдрьство	2/n	мѫдрьство	all
2231	мѫдрьствованиѥ	2/n	мѫдрьствованиѥ	all
2235	мѫжь	2/m	мѫжь	all
2237	мѫжьство	2/n	мѫжьство	all
2239	мѫка	2/f	мѫка	all
2240	мѫка	2/f	мѫка	all
2242	мѫчениѥ	2/n	мѫчениѥ	all
2243	мѫченикъ	2/m	мѫченикъ	all
2244	мѫченица	2/f	мѫченица	all
2250	мѫчител҄ьство	2/n	мѫчител҄ьство	all
2253	младенищь	2/m	младенищь	all
2254	младеньство	2/n	младеньство	all
2255	младеньць	2/m	младеньць	all
2259	младьньць	2/m	младьньць	all
2261	младѣнищь	2/m	младѣнищь	all
2262	младѣньць	2/m	младѣньць	all
2263	младѧтьце	2/n	младѧтьце	all
2264	млатъ	2/m	млатъ	all
2265	млъва	2/f	млъва	all
2269	мльчальникъ	2/m	мльчальникъ	all
2271	мльчаниѥ	2/n	мльчаниѥ	all
2274	млѣко	2/n	млѣко	all
2278	мол҄ѥниѥ	2/n	мол҄ѥниѥ	all
2279	мор҄ѥ	2/n	мор҄ѥ	all
2283	молитва	2/f	молитва	all
2285	молитвьникъ	2/m	молитвьникъ	all
2288	мольба	2/f	мольба	all
2289	монисто	2/n	монисто	all
2290	моръ	2/m	моръ	all
2291	мостъ	2/m	мостъ	all
2292	мотыка	2/f	мотыка	all
2293	мотыла	2/f	мотыла	all
2295	мошьна	2/f	мошьна	all
2297	мощь	1/f	мощь	all
2301	мракъ	2/m	мракъ	all
2303	мръзость	1/f	мръзость	all
2307	мрьтвость	1/f	мрьтвость	all
2309	мрьтвьць	2/m	мрьтвьць	all
2310	мръчениѥ	2/n	мръчениѥ	all
2311	мрѣжа	2/f	мрѣжа	all
2312	мрѣкориꙗ	2/f	мрѣкориꙗ	all
2314	муха	2/f	муха	all
2315	мъдьлость	1/f	мъдьлость	all
2316	мънихъ	2/m	мънихъ	all
2318	начѧло	2/n	начѧло	all
2319	начѧльникъ	2/m	начѧльникъ	all
2322	начѧтиѥ	2/n	начѧтиѥ	all
2323	начѧтъкъ	2/m	начѧтъкъ	all
2325	нашьствиѥ	2/n	нашьствиѥ	all
2326	нел҄юбьство	2/n	нел҄юбьство	all
2331	небытиѥ	2/n	небытиѥ	all
2332	невидѣниѥ	2/n	невидѣниѥ	all
2334	неводъ	2/m	неводъ	all
2338	мъножица	2/f	мъножица	all
2339	мъножьствиѥ	2/n	мъножьствиѥ	all
2340	мъножьство	2/n	мъножьство	all
2341	мъскъ	2/m	мъскъ	all
2342	мъстъ	2/m	мъстъ	all
2344	мъшица	2/f	мъшица	all
2347	мысль	1/f	мысль	all
2351	мыто	2/n	мыто	all
2352	мытьница	2/f	мытьница	all
2353	мышь	1/f	мышь	all
2354	мышьца	2/f	мышьца	all
2356	мьзда	2/f	мьзда	all
2357	мьздьница	2/f	мьздьница	all
2359	мьнѣниѥ	2/n	мьнѣниѥ	all
2362	мьсть	1/f	мьсть	all
2363	мьстьникъ	2/m	мьстьникъ	all
2364	мьчьтъ	2/m	мьчьтъ	all
2365	мьша	2/f	мьша	all
2367	мьщениѥ	2/n	мьщениѥ	all
2368	мѣн҄ѥниѥ	2/n	мѣн҄ѥниѥ	all
2369	мѣдь	1/f	мѣдь	all
2370	мѣдьница	2/f	мѣдьница	all
2373	мѣлъ	2/m	мѣлъ	all
2374	мѣна	2/f	мѣна	all
2377	мѣра	2/f	мѣра	all
2378	мѣрило	2/n	мѣрило	all
2381	мѣсто	2/n	мѣсто	all
2382	мѣсѧць	2/m	мѣсѧць	all
2384	мѣхъ	2/m	мѣхъ	all
2386	мѧсо	2/n	мѧсо	all
2388	мѧта	2/f	мѧта	all
2389	мѧтежь	2/m	мѧтежь	all
2390	мѧтежьникъ	2/m	мѧтежьникъ	all
2395	навечериѥ	2/n	навечериѥ	all
2396	наводиѥ	2/n	наводиѥ	all
2401	навычениѥ	2/n	навычениѥ	all
2402	навѣждениѥ	2/n	навѣждениѥ	all
2405	нагость	1/f	нагость	all
2406	нагота	2/f	нагота	all
2409	надежда	2/f	надежда	all
2421	наимьникъ	2/m	наимьникъ	all
2423	наказаниѥ	2/n	наказаниѥ	all
2427	наковало	2/n	наковало	all
2428	наковально	2/n	наковально	all
2438	намановениѥ	2/n	намановениѥ	all
2443	намѣстьникъ	2/m	намѣстьникъ	all
2447	напаꙗниѥ	2/n	напаꙗниѥ	all
2450	нападениѥ	2/n	нападениѥ	all
2452	напасть	1/f	напасть	all
2454	написаниѥ	2/n	написаниѥ	all
2463	напрасьниѥ	2/n	напрасьниѥ	all
2466	напьсаниѥ	2/n	напьсаниѥ	all
2468	наращениѥ	2/n	наращениѥ	all
2469	наречениѥ	2/n	наречениѥ	all
2471	нарицаниѥ	2/n	нарицаниѥ	all
2473	нарѫганиѥ	2/n	нарѫганиѥ	all
2475	народъ	2/m	народъ	all
2476	нарокъ	2/m	нарокъ	all
2479	нарѣчиѥ	2/n	нарѣчиѥ	all
2484	насилиѥ	2/n	насилиѥ	all
2489	наслаждениѥ	2/n	наслаждениѥ	all
2491	наслѣдиѥ	2/n	наслѣдиѥ	all
2493	наслѣдованиѥ	2/n	наслѣдованиѥ	all
2495	наслѣдьникъ	2/m	наслѣдьникъ	all
2499	наставл҄ѥниѥ	2/n	наставл҄ѥниѥ	all
2501	наставьникъ	2/m	наставьникъ	all
2505	настоꙗниѥ	2/n	настоꙗниѥ	all
2509	насыщаниѥ	2/n	насыщаниѥ	all
2511	насыщениѥ	2/n	насыщениѥ	all
2518	научениѥ	2/n	научениѥ	all
2521	начинаниѥ	2/n	начинаниѥ	all
2524	начрьтаниѥ	2/n	начрьтаниѥ	all
2539	обнажениѥ	2/n	обнажениѥ	all
2542	обновл҄ѥниѥ	2/n	обновл҄ѥниѥ	all
2545	обнощьница	2/f	обнощьница	all
2553	обрадованиѥ	2/n	обрадованиѥ	all
2557	образъ	2/m	образъ	all
2561	обращениѥ	2/n	обращениѥ	all
2563	оброкъ	2/m	оброкъ	all
2565	обрѣзаниѥ	2/n	обрѣзаниѥ	all
2571	обрѣтел҄ьникъ	2/m	обрѣтел҄ьникъ	all
2572	обрѣтениѥ	2/n	обрѣтениѥ	all
2573	обрѣтѣль	1/f	обрѣтѣль	all
2578	невѣждьствиѥ	2/n	невѣждьствиѥ	all
2579	невѣриѥ	2/n	невѣриѥ	all
2581	невѣрьствиѥ	2/n	невѣрьствиѥ	all
2582	невѣрьство	2/n	невѣрьство	all
2583	невѣста	2/f	невѣста	all
2584	невѣсть	1/f	невѣсть	all
2585	невѣстьникъ	2/m	невѣстьникъ	all
2586	невѣстьство	2/n	невѣстьство	all
2589	недѫгъ	2/m	недѫгъ	all
2591	недѫжьникъ	2/m	недѫжьникъ	all
2597	недостатъкъ	2/m	недостатъкъ	all
2599	недоумѣниѥ	2/n	недоумѣниѥ	all
2600	недѣл҄ꙗ	2/f	недѣл҄ꙗ	all
2606	незълоба	2/f	незълоба	all
2607	незълобиѥ	2/n	незълобиѥ	all
2610	неиздреченьникъ	2/m	неиздреченьникъ	all
2616	неистовл҄ѥниѥ	2/n	неистовл҄ѥниѥ	all
2618	неистовьство	2/n	неистовьство	all
2622	немощь	1/f	немощь	all
2624	немъвениѥ	2/n	немъвениѥ	all
2625	ненавидѣниѥ	2/n	ненавидѣниѥ	all
2628	ненавистиѥ	2/n	ненавистиѥ	all
2629	ненависть	1/f	ненависть	all
2630	ненавистьникъ	2/m	ненавистьникъ	all
2638	неплищеваниѥ	2/n	неплищеваниѥ	all
2642	неплодьство	2/n	неплодьство	all
2646	непогон҄ѥниѥ	2/n	непогон҄ѥниѥ	all
2647	неподобьникъ	2/m	неподобьникъ	all
2658	неправьда	2/f	неправьда	all
2660	неправьдьникъ	2/m	неправьдьникъ	all
2664	неприꙗзнь	1/f	неприꙗзнь	all
2666	неприꙗзньство	2/n	неприꙗзньство	all
2675	непьщеваниѥ	2/n	непьщеваниѥ	all
2685	нестроѥниѥ	2/n	нестроѥниѥ	all
2686	несъвѣда	2/f	несъвѣда	all
2689	несъвѣтьство	2/n	несъвѣтьство	all
2690	несъвѣщаниѥ	2/n	несъвѣщаниѥ	all
2692	несъмышл҄ѥниѥ	2/n	несъмышл҄ѥниѥ	all
2694	несытость	1/f	несытость	all
2696	несытьство	2/n	несытьство	all
2699	неуподар҄ѥниѥ	2/n	неуподар҄ѥниѥ	all
2700	нечистота	2/f	нечистота	all
2703	нечьстиѥ	2/n	нечьстиѥ	all
2706	нечьсть	1/f	нечьсть	all
2710	низъ	2/m	низъ	all
2720	низъхождениѥ	2/n	низъхождениѥ	all
2724	нищета	2/f	нищета	all
2726	нѫжда	2/f	нѫжда	all
2727	нѫждьникъ	2/m	нѫждьникъ	all
2731	нога	2/f	нога	all
2732	ногъть	1/m	ногъть	all
2733	ножь	2/m	ножь	all
2735	ноздри	1/f	ноздрь	pl
2737	ношениѥ	2/n	ношениѥ	all
2738	нощь	1/f	нощь	all
2740	нравъ	2/m	нравъ	all
2742	нырище	2/n	нырище	all
2744	нѣмость	1/f	нѣмость	all
2749	обаждениѥ	2/n	обаждениѥ	all
2751	обавл҄ѥниѥ	2/n	обавл҄ѥниѥ	all
2754	обавьникъ	2/m	обавьникъ	all
2759	обида	2/f	обида	all
2761	обидьливьство	2/n	обидьливьство	all
2763	обилиѥ	2/n	обилиѥ	all
2774	обитѣль	1/f	обитѣль	all
2776	обѫзъ	2/m	обѫзъ	all
2780	обладаниѥ	2/n	обладаниѥ	all
2782	облажениѥ	2/n	облажениѥ	all
2783	облаженикъ	2/m	облаженикъ	all
2786	облакъ	2/m	облакъ	all
2787	область	1/f	область	all
2791	облачьць	2/m	облачьць	all
2802	обличениѥ	2/n	обличениѥ	all
2803	обличиѥ	2/n	обличиѥ	all
2806	обличьникъ	2/m	обличьникъ	all
2808	осрьдованиѥ	2/n	осрьдованиѥ	all
2811	обычаи	2/m	обычаи	all
2813	орѫдиѥ	2/n	орѫдиѥ	all
2814	орѫжиѥ	2/n	орѫжиѥ	all
2815	орѫжьникъ	2/m	орѫжьникъ	all
2817	орьлъ	2/m	орьлъ	all
2821	оходъ	2/m	оходъ	all
2822	оходьникъ	2/m	оходьникъ	all
2825	отъчаꙗниѥ	2/n	отъчаꙗниѥ	all
2828	ошьльць	2/m	ошьльць	all
2835	отьць	2/m	отьць	all
2836	отьчина	2/f	отьчина	all
2838	отьчьствиѥ	2/n	отьчьствиѥ	all
2839	отьчьство	2/n	отьчьство	all
2848	отѧтиѥ	2/n	отѧтиѥ	all
2850	охлѧданиѥ	2/n	охлѧданиѥ	all
2855	подалиѥ	2/n	подалиѥ	all
2858	подвиѕаниѥ	2/n	подвиѕаниѥ	all
2861	подвигъ	2/m	подвигъ	all
2864	обьдо	2/n	обьдо	all
2867	обьщениѥ	2/n	обьщениѥ	all
2868	обьщиѥ	2/n	обьщиѥ	all
2869	обьщина	2/f	обьщина	all
2872	обьщьникъ	2/m	обьщьникъ	all
2874	обьщьство	2/n	обьщьство	all
2875	обѣданиѥ	2/n	обѣданиѥ	all
2877	обѣдъ	2/m	обѣдъ	all
2879	обѣтованиѥ	2/n	обѣтованиѥ	all
2880	обѣтъ	2/m	обѣтъ	all
2883	обѣщаниѥ	2/n	обѣщаниѥ	all
2885	обѧзаниѥ	2/n	обѧзаниѥ	all
2890	обѧщр҄ѥниѥ	2/n	обѧщр҄ѥниѥ	all
2891	овоще	2/n	овоще	all
2897	овьнъ	2/m	овьнъ	all
2898	овьца	2/f	овьца	all
2901	огавиѥ	2/n	огавиѥ	all
2902	оглавл҄ѥниѥ	2/n	оглавл҄ѥниѥ	all
2903	оглаголаниѥ	2/n	оглаголаниѥ	all
2907	оглашениѥ	2/n	оглашениѥ	all
2910	ограждениѥ	2/n	ограждениѥ	all
2911	ограда	2/f	ограда	all
2915	одежда	2/f	одежда	all
2918	одолѣниѥ	2/n	одолѣниѥ	all
2920	одръ	2/m	одръ	all
2921	одрьжаниѥ	2/n	одрьжаниѥ	all
2923	одрьць	2/m	одрьць	all
2927	одѣꙗло	2/n	одѣꙗло	all
2928	одѣꙗниѥ	2/n	одѣꙗниѥ	all
2931	одѣниѥ	2/n	одѣниѥ	all
2935	ожесточаниѥ	2/n	ожесточаниѥ	all
2946	озъл҄ѥниѥ	2/n	озъл҄ѥниѥ	all
2947	озълобл҄ѥниѥ	2/n	озълобл҄ѥниѥ	all
2949	оими	2/m	оимъ	pl
2951	оимьство	2/n	оимьство	all
2953	окл҄ѥветаниѥ	2/n	окл҄ѥветаниѥ	all
2955	окаꙗниѥ	2/n	окаꙗниѥ	all
2957	окамен҄ѥниѥ	2/n	окамен҄ѥниѥ	all
2963	оковъ	2/m	оковъ	all
2969	окринъ	2/m	окринъ	all
2977	окуса	2/f	окуса	all
2980	олово	2/n	олово	all
2983	омета	2/f	омета	all
2992	омъвениѥ	2/n	омъвениѥ	all
2996	онуща	2/f	онуща	all
3003	опасениѥ	2/n	опасениѥ	all
3005	опасъ	2/m	опасъ	all
3007	опашь	1/f	опашь	all
3010	оплотъ	2/m	оплотъ	all
3013	оплѣн҄ѥниѥ	2/n	оплѣн҄ѥниѥ	all
3014	опона	2/f	опона	all
3016	оправьданиѥ	2/n	оправьданиѥ	all
3021	опрѣснъкъ	2/m	опрѣснъкъ	all
3027	орало	2/n	орало	all
3033	освѣщениѥ	2/n	освѣщениѥ	all
3036	освѧщениѥ	2/n	освѧщениѥ	all
3040	осило	2/n	осило	all
3042	осѫждениѥ	2/n	осѫждениѥ	all
3047	оскврьн҄ѥниѥ	2/n	оскврьн҄ѥниѥ	all
3052	осклабл҄ѥниѥ	2/n	осклабл҄ѥниѥ	all
3057	оскръдъ	2/m	оскръдъ	all
3058	осла	2/f	осла	all
3060	ослабл҄ѥниѥ	2/n	ослабл҄ѥниѥ	all
3061	ослаба	2/f	ослаба	all
3064	ослушаниѥ	2/n	ослушаниѥ	all
3067	осльпениѥ	2/n	осльпениѥ	all
3069	ослѣпл҄ѥниѥ	2/n	ослѣпл҄ѥниѥ	all
3073	осмь	1/f	осмь	all
3074	основаниѥ	2/n	основаниѥ	all
3081	осрамл҄ѥниѥ	2/n	осрамл҄ѥниѥ	all
3085	оставл҄ѥниѥ	2/n	оставл҄ѥниѥ	all
3087	останъкъ	2/m	останъкъ	all
3089	остатиѥ	2/n	остатиѥ	all
3090	остатъкъ	2/m	остатъкъ	all
3094	остоꙗниѥ	2/n	остоꙗниѥ	all
3097	остриѥ	2/n	остриѥ	all
3099	островъ	2/m	островъ	all
3100	острогъ	2/m	острогъ	all
3101	острость	1/f	острость	all
3105	остьнъ	2/m	остьнъ	all
3108	осъпы	2/f	осъпа	pl
3112	осьлъ	2/m	осьлъ	all
3124	отврьстиѥ	2/n	отврьстиѥ	all
3129	отишиѥ	2/n	отишиѥ	all
3131	отокъ	2/m	отокъ	all
3134	отровениѥ	2/n	отровениѥ	all
3135	отроковица	2/f	отроковица	all
3136	отрокъ	2/m	отрокъ	all
3138	отрочина	2/f	отрочина	all
3139	отрочищь	2/m	отрочищь	all
3140	отрочьникъ	2/m	отрочьникъ	all
3145	отрѣшениѥ	2/n	отрѣшениѥ	all
3148	отъꙗдъ	2/m	отъꙗдъ	all
3153	отъвал҄ѥниѥ	2/n	отъвал҄ѥниѥ	all
3160	отъврьжениѥ	2/n	отъврьжениѥ	all
3163	отъвѣтъ	2/m	отъвѣтъ	all
3165	отъвѣщаниѥ	2/n	отъвѣщаниѥ	all
3171	отъданиѥ	2/n	отъданиѥ	all
3175	отъдъшениѥ	2/n	отъдъшениѥ	all
3178	окръвениѥ	2/n	окръвениѥ	all
3181	отълѫчениѥ	2/n	отълѫчениѥ	all
3185	отълѣкъ	2/m	отълѣкъ	all
3186	отъметаниѥ	2/n	отъметаниѥ	all
3193	отъмьщениѥ	2/n	отъмьщениѥ	all
3198	отъпадениѥ	2/n	отъпадениѥ	all
3204	отъпущениѥ	2/n	отъпущениѥ	all
3206	отърада	2/f	отърада	all
3209	отърасль	1/f	отърасль	all
3210	отъречениѥ	2/n	отъречениѥ	all
3217	отъръваниѥ	2/n	отъръваниѥ	all
3228	отъсѣчениѥ	2/n	отъсѣчениѥ	all
3236	оцьтъ	2/m	оцьтъ	all
3245	оцѣщениѥ	2/n	оцѣщениѥ	all
3249	очищениѥ	2/n	очищениѥ	all
3252	очрьще	2/n	очрьще	all
3253	ошьстиѥ	2/n	ошьстиѥ	all
3256	пл҄иновениѥ	2/n	пл҄иновениѥ	all
3257	пл҄ьваниѥ	2/n	пл҄ьваниѥ	all
3260	пл҄юскъ	2/m	пл҄юскъ	all
3261	пал҄ѥниѥ	2/n	пал҄ѥниѥ	all
3262	пагуба	2/f	пагуба	all
3263	пагубьникъ	2/m	пагубьникъ	all
3265	паданиѥ	2/n	паданиѥ	all
3267	падениѥ	2/n	падениѥ	all
3268	пажить	1/f	пажить	all
3269	пазнегъть	1/m	пазнегъть	all
3270	пазуха	2/f	пазуха	all
3271	паѫчина	2/f	паѫчина	all
3272	пакость	1/f	пакость	all
3273	пакостьникъ	2/m	пакостьникъ	all
3275	палица	2/f	палица	all
3276	памѧтиѥ	2/n	памѧтиѥ	all
3278	памѧть	1/f	памѧть	all
3279	паница	2/f	паница	all
3280	паничица	2/f	паничица	all
3281	папа	2/f	папа	all
3282	папежь	2/m	папежь	all
3283	папрьтъ	2/m	папрьтъ	all
3285	паства	2/f	паства	all
3286	паствина	2/f	паствина	all
3291	пастухъ	2/m	пастухъ	all
3292	пастыр҄ь	2/m	пастыр҄ь	all
3293	пелена	2/f	пелена	all
3294	пепелъ	2/m	пепелъ	all
3298	печаль	1/f	печаль	all
3300	печать	1/m	печать	all
3302	пещера	2/f	пещера	all
3305	пещь	1/f	пещь	all
3306	пещьница	2/f	пещьница	all
3308	пиꙗница	2/f	пиꙗница	all
3310	пиꙗньствиѥ	2/n	пиꙗньствиѥ	all
3311	пиꙗньство	2/n	пиꙗньство	all
3312	пиво	2/n	пиво	all
3313	пивьца	2/f	пивьца	all
3314	пила	2/f	пила	all
3315	пиръ	2/m	пиръ	all
3316	писаниѥ	2/n	писаниѥ	all
3322	питиѥ	2/n	питиѥ	all
3324	питѣниѥ	2/n	питѣниѥ	all
3326	пища	2/f	пища	all
3328	пѫть	1/m	пѫть	all
3329	пѫтьникъ	2/m	пѫтьникъ	all
3331	пѫчина	2/f	пѫчина	all
3335	пламень	1/m	пламень	all
3338	платъ	2/m	платъ	all
3340	плачь	2/m	плачь	all
3341	плащаница	2/f	плащаница	all
3343	плащь	2/m	плащь	all
3346	пленица	2/f	пленица	all
3348	плесно	2/n	плесно	all
3349	плесньце	2/n	плесньце	all
3351	плеще	2/n	плеще	all
3353	плищь	2/m	плищь	all
3356	плодъ	2/m	плодъ	all
3359	плотъ	2/m	плотъ	all
3361	плуща	2/n	плуще	pl
3362	плъкъ	2/m	плъкъ	all
3363	плъниѥ	2/n	плъниѥ	all
3364	плъть	1/f	плъть	all
3374	плѣн҄ѥниѥ	2/n	плѣн҄ѥниѥ	all
3375	плѣва	2/f	плѣва	all
3376	плѣвелъ	2/m	плѣвелъ	all
3377	плѣвьница	2/f	плѣвьница	all
3380	плѣнъ	2/m	плѣнъ	all
3381	плѣньникъ	2/m	плѣньникъ	all
3382	плѣньница	2/f	плѣньница	all
3384	плѧсаниѥ	2/n	плѧсаниѥ	all
3386	плѧсьць	2/m	плѧсьць	all
3390	поꙗсъ	2/m	поꙗсъ	all
3391	пол҄ѥ	2/n	пол҄ѥ	all
3392	пон҄ꙗва	2/f	пон҄ꙗва	all
3393	пон҄ꙗвица	2/f	пон҄ꙗвица	all
3402	побыть	1/f	побыть	all
3404	побѣждениѥ	2/n	побѣждениѥ	all
3407	побѣда	2/f	побѣда	all
3411	побѣдьникъ	2/m	побѣдьникъ	all
3417	повелѣниѥ	2/n	повелѣниѥ	all
3426	поводатаи	2/m	поводатаи	all
3431	повѣданиѥ	2/n	повѣданиѥ	all
3434	повѣдь	1/f	повѣдь	all
3437	повѣсть	1/f	повѣсть	all
3452	погребениѥ	2/n	погребениѥ	all
3457	погрѫжениѥ	2/n	погрѫжениѥ	all
3459	погрѣбаниѥ	2/n	погрѣбаниѥ	all
3461	погрѣшениѥ	2/n	погрѣшениѥ	all
3465	погубл҄ѥниѥ	2/n	погубл҄ѥниѥ	all
3469	погыбл҄ѥниѥ	2/n	погыбл҄ѥниѥ	all
3470	погыбѣль	1/f	погыбѣль	all
3477	подвижьникъ	2/m	подвижьникъ	all
3480	подобл҄ѥниѥ	2/n	подобл҄ѥниѥ	all
3481	подоба	2/f	подоба	all
3483	подобиѥ	2/n	подобиѥ	all
3486	подобьствиѥ	2/n	подобьствиѥ	all
3487	подрагъ	2/m	подрагъ	all
3488	подражаниѥ	2/n	подражаниѥ	all
3491	подражениѥ	2/n	подражениѥ	all
3494	подражьникъ	2/m	подражьникъ	all
3496	подругъ	2/m	подругъ	all
3497	подружиѥ	2/n	подружиѥ	all
3498	подрьжаниѥ	2/n	подрьжаниѥ	all
3502	подъѩтиѥ	2/n	подъѩтиѥ	all
3503	подъгориѥ	2/n	подъгориѥ	all
3506	подъземиѥ	2/n	подъземиѥ	all
3508	порокъ	2/m	порокъ	all
3512	порѧдиѥ	2/n	порѧдиѥ	all
3517	посѫждениѥ	2/n	посѫждениѥ	all
3521	послужениѥ	2/n	послужениѥ	all
3524	послухъ	2/m	послухъ	all
3525	послушаниѥ	2/n	послушаниѥ	all
3528	послушьникъ	2/m	послушьникъ	all
3529	послушьство	2/n	послушьство	all
3532	послѣдъкъ	2/m	послѣдъкъ	all
3539	подъметъ	2/m	подъметъ	all
3542	подъножиѥ	2/n	подъножиѥ	all
3548	подѣлиѥ	2/n	подѣлиѥ	all
3551	пожеланиѥ	2/n	пожеланиѥ	all
3562	познаниѥ	2/n	познаниѥ	all
3565	позоратаи	2/m	позоратаи	all
3566	позорище	2/n	позорище	all
3568	позоръ	2/m	позоръ	all
3569	позорьникъ	2/m	позорьникъ	all
3570	позъваниѥ	2/n	позъваниѥ	all
3579	покаꙗзнь	1/f	покаꙗзнь	all
3581	покаꙗниѥ	2/n	покаꙗниѥ	all
3587	показаниѥ	2/n	показаниѥ	all
3591	поклан҄ꙗниѥ	2/n	поклан҄ꙗниѥ	all
3593	поклон҄ѥниѥ	2/n	поклон҄ѥниѥ	all
3595	поклонъ	2/m	поклонъ	all
3596	поклоньникъ	2/m	поклоньникъ	all
3597	покор҄ѥниѥ	2/n	покор҄ѥниѥ	all
3599	покои	2/m	покои	all
3602	поконь	1/m	поконь	all
3605	покровище	2/n	покровище	all
3606	покровъ	2/m	покровъ	all
3612	покываниѥ	2/n	покываниѥ	all
3614	покыновениѥ	2/n	покыновениѥ	all
3615	пола	2/f	пола	all
3617	полата	2/f	полата	all
3622	положениѥ	2/n	положениѥ	all
3624	получаи	2/m	получаи	all
3625	получениѥ	2/n	получениѥ	all
3628	полъ	2/m	полъ	all
3629	польѕа	2/f	польѕа	all
3634	помаꙗниѥ	2/n	помаꙗниѥ	all
3638	помазаниѥ	2/n	помазаниѥ	all
3639	помазаньникъ	2/m	помазаньникъ	all
3648	поможениѥ	2/n	поможениѥ	all
3650	помор҄иѥ	2/n	помор҄иѥ	all
3652	помощиѥ	2/n	помощиѥ	all
3653	помощь	1/f	помощь	all
3654	помощьникъ	2/m	помощьникъ	all
3655	помрачениѥ	2/n	помрачениѥ	all
3662	помыслъ	2/m	помыслъ	all
3663	помышл҄ꙗниѥ	2/n	помышл҄ꙗниѥ	all
3665	помышл҄ѥниѥ	2/n	помышл҄ѥниѥ	all
3670	помѧновениѥ	2/n	помѧновениѥ	all
3671	понедѣл҄ьникъ	2/m	понедѣл҄ьникъ	all
3674	поновл҄ѥниѥ	2/n	поновл҄ѥниѥ	all
3677	поносъ	2/m	поносъ	all
3678	поношениѥ	2/n	поношениѥ	all
3683	попелъ	2/m	попелъ	all
3684	попечениѥ	2/n	попечениѥ	all
3691	попущениѥ	2/n	попущениѥ	all
3692	попъ	2/m	попъ	all
3694	попьраниѥ	2/n	попьраниѥ	all
3696	попьрище	2/n	попьрище	all
3697	попьство	2/n	попьство	all
3708	порѫганиѥ	2/n	порѫганиѥ	all
3713	порѫчьникъ	2/m	порѫчьникъ	all
3714	порождениѥ	2/n	порождениѥ	all
3715	порода	2/f	порода	all
3718	породьство	2/n	породьство	all
3722	пособиѥ	2/n	пособиѥ	all
3724	посоха	2/f	посоха	all
3727	поспѣхъ	2/m	поспѣхъ	all
3729	поспѣшениѥ	2/n	поспѣшениѥ	all
3731	поспѣшьникъ	2/m	поспѣшьникъ	all
3737	поставл҄ѥниѥ	2/n	поставл҄ѥниѥ	all
3739	постел҄ꙗ	2/f	постел҄ꙗ	all
3741	постижениѥ	2/n	постижениѥ	all
3744	постоꙗниѥ	2/n	постоꙗниѥ	all
3746	постраданиѥ	2/n	постраданиѥ	all
3748	пострашениѥ	2/n	пострашениѥ	all
3752	пострижениѥ	2/n	пострижениѥ	all
3755	постъ	2/m	постъ	all
3758	постьникъ	2/m	постьникъ	all
3759	постьница	2/f	постьница	all
3761	посъланиѥ	2/n	посъланиѥ	all
3774	посѣщениѥ	2/n	посѣщениѥ	all
3782	потокъ	2/m	потокъ	all
3784	потопъ	2/m	потопъ	all
3793	потрѣба	2/f	потрѣба	all
3795	потрѣбованиѥ	2/n	потрѣбованиѥ	all
3799	потъ	2/m	потъ	all
3801	потъчениѥ	2/n	потъчениѥ	all
3802	потъщаниѥ	2/n	потъщаниѥ	all
3806	потьпѣга	2/f	потьпѣга	all
3809	поуврьзениѥ	2/n	поуврьзениѥ	all
3815	поучениѥ	2/n	поучениѥ	all
3817	поущаниѥ	2/n	поущаниѥ	all
3819	поущениѥ	2/n	поущениѥ	all
3821	похвал҄ѥниѥ	2/n	похвал҄ѥниѥ	all
3822	похвала	2/f	похвала	all
3827	похода	2/f	похода	all
3829	похоть	1/f	похоть	all
3831	похотѣниѥ	2/n	похотѣниѥ	all
3834	похул҄ѥниѥ	2/n	похул҄ѥниѥ	all
3839	прикладъ	2/m	прикладъ	all
3842	прикосновениѥ	2/n	прикосновениѥ	all
3843	прикръвениѥ	2/n	прикръвениѥ	all
3847	прикупъ	2/m	прикупъ	all
3849	прилежаниѥ	2/n	прилежаниѥ	all
3852	прилогъ	2/m	прилогъ	all
3853	приложениѥ	2/n	приложениѥ	all
3858	почитаниѥ	2/n	почитаниѥ	all
3861	почрьпало	2/n	почрьпало	all
3862	почрьпальникъ	2/m	почрьпальникъ	all
3867	почьтениѥ	2/n	почьтениѥ	all
3868	пощениѥ	2/n	пощениѥ	all
3870	правл҄ѥниѥ	2/n	правл҄ѥниѥ	all
3871	правило	2/n	правило	all
3874	правость	1/f	правость	all
3875	правота	2/f	правота	all
3878	правьда	2/f	правьда	all
3880	правьдьникъ	2/m	правьдьникъ	all
3883	прагъ	2/m	прагъ	all
3884	прадѣдъ	2/m	прадѣдъ	all
3885	праздьникъ	2/m	праздьникъ	all
3888	праздьньствиѥ	2/n	праздьньствиѥ	all
3889	праздьньство	2/n	праздьньство	all
3891	прапрѫда	2/f	прапрѫда	all
3892	прапрѫдъ	2/m	прапрѫдъ	all
3895	прахъ	2/m	прахъ	all
3898	приꙗзнь	1/f	приꙗзнь	all
3902	прил҄юбл҄ѥниѥ	2/n	прил҄юбл҄ѥниѥ	all
3905	приѩтиѥ	2/n	приѩтиѥ	all
3912	прибытъкъ	2/m	прибытъкъ	all
3914	прибѣганиѥ	2/n	прибѣганиѥ	all
3918	прибѣжище	2/n	прибѣжище	all
3923	привидѣниѥ	2/n	привидѣниѥ	all
3930	привѣтъ	2/m	привѣтъ	all
3931	привѧзаниѥ	2/n	привѧзаниѥ	all
3934	пригвождениѥ	2/n	пригвождениѥ	all
3941	приградъ	2/m	приградъ	all
3951	прижитиѥ	2/n	прижитиѥ	all
3953	призракъ	2/m	призракъ	all
3954	призъваниѥ	2/n	призъваниѥ	all
3956	призываниѥ	2/n	призываниѥ	all
3960	прииманиѥ	2/n	прииманиѥ	all
3963	прикл҄ючаи	2/m	прикл҄ючаи	all
3966	прилучаи	2/m	прилучаи	all
3973	примор҄иѥ	2/n	примор҄иѥ	all
3974	примракъ	2/m	примракъ	all
3977	примышл҄ѥниѥ	2/n	примышл҄ѥниѥ	all
3982	принесениѥ	2/n	принесениѥ	all
3986	приносъ	2/m	приносъ	all
3987	приношениѥ	2/n	приношениѥ	all
3992	приобрѣтел҄ьникъ	2/m	приобрѣтел҄ьникъ	all
3993	приобрѣтениѥ	2/n	приобрѣтениѥ	all
3994	приобрѣтѣль	1/f	приобрѣтѣль	all
4009	прирокъ	2/m	прирокъ	all
4010	присвоѥниѥ	2/n	присвоѥниѥ	all
4017	присность	1/f	присность	all
4021	приставл҄ѥниѥ	2/n	приставл҄ѥниѥ	all
4023	приставьникъ	2/m	приставьникъ	all
4024	пристанище	2/n	пристанище	all
4026	пристѫпл҄ѥниѥ	2/n	пристѫпл҄ѥниѥ	all
4034	присѣщениѥ	2/n	присѣщениѥ	all
4035	присѧга	2/f	присѧга	all
4037	присѧжениѥ	2/n	присѧжениѥ	all
4046	притъча	2/f	притъча	all
4048	притѧжаниѥ	2/n	притѧжаниѥ	all
4051	прихождениѥ	2/n	прихождениѥ	all
4053	приходъ	2/m	приходъ	all
4059	причьтьникъ	2/m	причьтьникъ	all
4060	причѧстиѥ	2/n	причѧстиѥ	all
4062	причѧстьникъ	2/m	причѧстьникъ	all
4064	причѧщаниѥ	2/n	причѧщаниѥ	all
4066	причѧщениѥ	2/n	причѧщениѥ	all
4067	пришьльствиѥ	2/n	пришьльствиѥ	all
4068	пришьльство	2/n	пришьльство	all
4070	пришьльць	2/m	пришьльць	all
4071	пришьствиѥ	2/n	пришьствиѥ	all
4072	пришьстиѥ	2/n	пришьстиѥ	all
4073	прѫгъ	2/m	прѫгъ	all
4075	прѫтиѥ	2/n	прѫтиѥ	all
4080	пробрѣзгъ	2/m	пробрѣзгъ	all
4092	прогнѣваниѥ	2/n	прогнѣваниѥ	all
4094	прогон҄ѥниѥ	2/n	прогон҄ѥниѥ	all
4098	проданиѥ	2/n	проданиѥ	all
4101	продльжениѥ	2/n	продльжениѥ	all
4107	прозьрѣниѥ	2/n	прозьрѣниѥ	all
4110	прозѧбениѥ	2/n	прозѧбениѥ	all
4119	прокъ	2/m	прокъ	all
4121	пролиꙗниѥ	2/n	пролиꙗниѥ	all
4127	промыслъ	2/m	промыслъ	all
4128	промысльникъ	2/m	промысльникъ	all
4129	промышл҄ѥниѥ	2/n	промышл҄ѥниѥ	all
4132	проныриѥ	2/n	проныриѥ	all
4134	проныръ	2/m	проныръ	all
4135	пронырьство	2/n	пронырьство	all
4143	противл҄ѥниѥ	2/n	противл҄ѥниѥ	all
4146	противьникъ	2/m	противьникъ	all
4149	противьство	2/n	противьство	all
4153	проображениѥ	2/n	проображениѥ	all
4155	прообразованиѥ	2/n	прообразованиѥ	all
4156	пропадь	1/f	пропадь	all
4157	пропасть	1/f	пропасть	all
4160	проповѣданиѥ	2/n	проповѣданиѥ	all
4164	проповѣдь	1/f	проповѣдь	all
4165	проповѣдьникъ	2/m	проповѣдьникъ	all
4168	пропѧтиѥ	2/n	пропѧтиѥ	all
4172	проречениѥ	2/n	проречениѥ	all
4174	прорицаниѥ	2/n	прорицаниѥ	all
4176	пророкъ	2/m	пророкъ	all
4177	пророчица	2/f	пророчица	all
4180	пророчьство	2/n	пророчьство	all
4186	просвѣщениѥ	2/n	просвѣщениѥ	all
4190	проскупьство	2/n	проскупьство	all
4193	прослутиѥ	2/n	прослутиѥ	all
4199	простость	1/f	простость	all
4200	пространиѥ	2/n	пространиѥ	all
4203	пространьство	2/n	пространьство	all
4211	прохлаждениѥ	2/n	прохлаждениѥ	all
4213	прохождениѥ	2/n	прохождениѥ	all
4218	прошениѥ	2/n	прошениѥ	all
4220	прощениѥ	2/n	прощениѥ	all
4221	прътищь	2/m	прътищь	all
4222	прътъ	2/m	прътъ	all
4224	прьвѣньць	2/m	прьвѣньць	all
4225	прьси	1/f	прьсь	pl
4226	прьстъ	2/m	прьстъ	all
4227	пръсть	1/f	пръсть	all
4231	прѣждьникъ	2/m	прѣждьникъ	all
4239	прѣбываниѥ	2/n	прѣбываниѥ	all
4258	прѣвѣса	2/f	прѣвѣса	all
4260	прѣгѫдьница	2/f	прѣгѫдьница	all
4262	прѣгрѣшениѥ	2/n	прѣгрѣшениѥ	all
4264	прѣгын҄ꙗ	2/f	прѣгын҄ꙗ	all
4266	прѣдаꙗниѥ	2/n	прѣдаꙗниѥ	all
4268	прѣдавьникъ	2/m	прѣдавьникъ	all
4270	прѣданиѥ	2/n	прѣданиѥ	all
4271	прѣданьникъ	2/m	прѣданьникъ	all
4276	прѣдолѣниѥ	2/n	прѣдолѣниѥ	all
4280	прѣдъборьникъ	2/m	прѣдъборьникъ	all
4284	прѣдъдвориѥ	2/n	прѣдъдвориѥ	all
4285	прѣдъзъваниѥ	2/n	прѣдъзъваниѥ	all
4290	прѣдъложениѥ	2/n	прѣдъложениѥ	all
4297	прѣдъпьсаниѥ	2/n	прѣдъпьсаниѥ	all
4302	прѣдъстолиѥ	2/n	прѣдъстолиѥ	all
4303	прѣдъсѣданиѥ	2/n	прѣдъсѣданиѥ	all
4305	прѣдътеча	2/f	прѣдътеча	all
4311	прѣдѣдъ	2/m	прѣдѣдъ	all
4312	прѣдѣлъ	2/m	прѣдѣлъ	all
4315	прѣзорьство	2/n	прѣзорьство	all
4316	прѣзьрѣниѥ	2/n	прѣзьрѣниѥ	all
4320	прѣимьникъ	2/m	прѣимьникъ	all
4324	прѣклада	2/f	прѣклада	all
4325	прѣклон҄ѥниѥ	2/n	прѣклон҄ѥниѥ	all
4340	прѣлогъ	2/m	прѣлогъ	all
4341	прѣложениѥ	2/n	прѣложениѥ	all
4343	прѣломл҄ѥниѥ	2/n	прѣломл҄ѥниѥ	all
4346	прѣльсть	1/f	прѣльсть	all
4347	прѣльстьникъ	2/m	прѣльстьникъ	all
4349	прѣльщениѥ	2/n	прѣльщениѥ	all
4357	прѣмѫдрость	1/f	прѣмѫдрость	all
4369	прѣмѣна	2/f	прѣмѣна	all
4372	прѣмѣньникъ	2/m	прѣмѣньникъ	all
4374	прѣнемаганиѥ	2/n	прѣнемаганиѥ	all
4378	прѣношениѥ	2/n	прѣношениѥ	all
4381	прѣображениѥ	2/n	прѣображениѥ	all
4385	прѣотьць	2/m	прѣотьць	all
4392	прѣподобиѥ	2/n	прѣподобиѥ	all
4395	прѣполовл҄ѥниѥ	2/n	прѣполовл҄ѥниѥ	all
4397	прѣпрѫда	2/f	прѣпрѫда	all
4398	прѣпрѫдъ	2/m	прѣпрѫдъ	all
4403	прѣпьрѣниѥ	2/n	прѣпьрѣниѥ	all
4406	прѣровъ	2/m	прѣровъ	all
4410	прѣрѣканиѥ	2/n	прѣрѣканиѥ	all
4415	прѣсел҄ѥниѥ	2/n	прѣсел҄ѥниѥ	all
4417	прѣсельникъ	2/m	прѣсельникъ	all
4423	прѣслушаниѥ	2/n	прѣслушаниѥ	all
4429	прѣставл҄ѥниѥ	2/n	прѣставл҄ѥниѥ	all
4433	прѣстѫпл҄ѥниѥ	2/n	прѣстѫпл҄ѥниѥ	all
4436	прѣстѫпьникъ	2/m	прѣстѫпьникъ	all
4438	прѣстоꙗниѥ	2/n	прѣстоꙗниѥ	all
4440	прѣстолъ	2/m	прѣстолъ	all
4452	прѣтрьпѣниѥ	2/n	прѣтрьпѣниѥ	all
4457	прѣтыканиѥ	2/n	прѣтыканиѥ	all
4467	прѣчьсть	1/f	прѣчьсть	all
4470	прѣщениѥ	2/n	прѣщениѥ	all
4474	пустота	2/f	пустота	all
4475	пустошь	1/f	пустошь	all
4479	пустын҄ьникъ	2/m	пустын҄ьникъ	all
4483	пущеница	2/f	пущеница	all
4484	пъваниѥ	2/n	пъваниѥ	all
4486	пътеньць	2/m	пътеньць	all
4487	пътица	2/f	пътица	all
4488	пътищь	2/m	пътищь	all
4489	пътѣньць	2/m	пътѣньць	all
4490	пытаниѥ	2/n	пытаниѥ	all
4492	пьр҄ꙗ	2/f	пьр҄ꙗ	all
4494	пьрѣниѥ	2/n	пьрѣниѥ	all
4496	пьсаниѥ	2/n	пьсаниѥ	all
4499	пьсъ	2/m	пьсъ	all
4501	пьцьлъ	2/m	пьцьлъ	all
4503	пьшеница	2/f	пьшеница	all
4506	пѣвьць	2/m	пѣвьць	all
4508	пѣготы	2/f	пѣгота	pl
4509	пѣна	2/f	пѣна	all
4510	пѣниѥ	2/n	пѣниѥ	all
4513	пѣнѧѕь	2/m	пѣнѧѕь	all
4514	пѣнѧжьникъ	2/m	пѣнѧжьникъ	all
4515	пѣснь	1/f	пѣснь	all
4517	пѣстунъ	2/m	пѣстунъ	all
4518	пѣсъкъ	2/m	пѣсъкъ	all
4520	пѣтиѥ	2/n	пѣтиѥ	all
4522	пѧдь	1/f	пѧдь	all
4523	пѧта	2/f	пѧта	all
4525	пѧтъкъ	2/m	пѧтъкъ	all
4526	пѧть	1/f	пѧть	all
4527	ражданиѥ	2/n	ражданиѥ	all
4529	раждежениѥ	2/n	раждежениѥ	all
4531	раждиѕаниѥ	2/n	раждиѕаниѥ	all
4533	раба	2/f	раба	all
4535	работа	2/f	работа	all
4536	работаниѥ	2/n	работаниѥ	all
4538	работьникъ	2/m	работьникъ	all
4540	рабъ	2/m	рабъ	all
4545	радованиѥ	2/n	радованиѥ	all
4547	радость	1/f	радость	all
4549	радоща	2/f	радоща	all
4555	разбои	2/m	разбои	all
4556	разбоиникъ	2/m	разбоиникъ	all
4558	разбоиство	2/n	разбоиство	all
4559	разболѣниѥ	2/n	разболѣниѥ	all
4568	развращениѥ	2/n	развращениѥ	all
4570	разврьзениѥ	2/n	разврьзениѥ	all
4577	разграбл҄ѥниѥ	2/n	разграбл҄ѥниѥ	all
4583	раздавьникъ	2/m	раздавьникъ	all
4585	раздоръ	2/m	раздоръ	all
4591	раздрушениѥ	2/n	раздрушениѥ	all
4594	раздрѣшениѥ	2/n	раздрѣшениѥ	all
4598	раздѣл҄ѥниѥ	2/n	раздѣл҄ѥниѥ	all
4601	различениѥ	2/n	различениѥ	all
4602	различиѥ	2/n	различиѥ	all
4604	разлѫка	2/f	разлѫка	all
4606	разлѫчениѥ	2/n	разлѫчениѥ	all
4613	размышл҄ѥниѥ	2/n	размышл҄ѥниѥ	all
4616	разор҄ѥниѥ	2/n	разор҄ѥниѥ	all
4620	разумъ	2/m	разумъ	all
4624	разумѣниѥ	2/n	разумѣниѥ	all
4627	разьньствиѥ	2/n	разьньствиѥ	all
4629	разьньство	2/n	разьньство	all
4631	раи	2/m	раи	all
4633	рака	2/f	рака	all
4634	рало	2/n	рало	all
4635	рана	2/f	рана	all
4638	расѫждениѥ	2/n	расѫждениѥ	all
4650	распал҄ѥниѥ	2/n	распал҄ѥниѥ	all
4652	распалина	2/f	распалина	all
4657	распѫтиѥ	2/n	распѫтиѥ	all
4658	распонъ	2/m	распонъ	all
4664	распьр҄ꙗ	2/f	распьр҄ꙗ	all
4667	распьрѣниѥ	2/n	распьрѣниѥ	all
4669	распѧтиѥ	2/n	распѧтиѥ	all
4673	раствор҄ѥниѥ	2/n	раствор҄ѥниѥ	all
4684	растрьѕаниѥ	2/n	растрьѕаниѥ	all
4686	растъ	2/m	растъ	all
4694	расѣꙗниѥ	2/n	расѣꙗниѥ	all
4698	ратаи	2/m	ратаи	all
4699	рать	1/f	рать	all
4700	ратьникъ	2/m	ратьникъ	all
4706	ращениѥ	2/n	ращениѥ	all
4707	ребро	2/n	ребро	all
4708	ремень	1/m	ремень	all
4709	ремьство	2/n	ремьство	all
4711	реть	1/f	реть	all
4714	риза	2/f	риза	all
4715	ризьница	2/f	ризьница	all
4721	рѫгъ	2/m	рѫгъ	all
4722	рѫжениѥ	2/n	рѫжениѥ	all
4724	рѫка	2/f	рѫка	all
4726	рождениѥ	2/n	рождениѥ	all
4727	рождиѥ	2/n	рождиѥ	all
4728	рождьство	2/n	рождьство	all
4730	ровъ	2/m	ровъ	all
4731	ровьникъ	2/m	ровьникъ	all
4732	рогозина	2/f	рогозина	all
4733	рогъ	2/m	рогъ	all
4736	родител҄ьница	2/f	родител҄ьница	all
4738	родител҄ьство	2/n	родител҄ьство	all
4740	родъ	2/m	родъ	all
4741	родьство	2/n	родьство	all
4743	рожьць	2/m	рожьць	all
4744	розвьнъ	2/m	розвьнъ	all
4745	розга	2/f	розга	all
4746	рокъ	2/m	рокъ	all
4747	роса	2/f	роса	all
4750	руда	2/f	руда	all
4752	руно	2/n	руно	all
4755	ръжда	2/f	ръжда	all
4756	ръватва	2/f	ръватва	all
4757	ръвеникъ	2/m	ръвеникъ	all
4759	ръпътаниѥ	2/n	ръпътаниѥ	all
4761	ръпътъ	2/m	ръпътъ	all
4762	рыба	2/f	рыба	all
4764	рыбитвъ	2/m	рыбитвъ	all
4765	рыбица	2/f	рыбица	all
4766	рыданиѥ	2/n	рыданиѥ	all
4768	рыло	2/n	рыло	all
4770	рьвьниѥ	2/n	рьвьниѥ	all
4774	рьвьность	1/f	рьвьность	all
4779	сѫдиище	2/n	сѫдиище	all
4780	сѫдилище	2/n	сѫдилище	all
4783	сѫдище	2/n	сѫдище	all
4784	сѫдъ	2/m	сѫдъ	all
4785	сѫдьба	2/f	сѫдьба	all
4788	сѫкъ	2/m	сѫкъ	all
4789	сѫмьнѣниѥ	2/n	сѫмьнѣниѥ	all
4793	рѣка	2/f	рѣка	all
4794	рѣпиѥ	2/n	рѣпиѥ	all
4795	рѣснота	2/f	рѣснота	all
4797	рѣчь	1/f	рѣчь	all
4801	рѧдъ	2/m	рѧдъ	all
4803	садъ	2/m	садъ	all
4807	санъ	2/m	санъ	all
4808	сапогъ	2/m	сапогъ	all
4809	сваръ	2/m	сваръ	all
4810	сварьникъ	2/m	сварьникъ	all
4814	сверѣпьство	2/n	сверѣпьство	all
4818	свирьць	2/m	свирьць	all
4819	свирѣль	1/f	свирѣль	all
4820	свистаниѥ	2/n	свистаниѥ	all
4823	свобождениѥ	2/n	свобождениѥ	all
4824	свобода	2/f	свобода	all
4831	свьтѣниѥ	2/n	свьтѣниѥ	all
4833	свѣтило	2/n	свѣтило	all
4834	свѣтильникъ	2/m	свѣтильникъ	all
4838	свѣтъ	2/m	свѣтъ	all
4839	свѣтьлость	1/f	свѣтьлость	all
4840	свѣтьлота	2/f	свѣтьлота	all
4842	свѣтьльство	2/n	свѣтьльство	all
4843	свѣща	2/f	свѣща	all
4844	свѣщило	2/n	свѣщило	all
4845	свѣщьникъ	2/m	свѣщьникъ	all
4846	свѧтилище	2/n	свѧтилище	all
4847	свѧтило	2/n	свѧтило	all
4851	свѧтость	1/f	свѧтость	all
4855	свѧтьба	2/f	свѧтьба	all
4856	свѧтьць	2/m	свѧтьць	all
4858	свѧщениѥ	2/n	свѧщениѥ	all
4859	свѧщеникъ	2/m	свѧщеникъ	all
4860	седмица	2/f	седмица	all
4861	седморица	2/f	седморица	all
4864	седмь	1/f	седмь	all
4865	сеица	2/f	сеица	all
4866	секыра	2/f	секыра	all
4869	селище	2/n	селище	all
4870	село	2/n	село	all
4872	сестра	2/f	сестра	all
4874	сиꙗниѥ	2/n	сиꙗниѥ	all
4876	сила	2/f	сила	all
4877	сило	2/n	сило	all
4879	сирота	2/f	сирота	all
4880	сиротьство	2/n	сиротьство	all
4884	сѫпостатъ	2/m	сѫпостатъ	all
4885	сѫпрѫгъ	2/m	сѫпрѫгъ	all
4887	сѫпротивьникъ	2/m	сѫпротивьникъ	all
4889	сѫпьр҄ь	2/m	сѫпьр҄ь	all
4890	сѫпьр҄ьникъ	2/m	сѫпьр҄ьникъ	all
4891	сѫсѣдъ	2/m	сѫсѣдъ	all
4893	сѫчьць	2/m	сѫчьць	all
4894	сѫщиѥ	2/n	сѫщиѥ	all
4896	сѫщьство	2/n	сѫщьство	all
4898	сквара	2/f	сквара	all
4899	сквожьн҄ꙗ	2/f	сквожьн҄ꙗ	all
4900	скврьн҄ѥниѥ	2/n	скврьн҄ѥниѥ	all
4901	скврьна	2/f	скврьна	all
4904	скврьность	1/f	скврьность	all
4906	скврьньникъ	2/m	скврьньникъ	all
4908	скѫдость	1/f	скѫдость	all
4910	скѫдълъ	2/m	скѫдълъ	all
4912	скѫдъльникъ	2/m	скѫдъльникъ	all
4915	скѫпость	1/f	скѫпость	all
4917	сковрада	2/f	сковрада	all
4919	скопьць	2/m	скопьць	all
4920	скорость	1/f	скорость	all
4921	скорота	2/f	скорота	all
4924	скотъ	2/m	скотъ	all
4927	скрин҄ꙗ	2/f	скрин҄ꙗ	all
4928	скрижаль	1/f	скрижаль	all
4929	скриница	2/f	скриница	all
4931	скръбь	1/f	скръбь	all
4934	скрьжьтаниѥ	2/n	скрьжьтаниѥ	all
4936	скрьжьтъ	2/m	скрьжьтъ	all
4937	скълѧѕь	2/m	скълѧѕь	all
4938	слабость	1/f	слабость	all
4940	славл҄ѥниѥ	2/n	славл҄ѥниѥ	all
4941	слава	2/f	слава	all
4944	сладость	1/f	сладость	all
4946	слана	2/f	слана	all
4947	сланутъкъ	2/m	сланутъкъ	all
4949	сласть	1/f	сласть	all
4951	слатина	2/f	слатина	all
4952	слина	2/f	слина	all
4956	слуга	2/f	слуга	all
4958	служениѥ	2/n	служениѥ	all
4960	служител҄ьница	2/f	служител҄ьница	all
4962	служьба	2/f	служьба	all
4963	слузъ	2/m	слузъ	all
4965	слутиѥ	2/n	слутиѥ	all
4966	слухъ	2/m	слухъ	all
4968	слъньце	2/n	слъньце	all
4970	слышаниѥ	2/n	слышаниѥ	all
4972	сльза	2/f	сльза	all
4977	слѣдованиѥ	2/n	слѣдованиѥ	all
4978	слѣдъ	2/m	слѣдъ	all
4979	слѣпота	2/f	слѣпота	all
4981	слѣпьць	2/m	слѣпьць	all
4983	смокъвиниѥ	2/n	смокъвиниѥ	all
4985	смокъвьница	2/f	смокъвьница	all
4989	смрадъ	2/m	смрадъ	all
4991	смрьдъ	2/m	смрьдъ	all
4994	смѣхъ	2/m	смѣхъ	all
4995	снопъ	2/m	снопъ	all
4996	снѣгъ	2/m	снѣгъ	all
4999	сокъ	2/m	сокъ	all
5000	солило	2/n	солило	all
5002	соль	1/f	соль	all
5004	сопьць	2/m	сопьць	all
5005	спѫдъ	2/m	спѫдъ	all
5006	сподъ	2/m	сподъ	all
5009	спѣхъ	2/m	спѣхъ	all
5010	спѣшениѥ	2/n	спѣшениѥ	all
5015	срамота	2/f	срамота	all
5016	срамъ	2/m	срамъ	all
5018	срачица	2/f	срачица	all
5019	срьбаниѥ	2/n	срьбаниѥ	all
5020	срьдьце	2/n	срьдьце	all
5022	срьпъ	2/m	срьпъ	all
5023	срѣда	2/f	срѣда	all
5027	ставл҄ѥниѥ	2/n	ставл҄ѥниѥ	all
5028	ставило	2/n	ставило	all
5030	стадо	2/n	стадо	all
5031	станиѥ	2/n	станиѥ	all
5032	станъ	2/m	станъ	all
5033	старица	2/f	старица	all
5034	старость	1/f	старость	all
5036	старьць	2/m	старьць	all
5038	старѣишина	2/f	старѣишина	all
5040	старѣишиньство	2/n	старѣишиньство	all
5043	стел҄ꙗ	2/f	стел҄ꙗ	all
5044	стежеръ	2/m	стежеръ	all
5045	стенаниѥ	2/n	стенаниѥ	all
5047	степень	1/m	степень	all
5049	стѫпаниѥ	2/n	стѫпаниѥ	all
5052	стлъпъ	2/m	стлъпъ	all
5053	стлъпьникъ	2/m	стлъпьникъ	all
5054	стоꙗниѥ	2/n	стоꙗниѥ	all
5056	столъ	2/m	столъ	all
5057	стопа	2/f	стопа	all
5058	страданиѥ	2/n	страданиѥ	all
5060	страдьба	2/f	страдьба	all
5061	стража	2/f	стража	all
5062	стражь	2/m	стражь	all
5063	стражьба	2/f	стражьба	all
5064	страна	2/f	страна	all
5065	страньникъ	2/m	страньникъ	all
5067	страсть	1/f	страсть	all
5068	страстьникъ	2/m	страстьникъ	all
5071	страхованиѥ	2/n	страхованиѥ	all
5072	страхъ	2/m	страхъ	all
5076	строѥниѥ	2/n	строѥниѥ	all
5077	строи	2/m	строи	all
5080	строител҄ьство	2/n	строител҄ьство	all
5082	стропъ	2/m	стропъ	all
5083	струꙗ	2/f	струꙗ	all
5084	струга	2/f	струга	all
5086	струпъ	2/m	струпъ	all
5090	стрькъ	2/m	стрькъ	all
5092	стрѣкало	2/n	стрѣкало	all
5094	стрѣла	2/f	стрѣла	all
5095	стрѣха	2/f	стрѣха	all
5099	студень	1/f	студень	all
5100	студеньць	2/m	студеньць	all
5102	студъ	2/m	студъ	all
5104	стыдость	1/f	стыдость	all
5106	стыдѣниѥ	2/n	стыдѣниѥ	all
5108	стьѕа	2/f	стьѕа	all
5109	стьблиѥ	2/n	стьблиѥ	all
5110	стьгна	2/f	стьгна	all
5111	стегно	2/n	стегно	all
5112	стькльница	2/f	стькльница	all
5113	стьклѣница	2/f	стьклѣница	all
5115	стѣна	2/f	стѣна	all
5116	стѣн҄ь	2/m	стѣн҄ь	all
5117	суѥта	2/f	суѥта	all
5122	съпасъ	2/m	съпасъ	all
5125	съписаниѥ	2/n	съписаниѥ	all
5131	сукъно	2/n	сукъно	all
5134	сухота	2/f	сухота	all
5136	суша	2/f	суша	all
5137	сушило	2/n	сушило	all
5140	събл҄юдениѥ	2/n	събл҄юдениѥ	all
5143	събираниѥ	2/n	събираниѥ	all
5148	съблазнъ	2/m	съблазнъ	all
5149	съблѫждениѥ	2/n	съблѫждениѥ	all
5151	съборъ	2/m	съборъ	all
5152	съборьникъ	2/m	съборьникъ	all
5157	събьраниѥ	2/n	събьраниѥ	all
5159	съвада	2/f	съвада	all
5160	съвадьникъ	2/m	съвадьникъ	all
5161	съвалъмъ	2/m	съвалъмъ	all
5165	съвитъкъ	2/m	съвитъкъ	all
5166	съвѫзъ	2/m	съвѫзъ	all
5170	съвоинъ	2/m	съвоинъ	all
5174	съврьшениѥ	2/n	съврьшениѥ	all
5179	съвъздрьжьникъ	2/m	съвъздрьжьникъ	all
5181	съвъкупл҄ѥниѥ	2/n	съвъкупл҄ѥниѥ	all
5183	съвъплъчениѥ	2/n	съвъплъчениѥ	all
5190	съвѣдь	1/f	съвѣдь	all
5191	съвѣдѣниѥ	2/n	съвѣдѣниѥ	all
5193	съвѣдѣтел҄ьствиѥ	2/n	съвѣдѣтел҄ьствиѥ	all
5194	съвѣдѣтел҄ьство	2/n	съвѣдѣтел҄ьство	all
5199	съвѣсть	1/f	съвѣсть	all
5203	съвѣтъ	2/m	съвѣтъ	all
5204	съвѣтьникъ	2/m	съвѣтьникъ	all
5225	съгрѣшениѥ	2/n	съгрѣшениѥ	all
5228	съдравиѥ	2/n	съдравиѥ	all
5233	съдыханиѥ	2/n	съдыханиѥ	all
5234	съдѣꙗниѥ	2/n	съдѣꙗниѥ	all
5237	съдѣиство	2/n	съдѣиство	all
5239	съдѣиствьникъ	2/m	съдѣиствьникъ	all
5245	съжежениѥ	2/n	съжежениѥ	all
5253	съзрьно	2/n	съзрьно	all
5256	съзьданиѥ	2/n	съзьданиѥ	all
5262	съказаниѥ	2/n	съказаниѥ	all
5270	съконьчаниѥ	2/n	съконьчаниѥ	all
5273	съкровище	2/n	съкровище	all
5274	съкровъ	2/m	съкровъ	all
5277	съкрушениѥ	2/n	съкрушениѥ	all
5281	съкупл҄ѥниѥ	2/n	съкупл҄ѥниѥ	all
5286	сълазъ	2/m	сълазъ	all
5294	сълогъ	2/m	сълогъ	all
5295	съложениѥ	2/n	съложениѥ	all
5298	сълучаи	2/m	сълучаи	all
5301	сълъ	2/m	сълъ	all
5309	съмир҄ѥниѥ	2/n	съмир҄ѥниѥ	all
5313	съмѫщаниѥ	2/n	съмѫщаниѥ	all
5315	съмѫщениѥ	2/n	съмѫщениѥ	all
5318	съмотр҄ѥниѥ	2/n	съмотр҄ѥниѥ	all
5321	съмръзениѥ	2/n	съмръзениѥ	all
5323	съмрьть	1/f	съмрьть	all
5326	съмыслъ	2/m	съмыслъ	all
5330	съмѣр҄ѥниѥ	2/n	съмѣр҄ѥниѥ	all
5338	съмѣшениѥ	2/n	съмѣшениѥ	all
5340	съмѧтениѥ	2/n	съмѧтениѥ	all
5343	съниѥ	2/n	съниѥ	all
5347	сънитиѥ	2/n	сънитиѥ	all
5350	сънъ	2/m	сънъ	all
5352	съньмище	2/n	съньмище	all
5353	съньмъ	2/m	съньмъ	all
5355	сънѣдениѥ	2/n	сънѣдениѥ	all
5356	сънѣдь	1/f	сънѣдь	all
5360	сънѧтиѥ	2/n	сънѧтиѥ	all
5364	съпаниѥ	2/n	съпаниѥ	all
5366	съпасениѥ	2/n	съпасениѥ	all
5370	съпаства	2/f	съпаства	all
5371	съплеменьникъ	2/m	съплеменьникъ	all
5372	съплесканиѥ	2/n	съплесканиѥ	all
5375	съплетъкъ	2/m	съплетъкъ	all
5379	съповѣданиѥ	2/n	съповѣданиѥ	all
5384	съподобл҄ѥниѥ	2/n	съподобл҄ѥниѥ	all
5387	тать	1/m	тать	all
5388	татьба	2/f	татьба	all
5389	татьбина	2/f	татьбина	all
5392	тварь	1/f	тварь	all
5393	твор҄ѥниѥ	2/n	твор҄ѥниѥ	all
5396	творъ	2/m	творъ	all
5397	творьць	2/m	творьць	all
5399	тврьдость	1/f	тврьдость	all
5401	тврьдь	1/f	тврьдь	all
5402	тврьдѣль	1/f	тврьдѣль	all
5403	телица	2/f	телица	all
5404	тельць	2/m	тельць	all
5405	тепениѥ	2/n	тепениѥ	all
5406	теплость	1/f	теплость	all
5409	тетъка	2/f	тетъка	all
5410	течениѥ	2/n	течениѥ	all
5412	тикъ	2/m	тикъ	all
5413	тимѣниѥ	2/n	тимѣниѥ	all
5414	тимѣно	2/n	тимѣно	all
5415	тина	2/f	тина	all
5417	тинь	1/f	тинь	all
5419	тиса	2/f	тиса	all
5420	тихость	1/f	тихость	all
5421	тихота	2/f	тихота	all
5423	тишина	2/f	тишина	all
5425	тѫга	2/f	тѫга	all
5426	тѫжениѥ	2/n	тѫжениѥ	all
5428	тѫтьнъ	2/m	тѫтьнъ	all
5429	тѫча	2/f	тѫча	all
5431	тлъкованиѥ	2/n	тлъкованиѥ	all
5432	тлъкъ	2/m	тлъкъ	all
5433	тлъпа	2/f	тлъпа	all
5437	съпоспѣшьникъ	2/m	съпоспѣшьникъ	all
5439	съприимьникъ	2/m	съприимьникъ	all
5440	съпричѧстьникъ	2/m	съпричѧстьникъ	all
5445	съпущениѥ	2/n	съпущениѥ	all
5451	съразумѣниѥ	2/n	съразумѣниѥ	all
5456	сърѣтаниѥ	2/n	сърѣтаниѥ	all
5458	сърѣтениѥ	2/n	сърѣтениѥ	all
5459	сърѧща	2/f	сърѧща	all
5462	съсѫдъ	2/m	съсѫдъ	all
5466	съставл҄ѥниѥ	2/n	съставл҄ѥниѥ	all
5468	съставъ	2/m	съставъ	all
5469	съставьникъ	2/m	съставьникъ	all
5472	състоꙗниѥ	2/n	състоꙗниѥ	all
5474	състольникъ	2/m	състольникъ	all
5477	съсъ	2/m	съсъ	all
5479	съсьць	2/m	съсьць	all
5484	сътвор҄ѥниѥ	2/n	сътвор҄ѥниѥ	all
5489	сътѫжаниѥ	2/n	сътѫжаниѥ	all
5491	сътѫжениѥ	2/n	сътѫжениѥ	all
5494	съто	2/n	съто	all
5495	съторица	2/f	съторица	all
5496	сътрьпѣниѥ	2/n	сътрьпѣниѥ	all
5502	сътъ	2/m	сътъ	all
5503	сътьникъ	2/m	сътьникъ	all
5505	сътѧѕаниѥ	2/n	сътѧѕаниѥ	all
5508	сътѧжаниѥ	2/n	сътѧжаниѥ	all
5511	съхождениѥ	2/n	съхождениѥ	all
5513	съходъ	2/m	съходъ	all
5515	съхран҄ѥниѥ	2/n	съхран҄ѥниѥ	all
5519	съчетаниѥ	2/n	съчетаниѥ	all
5521	съчин҄ѥниѥ	2/n	съчин҄ѥниѥ	all
5524	съшьствиѥ	2/n	съшьствиѥ	all
5525	сыновьство	2/n	сыновьство	all
5526	сынъ	2/m	сынъ	all
5527	сынъ	2/m	сынъ	all
5529	сыръ	2/m	сыръ	all
5531	сытость	1/f	сытость	all
5533	сыть	1/f	сыть	all
5535	сьребро	2/n	сьребро	all
5536	сьребрьникъ	2/m	сьребрьникъ	all
5538	сѣꙗниѥ	2/n	сѣꙗниѥ	all
5541	сѣверъ	2/m	сѣверъ	all
5542	сѣдалище	2/n	сѣдалище	all
5543	сѣдало	2/n	сѣдало	all
5545	сѣдениѥ	2/n	сѣдениѥ	all
5547	сѣдина	2/f	сѣдина	all
5550	сѣдѣниѥ	2/n	сѣдѣниѥ	all
5553	сѣно	2/n	сѣно	all
5554	сѣнь	1/f	сѣнь	all
5555	сѣньница	2/f	сѣньница	all
5558	сѣтиѥ	2/n	сѣтиѥ	all
5559	сѣтованиѥ	2/n	сѣтованиѥ	all
5561	сѣть	1/f	сѣть	all
5563	сѣчиво	2/n	сѣчиво	all
5564	сѣчь	2/m	сѣчь	all
5565	сѣчьца	2/f	сѣчьца	all
5566	сѣчьць	2/m	сѣчьць	all
5570	таибьникъ	2/m	таибьникъ	all
5572	таилище	2/n	таилище	all
5573	таина	2/f	таина	all
5576	таканиѥ	2/n	таканиѥ	all
5579	токъ	2/m	токъ	all
5581	томл҄ѥниѥ	2/n	томл҄ѥниѥ	all
5585	топлота	2/f	топлота	all
5587	точениѥ	2/n	точениѥ	all
5588	точило	2/n	точило	all
5593	трепетъ	2/m	трепетъ	all
5596	третиица	2/f	третиица	all
5598	тризна	2/f	тризна	all
5599	трѫбл҄ѥниѥ	2/n	трѫбл҄ѥниѥ	all
5600	трѫба	2/f	трѫба	all
5604	трѫдъ	2/m	трѫдъ	all
5605	трѫсъ	2/m	трѫсъ	all
5606	трѫтъ	2/m	трѫтъ	all
5609	троица	2/f	троица	all
5613	тружданиѥ	2/n	тружданиѥ	all
5616	трудъ	2/m	трудъ	all
5618	трупиѥ	2/n	трупиѥ	all
5619	трупъ	2/m	трупъ	all
5620	тръгъ	2/m	тръгъ	all
5621	тръжище	2/n	тръжище	all
5622	тръжьникъ	2/m	тръжьникъ	all
5623	тръжьство	2/n	тръжьство	all
5624	тръхъть	1/m	тръхъть	all
5625	трьѕаниѥ	2/n	трьѕаниѥ	all
5627	трьниѥ	2/n	трьниѥ	all
5629	трьнъ	2/m	трьнъ	all
5632	трьпѣниѥ	2/n	трьпѣниѥ	all
5634	трьстиѥ	2/n	трьстиѥ	all
5635	трьсть	1/f	трьсть	all
5637	трѣба	2/f	трѣба	all
5638	трѣбище	2/n	трѣбище	all
5639	трѣбованиѥ	2/n	трѣбованиѥ	all
5641	трѣбьникъ	2/m	трѣбьникъ	all
5643	трѣва	2/f	трѣва	all
5645	трѣзвениѥ	2/n	трѣзвениѥ	all
5648	трѣснъ	2/m	трѣснъ	all
5649	трѧсавица	2/f	трѧсавица	all
5652	тукъ	2/m	тукъ	all
5653	тулъ	2/m	тулъ	all
5654	туръ	2/m	туръ	all
5657	тъканиѥ	2/n	тъканиѥ	all
5660	тъма	2/f	тъма	all
5661	тъчьникъ	2/m	тъчьникъ	all
5663	тъщаниѥ	2/n	тъщаниѥ	all
5665	тъщета	2/f	тъщета	all
5672	тысѫщьникъ	2/m	тысѫщьникъ	all
5674	тысѧщьникъ	2/m	тысѧщьникъ	all
5676	тьл҄ꙗ	2/f	тьл҄ꙗ	all
5679	тьло	2/n	тьло	all
5680	тьлѣниѥ	2/n	тьлѣниѥ	all
5683	тьма	2/f	тьма	all
5684	тьмьница	2/f	тьмьница	all
5685	тьмьничьникъ	2/m	тьмьничьникъ	all
5689	тьсть	1/m	тьсть	all
5690	тьща	2/f	тьща	all
5697	тѧгость	1/f	тѧгость	all
5698	тѧгота	2/f	тѧгота	all
5700	тѧжа	2/f	тѧжа	all
5702	тѧжесть	1/f	тѧжесть	all
5704	тѧтива	2/f	тѧтива	all
5705	уꙗдениѥ	2/n	уꙗдениѥ	all
5708	ун҄ьшиина	2/f	ун҄ьшиина	all
5713	убиѥниѥ	2/n	убиѥниѥ	all
5714	убиваниѥ	2/n	убиваниѥ	all
5716	убииство	2/n	убииство	all
5718	убиица	2/f	убиица	all
5721	убитиѥ	2/n	убитиѥ	all
5725	убожьство	2/n	убожьство	all
5726	убои	2/m	убои	all
5727	убоиство	2/n	убоиство	all
5728	убоица	2/f	убоица	all
5730	убрусъ	2/m	убрусъ	all
5734	убѣжаниѥ	2/n	убѣжаниѥ	all
5736	убѣжище	2/n	убѣжище	all
5741	увѣдѣниѥ	2/n	увѣдѣниѥ	all
5745	увѣтъ	2/m	увѣтъ	all
5746	увѣтьникъ	2/m	увѣтьникъ	all
5748	увѣщаниѥ	2/n	увѣщаниѥ	all
5759	угашениѥ	2/n	угашениѥ	all
5763	угождениѥ	2/n	угождениѥ	all
5765	угодиѥ	2/n	угодиѥ	all
5767	угодьникъ	2/m	угодьникъ	all
5769	уготованиѥ	2/n	уготованиѥ	all
5773	удар҄ꙗниѥ	2/n	удар҄ꙗниѥ	all
5774	удар҄ѥниѥ	2/n	удар҄ѥниѥ	all
5775	удавл҄ѥниѥ	2/n	удавл҄ѥниѥ	all
5776	удавл҄ѥнина	2/f	удавл҄ѥнина	all
5781	удворьникъ	2/m	удворьникъ	all
5788	удрѫчениѥ	2/n	удрѫчениѥ	all
5790	удрьжаниѥ	2/n	удрьжаниѥ	all
5793	удъ	2/m	удъ	all
5796	хвал҄ѥниѥ	2/n	хвал҄ѥниѥ	all
5797	хвала	2/f	хвала	all
5801	хѫдожьникъ	2/m	хѫдожьникъ	all
5802	хѫдожьствиѥ	2/n	хѫдожьствиѥ	all
5803	хѫдожьство	2/n	хѫдожьство	all
5804	хладъ	2/m	хладъ	all
5806	хлапъ	2/m	хлапъ	all
5808	хлъмъ	2/m	хлъмъ	all
5809	хлѣбъ	2/m	хлѣбъ	all
5811	хлѣвина	2/f	хлѣвина	all
5812	хлѣвъ	2/m	хлѣвъ	all
5813	хлѧбь	1/f	хлѧбь	all
5816	ужасениѥ	2/n	ужасениѥ	all
5819	ужасть	1/f	ужасть	all
5821	ужасъ	2/m	ужасъ	all
5823	ужесточениѥ	2/n	ужесточениѥ	all
5825	узда	2/f	узда	all
5828	уиставл҄ѥниѥ	2/n	уиставл҄ѥниѥ	all
5830	уищениѥ	2/n	уищениѥ	all
5832	указаниѥ	2/n	указаниѥ	all
5834	указъ	2/m	указъ	all
5837	укор҄ѥниѥ	2/n	укор҄ѥниѥ	all
5839	укоризна	2/f	укоризна	all
5842	укоръ	2/m	укоръ	all
5847	украшениѥ	2/n	украшениѥ	all
5848	укрои	2/m	укрои	all
5849	укропъ	2/m	укропъ	all
5852	укрухъ	2/m	укрухъ	all
5860	уловл҄ѥниѥ	2/n	уловл҄ѥниѥ	all
5865	умал҄ѥниѥ	2/n	умал҄ѥниѥ	all
5869	умил҄ѥниѥ	2/n	умил҄ѥниѥ	all
5880	умрьтвиѥ	2/n	умрьтвиѥ	all
5883	умрьтиѥ	2/n	умрьтиѥ	all
5885	умрьщвл҄ѥниѥ	2/n	умрьщвл҄ѥниѥ	all
5888	умъ	2/m	умъ	all
5890	умъножениѥ	2/n	умъножениѥ	all
5892	умывальница	2/f	умывальница	all
5893	умываниѥ	2/n	умываниѥ	all
5897	умышл҄ꙗи	2/m	умышл҄ꙗи	all
5898	умышл҄ѥниѥ	2/n	умышл҄ѥниѥ	all
5907	уничьжениѥ	2/n	уничьжениѥ	all
5909	унын҄ѥниѥ	2/n	унын҄ѥниѥ	all
5911	уныниѥ	2/n	уныниѥ	all
5923	упитиѥ	2/n	упитиѥ	all
5929	управл҄ѥниѥ	2/n	управл҄ѥниѥ	all
5931	упражн҄ѥниѥ	2/n	упражн҄ѥниѥ	all
5935	упъваниѥ	2/n	упъваниѥ	all
5951	услышаниѥ	2/n	услышаниѥ	all
5957	успѣхъ	2/m	успѣхъ	all
5958	успѣшениѥ	2/n	успѣшениѥ	all
5961	усрьдиѥ	2/n	усрьдиѥ	all
5963	уста	2/n	усто	pl
5965	уставл҄ѥниѥ	2/n	уставл҄ѥниѥ	all
5967	уставъ	2/m	уставъ	all
5977	устрашениѥ	2/n	устрашениѥ	all
5979	устроѥниѥ	2/n	устроѥниѥ	all
5980	устрои	2/m	устрои	all
5982	устрьмл҄ѥниѥ	2/n	устрьмл҄ѥниѥ	all
5987	устьна	2/f	устьна	all
5990	усъмощр҄ѥниѥ	2/n	усъмощр҄ѥниѥ	all
5993	усъпениѥ	2/n	усъпениѥ	all
5995	усын҄ѥниѥ	2/n	усын҄ѥниѥ	all
5999	усѣкновениѥ	2/n	усѣкновениѥ	all
6004	утварь	1/f	утварь	all
6007	утврьждениѥ	2/n	утврьждениѥ	all
6016	утриѥ	2/n	утриѥ	all
6017	утро	2/n	утро	all
6022	утрьница	2/f	утрьница	all
6027	утѣха	2/f	утѣха	all
6029	утѣшениѥ	2/n	утѣшениѥ	all
6037	уходъ	2/m	уходъ	all
6040	учениѥ	2/n	учениѥ	all
6041	ученикъ	2/m	ученикъ	all
6042	ученица	2/f	ученица	all
6044	учин҄ѥниѥ	2/n	учин҄ѥниѥ	all
6045	учинаниѥ	2/n	учинаниѥ	all
6052	учѧстиѥ	2/n	учѧстиѥ	all
6055	ушидь	1/m	ушидь	all
6059	халѫга	2/f	халѫга	all
6060	хождениѥ	2/n	хождениѥ	all
6061	ходатаи	2/m	ходатаи	all
6062	ходатаиство	2/n	ходатаиство	all
6065	ходъ	2/m	ходъ	all
6066	хоть	1/f	хоть	all
6067	хотѣниѥ	2/n	хотѣниѥ	all
6071	храмина	2/f	храмина	all
6072	храмъ	2/m	храмъ	all
6073	хранилище	2/n	хранилище	all
6074	хранило	2/n	хранило	all
6079	хромьць	2/m	хромьць	all
6080	хръзанъ	2/m	хръзанъ	all
6081	хрьбьтъ	2/m	хрьбьтъ	all
6082	хул҄ѥниѥ	2/n	хул҄ѥниѥ	all
6083	худость	1/f	худость	all
6085	хула	2/f	хула	all
6087	хульникъ	2/m	хульникъ	all
6089	хызина	2/f	хызина	all
6090	хызъ	2/m	хызъ	all
6091	хытрость	1/f	хытрость	all
6094	хытрьць	2/m	хытрьць	all
6095	хыщениѥ	2/n	хыщениѥ	all
6096	хыщьникъ	2/m	хыщьникъ	all
6098	цвѣтило	2/n	цвѣтило	all
6099	цвѣтъ	2/m	цвѣтъ	all
6101	цвѣтьць	2/m	цвѣтьць	all
6103	црькъвица	2/f	црькъвица	all
6104	црькъвище	2/n	црькъвище	all
6108	цѣл҄ѥниѥ	2/n	цѣл҄ѥниѥ	all
6109	цѣвьница	2/f	цѣвьница	all
6113	цѣлованиѥ	2/n	цѣлованиѥ	all
6118	цѣльба	2/f	цѣльба	all
6121	цѣна	2/f	цѣна	all
6128	цѣсар҄ица	2/f	цѣсар҄ица	all
6130	цѣсар҄ьствиѥ	2/n	цѣсар҄ьствиѥ	all
6131	цѣсар҄ьство	2/n	цѣсар҄ьство	all
6134	цѧта	2/f	цѧта	all
6135	чаꙗниѥ	2/n	чаꙗниѥ	all
6138	чари	2/m	чаръ	pl
6139	часъ	2/m	часъ	all
6141	чаша	2/f	чаша	all
6142	чел҄ꙗдь	1/f	чел҄ꙗдь	all
6143	чел҄юсть	1/f	чел҄юсть	all
6144	чело	2/n	чело	all
6146	четворица	2/f	четворица	all
6149	четврьтъкъ	2/m	четврьтъкъ	all
6151	чешуꙗ	2/f	чешуꙗ	all
6152	чин҄ѥниѥ	2/n	чин҄ѥниѥ	all
6155	чинъ	2/m	чинъ	all
6156	число	2/n	число	all
6160	чистина	2/f	чистина	all
6162	чистител҄ьство	2/n	чистител҄ьство	all
6164	чистость	1/f	чистость	all
6165	чистота	2/f	чистота	all
6167	чловѣкъ	2/m	чловѣкъ	all
6168	чловѣчинъ	2/m	чловѣчинъ	all
6172	чловѣчьство	2/n	чловѣчьство	all
6173	чрьвл҄ѥнь	1/f	чрьвл҄ѥнь	all
6175	чрьвь	1/m	чрьвь	all
6178	чрьнило	2/n	чрьнило	all
6179	чрьница	2/f	чрьница	all
6181	чрьньць	2/m	чрьньць	all
6184	чрьта	2/f	чрьта	all
6186	чрьтогъ	2/m	чрьтогъ	all
6187	чрѣждениѥ	2/n	чрѣждениѥ	all
6188	чрѣвии	2/m	чрѣвии	all
6189	чрѣво	2/n	чрѣво	all
6191	чрѣда	2/f	чрѣда	all
6193	чрѣсла	2/n	чрѣсло	pl
6194	чувьствиѥ	2/n	чувьствиѥ	all
6195	чувьство	2/n	чувьство	all
6211	алъканиѥ	2/n	алъканиѥ	all
6213	бещиница	2/f	бещиница	all
6215	бесчьствиѥ	2/n	бесчьствиѥ	all
6217	бещѧдиѥ	2/n	бещѧдиѥ	all
6218	вечерьн҄ꙗ	2/f	вечерьн҄ꙗ	all
6219	бесчиниѥ	2/n	бесчиниѥ	all
6224	чуиство	2/n	чуиство	all
6226	чьванъ	2/m	чьванъ	all
6229	чьсть	1/f	чьсть	all
6231	чьтениѥ	2/n	чьтениѥ	all
6233	чьтьць	2/m	чьтьць	all
6234	чѧдо	2/n	чѧдо	all
6235	чѧдь	1/f	чѧдь	all
6236	чѧдьце	2/n	чѧдьце	all
6238	чѧсть	1/f	чѧсть	all
6240	шаръ	2/m	шаръ	all
6243	шесть	1/f	шесть	all
6244	шиꙗ	2/f	шиꙗ	all
6246	шипъкъ	2/m	шипъкъ	all
6249	широта	2/f	широта	all
6251	шлѣмъ	2/m	шлѣмъ	all
6253	шуица	2/f	шуица	all
6254	шумъ	2/m	шумъ	all
6256	шьпътаниѥ	2/n	шьпътаниѥ	all
6258	шьствиѥ	2/n	шьствиѥ	all
6260	шьстиѥ	2/n	шьстиѥ	all
6261	шѧтаниѥ	2/n	шѧтаниѥ	all
6263	щедрота	2/f	щедрота	all
6265	щитъ	2/m	щитъ	all
6268	югъ	2/m	югъ	all
6270	юница	2/f	юница	all
6271	юность	1/f	юность	all
6272	юнота	2/f	юнота	all
6273	юноша	2/f	юноша	all
6275	юньць	2/m	юньць	all
6277	каженикъ	2/m	каженикъ	all
6279	проказьство	2/n	проказьство	all
6281	вои	2/m	вои	pl
6285	адъ	2/m	адъ	all
6288	носила	2/n	носило	pl
6289	китъ	2/m	китъ	all
6290	проказа	2/f	проказа	all
6292	измѣниѥ	2/n	измѣниѥ	all
6294	браниѥ	2/n	браниѥ	all
6296	пращьникъ	2/m	пращьникъ	all
6297	кън҄ижицѧ	2/f	кън҄ижицꙗ	pl
6298	кън҄игы	2/f	кън҄ига	pl
6301	ножьницѧ	2/f	ножьницꙗ	pl
6302	озракъ	2/m	озракъ	all
6306	вѣиѥ	2/n	вѣиѥ	all
6307	порождьство	2/n	порождьство	all
6342	братиꙗ	2/f	братиꙗ	all
6344	гвоздь	1/m	гвоздь	all
6345	възвить	1/f	възвить	all
6349	дрождиѩ	2/f	дрождиꙗ	pl
6350	запустѣниѥ	2/n	запустѣниѥ	all
6351	ѫгълъ	2/m	ѫгълъ	all
6352	ищѧдиѥ	2/n	ищѧдиѥ	all
6354	ковьникъ	2/m	ковьникъ	all
6358	непокоръ	2/m	непокоръ	all
6360	невѣждьство	2/n	невѣждьство	all
6361	мразъ	2/m	мразъ	all
6364	огн҄ь	2/m	огн҄ь	all
6366	промышл҄ꙗи	2/m	промышл҄ꙗи	all
6367	прокудьникъ	2/m	прокудьникъ	all
6368	прокуда	2/f	прокуда	all
6369	пѫта	2/n	пѫто	pl
6370	прьстень	1/m	прьстень	all
6371	рамо	2/n	рамо	all
6374	дымъ	2/m	дымъ	all
6375	размышл҄ꙗи	2/m	размышл҄ꙗи	all
6377	архиереи	2/m	архиереи	all
6380	геона	2/f	геона	all
6382	хитонъ	2/m	хитонъ	all
6383	херовимъ	2/m	херовимъ	all
6385	декѧбръ	2/m	декѧбръ	all
6389	жидъ	2/m	жидъ	all
6390	прокажениѥ	2/n	прокажениѥ	all
6403	рабичищь	2/m	рабичищь	all
6405	аеръ	2/m	аеръ	all
6407	примышл҄ꙗи	2/m	примышл҄ꙗи	all
