lemma_key	surface	count
авигеа	а҆вїге́а	12
авигеа	а҆вїге́и	7
авигеа	а҆вїге́ю	1
авида	а҆вїда̀	2
авиданъ	а҆вїда́на	1
авиданъ	а҆вїда́нъ	4
авилиниа	а҆вїлині́ею	1
авимаилъ	а҆вїмаи́ла	1
авимеилъ	а҆вїмеи́ла	1
авимелеховъ	а҆вїмеле́ховымъ	1
авимелеховъ	а҆вїмеле́ховꙋ	1
авимелеховъ	а҆вїмеле́хѡвы	1
авимелехъ	а҆вїмеле́сѣ	2
авимелехъ	а҆вїмеле́ха	19
авимелехъ	а҆вїмеле́ховъ	1
авимелехъ	а҆вїмеле́хомъ	1
авимелехъ	а҆вїмеле́хъ	41
авимелехъ	а҆вїмеле́хꙋ	14
авинеемль	а҆вїнее́мль	2
авинеемль	а҆вїнее́млѧ	1
авинеемовъ	а҆вїнее́мовъ	1
авиронъ	а҆вїрѡ́на	2
авиронъ	а҆вїрѡ́нъ	3
авиронъ	а҆вїрѡ́нѣ	3
авиронъ	а҆вїрѡ́нꙋ	2
авиронь	а҆вїрѡ́нѧ	1
ависага	а҆вїса́ги	1
ависага	а҆вїса́гъ	1
ависага	а҆вїса́гꙋ	3
ависафъ	а҆вїса́фъ	1
ависеевъ	а҆вїсе́ева	1
ависуевъ	а҆вїсꙋ́ева	1
ависуи	а҆вїсꙋ́й	1
ависумовъ	а҆вїсꙋ́мовъ	1
ависуровъ	а҆вїсꙋ́рове	1
ависуръ	а҆вїсꙋ́ръ	1
авитала	а҆вїта́лы	2
авихаилъ	а҆вїхаи́ла	1
авихеовъ	а҆вїхе́овъ	1
агрикополь	а҆грїкопо́лѧ	1
ада	а҆дамі̀	1
адида	а҆дїдꙋ̀	1
адина	а҆дїна̀	1
адинонъ	а҆дїнѡ́нъ	1
адинуевъ	а҆дїнꙋ́євы	1
адонивезекъ	а҆дѡнївезе́ка	1
адонивезекъ	а҆дѡнївезе́къ	4
адоникамль	а҆дѡнїка́млихъ	1
адоникамль	а҆дѡнїка̑мли	1
адоникамовъ	а҆дѡнїка́мовыхъ	1
адоникамовъ	а҆дѡнїка́мѡвы	2
адонирамъ	а҆дѡнїра́ма	2
адонирамъ	а҆дѡнїра́мъ	3
аиа	а҆їѐ	1
аиламъ	а҆їла́мъ	2
аилеѵъ	а҆їле́ѵъ	1
аилонъ	а҆їлѡ́нъ	1
аинонъ	а҆їнѡ́на	1
аинъ	а҆́їнъ	4
аиѳалъ	а҆їѳа́ла	1
аиѳалъ	а҆їѳа́ле	4
аиѳалъ	а҆їѳа́лъ	6
аиѳалъ	а҆їѳала̀	10
акаѳистовъ	а҆ка́ѳїстово	1
акаѳистовъ	а҆ка́ѳїстовꙋ	1
акаѳистъ	а҆ка́ѳїста	67
акаѳистъ	а҆ка́ѳїстовъ	2
акаѳистъ	а҆ка́ѳїстомъ	1
акаѳистъ	а҆ка́ѳїстъ	5
акиндѵнъ	а҆кїндѵ́на	16
акиндѵнъ	а҆кїндѵ́не	2
акиндѵнъ	а҆кїндѵ́нъ	1
акифаевъ	а҆кїфа́євы	1
акиѳоновъ	а҆кїѳѡ́нова	1
акростихисъ	а҆крості́хїсъ	1
аликарнасъ	а҆лїкарна́съ	1
алимазонѧнинъ	а҆лїмазо́нѧне	1
аманитида	а҆мані́тїдꙋ	1
аминадавль	а҆мїнада́вли	1
аминадавль	а҆мїнада́вль	5
аминадавль	а҆мїнада́влѧ	5
аминадавль	а҆мїнада̑вли	1
аминадавовъ	а҆мїнада́вова	1
аминадавовъ	а҆мїнада́вовꙋ	1
аминадавъ	а҆мїнада́ва	12
аминадавъ	а҆мїнада́вовъ	1
аминадавъ	а҆мїнада́въ	6
амисадаевъ	а҆мїсада́евъ	2
амисадаинъ	а҆мїсада́ина	1
амисадаинъ	а҆мїсада́инъ	2
амитала	а҆мїта́ла	2
амитала	а҆мїта́лъ	1
амиталь	а҆мїта́ль	1
амитовъ	а҆мїто́ва	1
амфилохии	а҆мфїло́хїа	16
амфилохии	а҆мфїло́хїе	9
амфилохии	а҆мфїло́хїемъ	1
амфилохии	а҆мфїло́хїй	2
амфилохии	а҆мфїло́хїѧ	2
амфиполь	а҆мфїпо́ль	1
аникита	а҆нїки́та	1
аникита	а҆нїки́то	6
аникита	а҆нїки́тъ	1
аникита	а҆нїки́ты	10
аникита	а҆нїки́тꙋ	1
анимаида	а҆нїмаі́да	1
анимаиса	а҆нїмаи́сы	1
анимаиса	а҆нїмаі́са	1
антидорныи	а҆нтїдѡ́рное	1
антидорныи	а҆нтїдѡ́рнымъ	2
антиливанъ	а҆нтїлїва́на	1
антиливанъ	а҆нтїлїва́нъ	3
антиливанъ	а҆нтїлїва́нѣ	2
антиминсныи	а҆нтїми́нсною	3
антиминсныи	а҆нтїми́нснꙋю	1
антиминсъ	антїми́нсъ	2
антиминсъ	а҆нті́мїнсъ	1
антиминсъ	а҆нтїми́нса	4
антиминсъ	а҆нтїми́нсомъ	1
антиминсъ	а҆нтїми́нсъ	19
антиминсъ	а҆нтїми́нсы	2
антиминсъ	а҆нтїми́нсѡвъ	1
антиминсъ	а҆нтїми́нсѣ	5
антиминсъ	а҆нтїми́нсꙋ	1
антипасха	а҆нтїпа́схи	14
антипатрида	а҆нтїпатрі́дꙋ	1
антипатръ	а҆нтїпа́тра	1
антипатръ	а҆нтїпа́тръ	1
антифонъ	а҆нтїфѡ́на	12
антифонъ	а҆нтїфѡ́нъ	694
антифонъ	а҆нтїфѡ́ны	39
антифонъ	а҆нтїфѡ́нѡвъ	5
антифонъ	а҆нтїфѡ́нѣ	22
антифонъ	а҆нтїфѡ́нѣхъ	1
антифонъ	а҆нтїфѡ́нꙋ	2
антихристовъ	а҆нті́хрїстовы	1
антихристъ	а҆нті́хрїсти	1
антихристъ	а҆нті́хрїстовъ	1
антихристъ	а҆нті́хрїстъ	3
аписъ	а҆́пїсъ	1
апокалѵѱисъ	а҆пока́лѷѱїсꙋ	1
аполлинарианинъ	а҆поллїнарїа́ны	1
аполлинарии	а҆поллїна́рїа	1
аполлинарии	а҆поллїна́рїй	3
аримаѳеа	а҆рїмаѳе́а	3
арисоѳъ	а҆рїсѡ́ѳа	1
арисоѳъ	а҆рїсѡ́ѳѣ	1
аристархъ	а҆рїста́рха	1
аристархъ	а҆рїста́рхъ	3
аристархъ	а҆рїста́рхꙋ	1
аристионъ	а҆рїстїѡ́нъ	1
аристовулъ	а҆рїстовꙋ́ла	1
аристовулъ	а҆рїстовꙋ́лꙋ	1
аристоклии	а҆рїстоклі́й	1
арсиноа	а҆рсїно́а	1
арсиноа	а҆рсїно́ю	1
арсифуриѳовъ	а҆рсїфꙋрі́ѳѡвы	1
аруфинъ	а҆рꙋ́фїнъ	1
архидиаконъ	а҆рхїдїа́кона	26
архидиаконъ	а҆рхїдїа́кономъ	2
архидиаконъ	а҆рхїдїа́конъ	2
архидиаконъ	а҆рхїдїа́конꙋ	1
архиереи	архиерей	1
архилии	а҆рхїлі́й	1
архимагиръ	а҆рхїмагі́ра	1
архимагиръ	а҆рхїмагі́ровъ	1
архимагиръ	а҆рхїмагі́ромъ	1
архимагиръ	а҆рхїмагі́ръ	16
архимагиръ	а҆рхїмагі́рꙋ	2
архимандритъ	а҆рхїмандрі́та	26
архимандритъ	а҆рхїмандрі́тѡвъ	1
архимандритъ	а҆рхїмандрі́тѣ	2
архимандритъ	а҆рхїмандрі́тꙋ	1
архипастырскии	а҆рхїпа́стырски	1
архипастырскии	а҆рхїпа́стырскїй	1
архипастырь	а҆рхїпа́стыремъ	2
архипастырь	а҆рхїпа́стырь	1
архипастырь	а҆рхїпа́стырємъ	1
архипастырь	а҆рхїпа́стырїе	1
архипастырь	а҆рхїпа́стырѧ	6
архистратигъ	а҆рхїстрати́гъ	3
архистратигъ	а҆рхїстрати́гꙋ	1
архисѵнагоговъ	а҆рхїсѷнагѡ́говъ	1
архисѵнагогъ	а҆рхїсѷнагѡ́га	2
архисѵнагогъ	а҆рхїсѷнагѡ́гови	1
архисѵнагогъ	а҆рхїсѷнагѡ̑гъ	1
архитектонство	а҆рхїте́ктонствомъ	1
архитектонство	а҆рхїтектѡ́нствомъ	1
архитектонствовати	а҆рхїтекто́нствовати	2
архитектонъ	а҆рхїте́ктона	1
архитектонъ	а҆рхїте́ктонꙋ	1
архитектонъ	а҆рхїте́ктѡнъ	2
архитриклинъ	а҆рхїтриклі́нови	1
архитриклинъ	а҆рхїтриклі́нъ	2
архитриклинъ	а҆рхїтрїкли́нови	1
архитриклинъ	а҆рхїтрїкли́нъ	2
архитриклинъ	а҆рхїтрїклі́нови	1
архитриклинъ	а҆рхїтрїклі́нъ	2
аселисиль	а҆селїси́ль	1
асивиа	а҆сїві́а	1
асидеи	а҆сїде́є	2
асимаѳъ	а҆сїма́ѳъ	1
асифаевъ	а҆сїфа́євы	1
асклипиодота	а҆склїпїодо́тъ	1
аспидныи	а҆́спїденъ	1
аспидныи	а҆́спїднꙋю	2
аспидовъ	а҆́спїдова	1
аспидскии	а҆́спїдска	1
аспидскии	а҆́спїдскихъ	1
аспидъ	а҆́спїды	1
аспидъ	а҆́спїдѡвъ	6
ассалимоѳъ	а҆ссалїмѡ́ѳъ	1
ассаримоѳъ	а҆ссарїмѡ́ѳа	1
астароѳинъ	а҆старѡ́ѳїнъ	1
атифаевъ	а҆тїфа́євы	1
афелонинъ	а҆фело́нїнъ	1
африканскии	а҆фрїка́нскїй	1
африканъ	а҆фрїка́на	1
африканъ	а҆фрїка́нъ	3
африкиискии	а҆фрїкі́йскꙋю	1
ахаиковъ	а҆ха́їковѣ	1
ахаикъ	а҆ха́їка	1
ахаикъ	а҆ха́їкомъ	1
ахаикъ	а҆ха́їкъ	2
ахикамль	а҆хїка́мль	1
ахикамль	а҆хїка́млѧ	2
ахикамовъ	а҆хїка́мова	2
ахикамовъ	а҆хїка́мовымъ	1
ахикамовъ	а҆хїка́мовꙋ	4
ахикамъ	а҆хїка́ма	1
ахикамъ	а҆хїка́мъ	1
ахикамъ	а҆хїка́мꙋ	2
ахилудовъ	а҆хїлꙋ́довъ	3
ахилуѳовъ	а҆хїлꙋ́ѳовъ	2
ахима	а҆хїма̀	1
ахимаасовъ	а҆хїмаа́сова	1
ахимаасъ	а҆хїмаа́са	2
ахимаасъ	а҆хїмаа́съ	13
ахиманъ	а҆хїма́на	1
ахиманъ	а҆хїма́нъ	1
ахимеа	а҆хїме́а	1
ахимелехъ	а҆хїме́лехъ	1
ахимелехъ	а҆хїмеле́хомъ	2
ахимелехъ	а҆хїмеле́хъ	1
ахинаама	а҆хїнаа́мъ	3
ахинаама	а҆хїнаа́мы	2
ахинаама	а҆хїнаа́мꙋ	1
ахинадавъ	а҆хїнада́въ	1
ахиноома	а҆хїноо́ма	1
ахиреи	а҆хїре́а	1
ахиреи	а҆хїре́й	4
ахисама	а҆хїсама̀	1
ахисамаховъ	а҆хїсама́хова	1
ахисамаховъ	а҆хїсама́ховъ	1
ахисамаховъ	а҆хїсама́ховꙋ	1
ахисаръ	а҆хїса́ръ	1
ахитовль	а҆хїтѡ́влѧ	1
ахитовъ	а҆хїтѡ́ва	3
ахитовъ	а҆хїтѡ́въ	4
ахитофелевъ	а҆хїтофе́лева	1
ахитофелевъ	а҆хїтофе́левъ	5
ахитофелъ	а҆хїтофе́ла	2
ахитофелъ	а҆хїтофе́лъ	10
ахитофелъ	а҆хїтофе́лѣ	1
ахитофелъ	а҆хїтофе́лꙋ	1
аѱинѳосъ	а҆́ѱїнѳосъ	1
аѳинеискии	а҆ѳїнє́йскаѧ	2
аѳинимъ	а҆ѳїні́мѡмъ	1
аѵранитида	а҆ѵранїті́дою	1
аѵранитидскии	а҆ѵранїті́дскихъ	1
аѵситидиискии	а҆ѵсїтїді́йскїѧ	1
аѵситидиискии	а҆ѵсїтїді́йстѣй	2
аѵситидитѧнинъ	а҆ѵсїтїді́тѧнинъ	1
аѵситидскии	а҆ѵсі́тїдскагѡ	1
благословение	благословению	2
ваалимаѳъ	ваалїма́ѳъ	1
ваинакъ	ваїна́ка	1
вартимеи	вартїме́и	1
вартимеи	вартїме́й	1
васаллимоѳовъ	васаллїмѡ́ѳовъ	1
васанитида	васані́тїда	1
васанитида	васані́тїды	1
васанитида	васані́тїдѣ	6
васанитида	васані́тїдꙋ	1
васанитидскии	васанїті́дстїи	1
васанитидскии	васанїті̑дскїѧ	1
василидъ	васїлі́да	1
василидъ	васїлі́дъ	2
василискъ	васїлі́ска	1
василисса	васїлі́сса	1
василько	васїлька́ми	1
василько	васїлько̀	1
василько	васїлько́мъ	1
василько	васїлькѝ	2
ваѳиримъ	ваѳїрі́ма	1
вектилеѳъ	вектїле́ѳа	1
вектилеѳъ	вектїле́ѳъ	1
велиса	велїса̀	1
верникиа	вернїкі́а	2
верникиа	вернїкі́и	1
верникиинъ	вернїкі́ино	1
веѳмаримоѳъ	веѳмарїмѡ́ѳѣ	1
вивианъ	вївїа́не	1
вивианъ	вївїа́нъ	1
вивлиискии	вївлі́йстїи	1
викентии	вїке́нтїа	8
викентии	вїке́нтїе	1
викентии	вїке́нтїй	3
викентии	вїке́нтїѧ	1
викторинъ	вїкторі́нъ	1
вина	ві́нъ	1
вина	ві́ны	1
вина	вїна̀	118
вина	вїно̀	109
вина	вїно́	4
вина	вїнѣ̀	9
вина	вїнꙋ̀	3
винарскии	вїна́рска	4
винарскии	вїна́рско	1
винарскии	вїна́рскъ	4
винарь	вїнаре́ви	1
вино	вїно́мъ	23
виноградарь	вїногра́дарїе	1
виноградникъ	вїногра́дника	1
виноградныи	вїногра́днаѧ	3
виноградныи	вїногра́дными	1
виноградныи	вїногра́дныхъ	2
виноградныи	вїногра́днѣй	1
виноградныи	вїногра́днѣмъ	1
виноградъ	вїногра́да	39
виноградъ	вїногра́де	1
виноградъ	вїногра́ди	3
виноградъ	вїногра́домъ	3
виноградъ	вїногра́дъ	75
виноградъ	вїногра́ды	34
виноградъ	вїногра́дѡвъ	8
виноградъ	вїногра́дѣ	7
виноградъ	вїногра́дѣхъ	4
виноградъ	вїногра́дꙋ	4
винопиица	вїнопі́йца	3
винопитие	вїнопи́тїемъ	5
виносотворенныи	вїносотворе́нное	1
виночерпецъ	вїноче́рпцы	2
виночерпица	вїночє́рпицы	1
виночерпчии	вїноче́рпчїй	2
виночерпчии	вїночє́рпчїѧ	1
вириладъ	вирїла́дъ	1
виринеи	вирїне́а	1
вироѳинъ	вирѡ́ѳїнъ	1
високосъ	вїсоко́съ	35
виталии	вїта́лїй	1
виталлии	вїта́ллїй	1
виѳсимоѳъ	виѳсїмѡ́ѳꙋ	1
виѳсимуѳъ	виѳсїмꙋ́ѳъ	1
виѳѵниа	вїѳѷні́и	1
виѳѵниа	вїѳѷні́ю	1
владимировъ	влади́мїрова	1
владимировъ	влади́мїровой	1
владимирскии	влади́мїрскагѡ	16
владимирскии	влади́мїрскаѧ	3
владимирскии	влади́мїрскихъ	8
владимирскии	влади́мїрскомꙋ	1
владимирскии	влади́мїрскїѧ	22
владимирскии	влади́мїрскꙋю	2
владимиръ	влади́мїра	46
владимиръ	влади́мїре	15
владимиръ	влади́мїромъ	1
владимиръ	влади́мїръ	11
владимиръ	влади́мїрѣ	1
владимиръ	влади́мїрꙋ	9
вонифатии	вонїфа́тїа	5
вонифатии	вонїфа́тїе	13
вонифатии	вонїфа́тїй	1
вопиѧти	вопию́щи	1
вѵссонъ	вїссо́нъ	1
гаидадъ	гаїда́дъ	2
гаисавимъ	гаїсаві́мъ	1
галаадитида	галааді́тїдою	1
галаадитида	галааді́тїды	2
галаадитида	галааді́тїдѣ	4
галаадитида	галааді́тїдꙋ	3
галаадитиискии	галаадїті́йстѣмъ	1
галаадититскии	галаадїті́тскагѡ	2
галикъ	га́лїкъ	1
галилеа	галїле́а	4
галилеа	галїле́ею	2
галилеа	галїле́и	41
галилеа	галїле́ю	21
галилеанинъ	галїле́ане	3
галилеанинъ	галїле́анинъ	4
галилеанинъ	галїле́анъ	1
галилеи	галїле́ехъ	1
галилеискии	галїле́йска	1
галилеискии	галїле́йскагѡ	1
галилеискии	галїле́йскимъ	1
галилеискии	галїле́йскихъ	1
галилеискии	галїле́йско	1
галилеискии	галїле́йское	1
галилеискии	галїле́йскїй	2
галилеискии	галїле́йскїѧ	3
галилеискии	галїле́йскꙋ	1
галилеискии	галїле́йскꙋю	1
галилеискии	галїле́йстїи	1
галилеискии	галїле́йстѣй	2
галилеискии	галїле́йстѣмъ	2
галилеискии	галїлє́йскимъ	1
галилеискии	галїлє́йскїѧ	1
галилоѳъ	галїлѡ́ѳъ	2
галилоѳъ	галїлѡ́ѳѣ	1
галисиискии	галїсі́йстѣй	5
гаризинъ	гарїзі́нъ	4
гаризинъ	гарїзі́нѣ	2
геникъ	ге́нїка	1
герасимъ	гера́сїма	16
герасимъ	гера́сїме	16
герасимъ	гера́сїмомъ	1
герасимъ	гера́сїмъ	1
герасимъ	гера́сїмꙋ	1
гесуръ	гесꙋрі̀	4
геѳсимани	геѳсїманѝ	1
геѳсиманиа	геѳсїма́нїа	1
геѳсиманиа	геѳсїма́нїе	1
геѳсиманиа	геѳсїма́нїи	3
геѳсиманиа	геѳсїма́нїю	2
геѳсиманиа	геѳсїмані́и	1
геѳсиманиискии	геѳсїмані́йстѣй	6
гивимъ	гїви́мѣ	1
гигантии	гїга́нтїа	2
гигантии	гїга́нтїй	1
гигантовъ	гїга́нтѡвы	2
гигантъ	гїга́нтѡвъ	1
гигель	гїге́ль	1
голиндуха	голїндꙋ́ха	1
гоѵнъ	гѡѵ́нї	1
даниданъ	данїда́нъ	1
даниилъ	данїі́лѣ	1
двоирмосныи	двоїрмо́сенъ	6
двоирмосныи	двоїрмо́сны	1
диаконскии	диаконски	1
дивонь	дївѡ́нѧ	1
дидрахма	дїдра́хма	4
дидрахма	дїдра́хмъ	18
дидрахма	дїдра́хмы	2
дидрахма	дїдра́хмѣ	1
дидрахма	дїдра̑хмы	1
дидѵмъ	дїдѵ́мъ	1
дикирии	дїки́рїй	1
дикирии	дїки́рїѧ	1
димонъ	дїмѡ́на	1
димонъ	дїмѡна̀	1
димонь	дїмѡ́нѧ	1
динарь	дїна́рь	1
динарь	дїнарѧ̀	1
динеи	дїне́є	1
дисидерии	дисїде́рїа	3
дисидерии	дисїде́рїй	1
дисидерии	дїсїде́рїй	1
догматикъ	догма́тїкъ	32
досиѳеи	досїѳе́емъ	1
досиѳеи	досїѳе́й	4
дримѵловъ	дрїмѵ́ловъ	1
еддинусъ	є҆ддїнꙋ́съ	1
едифалаѳъ	є҆дїфала́ѳъ	1
езрикамовъ	є҆зрїка́мова	1
езрикамъ	є҆зрїка́ма	2
езрикамъ	є҆зрїка́мъ	3
екдикъ	є҆́кдїкъ	2
еливама	є҆лївама̀	2
еликонида	є҆лїконі́да	1
елимелеховъ	є҆лїмеле́хова	2
елимелеховъ	є҆лїмеле́хѡва	1
елимелехъ	є҆лїме́лехъ	1
елимелехъ	є҆лїмеле́ха	1
елимелехъ	є҆лїмеле́хъ	2
елиса	є҆лїса̀	4
елиса	є҆лїса́ма	2
елиса	є҆лїса́мъ	2
елиса	є҆лїсама̀	9
елисавета	є҆лїсаве́тъ	7
елисавета	є҆лїсаве́тꙋ	1
елисаветинъ	є҆лїсаве́тино	5
елисаветинъ	є҆лїсаве́тиною	1
елисаветь	є҆лїсаве́ти	1
елисаветь	є҆лїсаве́ть	1
елисавеѳа	є҆лїсаве́ѳа	1
елисавъ	є҆лїса́въ	1
елисама	є҆лїса́мы	1
елисама	є҆лїсамы̀	1
елисамль	є҆лїса́млѧ	1
елисамовъ	є҆лїса́мова	1
елисафа	є҆лїса́фа	1
елисафа	є҆лїса́фъ	5
елисафанъ	є҆лїсафа́на	2
елисафанъ	є҆лїсафа́нъ	3
елисафань	є҆лїсафа́нихъ	2
елисимъ	є҆лїсі́мъ	1
елиссеевъ	є҆лїссе́ева	2
елиссеевъ	є҆лїссе́евъ	1
елиссеевъ	є҆лїссе́евꙋ	4
елиссеи	є҆лїссе́а	5
елиссеи	є҆лїссе́еви	1
елиссеи	є҆лїссе́и	4
елиссеи	є҆лїссе́й	73
елиссеи	є҆лїссе́ю	13
елиссеовъ	є҆лїссе́овѣ	1
елиссеовъ	є҆лїссе́ѡвымъ	1
елисувовъ	є҆лїсꙋ́вова	1
елисувъ	є҆лїсꙋ́въ	1
елисуевъ	є҆лїсꙋ́ева	1
елисуи	є҆лїсꙋ́е	1
елисуи	є҆лїсꙋ́й	1
елисуръ	є҆лїсꙋ́ра	1
елисуръ	є҆лїсꙋ́ръ	4
елифаадовъ	є҆лїфаа́дѡвы	1
елифаадъ	є҆лїфаа́да	1
елифааѳъ	є҆лїфаа́ѳъ	2
елифазовъ	є҆лїфа́зова	1
елифазовъ	є҆лїфа́зѡвы	1
елифазъ	є҆лїфа́зъ	7
елифазъ	є҆лїфа́зꙋ	1
елифала	є҆лїфала̀	3
елифалатъ	є҆лїфала́тъ	1
елифалаѳъ	є҆лїфала́ѳъ	3
елифалетъ	є҆лїфале́тъ	4
елифасъ	є҆лїфа́са	4
елифасъ	є҆лїфа́съ	2
елифасъ	є҆лїфа́сꙋ	2
елпидифоръ	є҆лпїдифо́ра	1
елпидифоръ	є҆лпїдїфо́ра	10
елпидифоръ	є҆лпїдїфо́ре	2
елпидифоръ	є҆лпїдїфо́ръ	1
емилианъ	є҆мїлїа́на	20
емилианъ	є҆мїлїа́не	15
емилианъ	є҆мїлїа́нъ	3
епиктетъ	є҆пїкте́тъ	1
епикурскии	є҆пїкꙋ́рское	1
епикуръ	є҆пїкꙋ́ръ	1
епимахъ	є҆пїма́ха	10
епимахъ	є҆пїма́хъ	15
епимахъ	є҆пїма́ше	2
епистима	є҆пїсти́ма	1
епистима	є҆пїсти́мы	1
епистимиа	є҆пїсти́ми	3
епистимиа	є҆пїсти́мїе	3
епистимиа	є҆пїсти́мїею	3
епистимиа	є҆пїсти́мїи	2
епистолиа	є҆пїсто́лїи	7
епистолиа	є҆пїсто́лїй	1
епистолиа	є҆пїсто́лїю	2
епистолиа	є҆пїстѡ́лїи	9
епитимиа	є҆пїтїмїа́хъ	1
епитрахилии	є҆пїтрахи́лїи	2
епитрахилии	є҆пїтрахи́лїй	12
епитрахилии	є҆пїтрахі́лїй	1
епитрахиль	єпїтрахи́ль	1
епитрахиль	є҆пїтрахи́ли	1
епитрахиль	є҆пїтрахи́ль	18
епитрахиль	є҆пїтрахи́лѧ	1
епифании	є҆пїфа́нїа	23
епифании	є҆пїфа́нїе	11
епифании	є҆пїфа́нїемъ	2
епифании	є҆пїфа́нїй	6
епифании	є҆пїфа́нїѧ	1
епифанъ	є҆пїфа́на	1
епифанъ	є҆пїфа́нъ	4
епифанъ	є҆пїфа́нꙋ	1
епихариа	є҆пїха́рїа	1
еретикъ	є҆реті́къ	3
еретикъ	є҆ретїка̀	1
еретическии	єрети́ческаѧ	1
еримоѳъ	є҆рїмѡ́ѳъ	1
ерминиггелдъ	є҆рмїнїгге́лдъ	1
ерминиггелдъ	є҆рмїнїгге́льда	1
есимоѳъ	є҆сїмѡ́ѳомъ	1
еѯапостиларии	є҆ѯапостїла́рїи	6
еѯапостиларии	є҆ѯапостїла́рїй	118
еѯапостиларии	є҆ѯапостїла̑рїй	1
еѵелпистъ	є҆ѵе́лпїста	2
еѵелпистъ	є҆ѵе́лпїстъ	2
еѵила	є҆ѵїла̀	2
еѵила	є҆ѵїлы̀	1
еѵиласии	є҆ѵїла́сїй	1
еѵилатскии	є҆ѵїла́тскꙋю	1
еѵилатъ	є҆ѵїла́та	2
еѵилмародахъ	є҆ѵїлмарѡда́хъ	1
еѵникиа	є҆ѵні́кїа	3
еѵникиа	є҆ѵні́кїе	1
еѵникиа	є҆ѵнїкі́ю	1
еѵникианъ	є҆ѵнїкїа́на	1
еѵникианъ	є҆ѵнїкїа́нъ	2
еѵноикъ	є҆ѵно́їкъ	1
еѵсѵгнии	є҆ѵсїгні́а	1
жити	жїве́тъ	1
заинъ	за́їнъ	4
замириа	замїрі́а	1
зизаи	зїза́й	2
зифеи	зїфе́є	3
значение	значение	1
зотикъ	зо́тїкъ	1
зотикъ	зѡ́тїка	9
зотикъ	зѡ́тїке	4
иа	и҆́е	1
иакисхолъ	і҆акїсхо́лъ	1
ианикитъ	і҆анїки́тъ	1
иаримоѳъ	і҆арїмѡ́ѳъ	2
иасимуѳовъ	і҆асїмꙋ́ѳовъ	1
иасписъ	і҆а́спїсомъ	1
иасписъ	і҆а́спїсъ	5
иасписъ	і҆а́спїсꙋ	2
иахиранинъ	і҆ахїра́нинъ	1
иахиранъ	і҆ахїра́нꙋ	1
ивинъ	і҆́вїна	2
идиѳумль	і҆дїѳꙋ́млихъ	1
идиѳумль	і҆дїѳꙋ̑мли	2
идиѳумовъ	і҆дїѳꙋ́мѡвы	1
идиѳумъ	і҆дїѳꙋ́ма	1
идиѳумъ	і҆дїѳꙋ́момъ	1
идиѳумъ	і҆дїѳꙋ́мъ	2
идиѳумъ	і҆дїѳꙋ́мѣ	1
идиѳумъ	і҆дїѳꙋ́мꙋ	1
идиѳуновъ	і҆дїѳꙋ́нова	1
идиѳунь	і҆дїѳꙋ́нь	1
идиѳунь	і҆дїѳꙋ́нѧ	1
иедида	і҆едїда̀	1
иезраилитида	і҆езраилі́тїды	1
иеминеи	і҆емїне́а	1
иеминеи	і҆емїне́й	1
иеминеовъ	і҆емїне́ова	1
иеминиевъ	і҆емїні́ева	1
иеминиевъ	і҆емїні́евъ	1
иеминиовъ	і҆емїні́овъ	1
иереевъ	їере́евъ	1
иереи	иерей	1
иеримоѳъ	і҆ерїмѡ́ѳа	1
иеримоѳъ	і҆ерїмѡ́ѳъ	4
иеримуѳовъ	і҆ерїмꙋ́ѳовы	1
иеримуѳскии	і҆ерїмꙋ́ѳска	2
иеримуѳскии	і҆ерїмꙋ́ѳскїй	1
иеримуѳскии	і҆ерїмꙋ́ѳскꙋ	1
иеримуѳъ	і҆ерїмꙋ́ѳъ	6
иеримуѳъ	і҆ерїмꙋ́ѳѣ	2
иерихонскии	і҆ерїхѡ́нска	1
иерихонскии	і҆ерїхѡ́нскомꙋ	1
иерихонскии	і҆ерїхѡ́нскїй	1
иерихонскии	і҆ерїхѡ́нскїѧ	1
иерихонскии	і҆ерїхѡ́нскꙋ	2
иерихонскии	і҆ерїхѡ́нстїи	1
иерихонскии	і҆ерїхѡ́нстѣмъ	2
иерихонскии	і҆ерїхѡ̑нскїѧ	1
иерихонъ	і҆ерїхѡ́на	16
иерихонъ	і҆ерїхѡ́нъ	17
иерихонъ	і҆ерїхѡ́нѣ	14
иерихонъ	і҆ерїхѡ́нꙋ	12
иерихонъ	і҆ерїхѡ̑ни	1
иерихонѧнинъ	і҆ерїхѡ́нѧны	1
иесиваѳъ	і҆есїва́ѳъ	1
иже	і҆́же	1
издание	издание	2
издание	изданию	1
издание	издания	1
изливатисѧ	и҆злїва́ютсѧ	1
иисусъ	їисꙋ́съ	3
икона	ико́ною	1
икона	ико́ны	1
или	и҆лі̀	2
илѵтонъ	і҆лїто́на	1
илѵтонъ	і҆лїто́нъ	1
илѵтонъ	і҆лїто́нѣ	1
имисусеосинъ	и҆мїсꙋсеѡсі́нѣ	1
имѣние	і҆мѣ̑нїѧ	1
иниа	и҆́нїи	3
иоида	і҆ѡїда̀	1
иорданъ	їѻрда́нъ	2
иосифъ	їѡ́сифа	2
ирмологии	ирмологий	3
ирмосъ	ирмоса	3
исаиа	исаия	1
исидоръ	і҆сїдѡ́ра	2
исмаилитъ	і҆сма́илїте	1
иуда	їꙋ́да	1
иудеа	їꙋде́є	3
иудеискии	і҆ꙋде́йскїхъ	1
иудеискии	їꙋде́йска	1
иудеискии	їꙋде́йскїй	1
иудеискии	їꙋдє́йскимъ	1
иудинъ	їꙋ́динъ	1
иулианиа	і҆ꙋлїа́нїи	1
иулитта	і҆ꙋли́ттѣ	1
иустинианъ	і҆ꙋстїнїа́нъ	3
каинановъ	каїна́нѡвы	1
каинанъ	каїна́на	6
каинанъ	каїна́новъ	2
каинанъ	каїна́нъ	9
каиновъ	ка́їново	3
каиновъ	ка́їновꙋ	2
каинъ	ка́їна	5
каинъ	ка́їновъ	1
каинъ	ка́їнъ	10
каинъ	ка́їнѣ	1
каинъ	ка́їнꙋ	2
калисѳенъ	калїсѳе́на	1
калита	калїта̀	2
калитанъ	калїта́нъ	1
калликратиа	каллїкра́тїи	1
каллимахъ	каллїма́ха	2
каллимахъ	каллїма́хъ	1
каллиникъ	каллїни́че	1
каллиникъ	каллїні́ка	12
каллиникъ	каллїні́къ	3
каллиникъ	каллїні́че	12
каллиста	ка́ллїста	9
каллиста	ка́ллїстъ	9
каллистратовъ	каллїстра́тѡвы	1
каллистратъ	каллїстра́та	7
каллистратъ	каллїстра́те	16
каллистратъ	каллїстра́тъ	2
каллистъ	ка́ллїсте	3
каллисѳениа	каллїсѳе́нїа	1
кантидианъ	кантїдїа́нъ	1
капитонъ	капїтѡ́на	1
капитонъ	капїтѡ́не	1
каспинъ	ка́спїнъ	1
касситеръ	кассїте́ра	1
квинтилианъ	квїнтїлїа́нъ	1
кеила	кеїла̀	1
кеила	кеїлы̀	2
кефира	кефїра̀	1
кивотъ	кївѡ́та	19
кивотъ	кївѡ́томъ	24
кивотъ	кївѡ́тъ	136
кивотъ	кївѡ́тѣ	5
кивотъ	кївѡ́тꙋ	9
кидаръ	кїда́ра	1
кидаръ	кїда́ръ	4
кидаръ	кїда́рѣхъ	1
кидарь	кїда́рь	1
кикилиа	кїкїлі́а	1
килановъ	кїла́нѡвы	1
киликиа	кїлїкі́и	9
киликиа	кїлїкі́ю	1
киликиискии	кїлїкі́йскихъ	1
киликиискии	кїлїкі́йстѣмъ	1
киликиискии	кїлїкі̑йскїѧ	2
килисѵриа	кїлисѷрі́и	8
килисѵриа	кїлисѷрі́ю	2
килисѵриа	кїлїсѷрі́и	1
килисѵриискии	кїлисѷрі́йскїй	1
килисѵриискии	кїлисѷрі́йскїѧ	1
килисѵриискии	кїлисѷрі̑йскїѧ	1
кина	кїна̀	1
кинамомъ	кїнамѡ́ма	1
кинамонъ	кїнамѡ́нъ	1
кинанъ	кїна́нѣ	1
кинеевъ	кїне́ева	4
кинеи	кїне́й	2
кинеи	кїне́ови	1
кинеи	кїне́є	1
киннамомъ	кїннамѡ́ма	1
киннамонъ	кїннамѡ́нъ	1
киновиѧ	кїно́вїи	1
киновиѧ	кїнові́и	2
киновиѧ	кїнові́ю	1
киноникъ	кїнѡни́къ	1
киноникъ	кїнѡні́къ	5
кинтилианъ	кїнтїлїа́на	10
кинтилианъ	кїнтїлїа́нъ	1
кинѵръ	кїнѵ́рѣхъ	1
кирада	кїра́ды	2
кирамъ	кїра́ма	1
кирасовъ	кїра́сѡвы	1
кирѵкъ	кѵ́рїка	1
кисеевъ	кїсе́евъ	1
кисеовъ	кїсе́ова	2
кисионъ	кїсїѡ́нъ	1
кисоновъ	кїсѡ́новъ	2
кисонь	кїсѡ́нь	2
китиеискии	кїтїе́йскаго	1
киѳара	кїѳа̑ры	1
клирикъ	кли́рїка	1
клирикъ	кли́рїки	3
клирикъ	кли́рїкѡвъ	1
клирикъ	кли́рїкѡмъ	5
клирикъ	кли́рїцы	24
константиноградскии	кѡнстантїногра́дскагѡ	3
константиноградъ	кѡнстантїногра́да	1
константиноградъ	кѡнстантїногра́дъ	1
константиноградъ	кѡнстантїногра́дѣ	1
константинополскии	кѡнстантїнопо́льскагѡ	12
константинополскии	кѡнстантїнопо́льскихъ	1
константинополскии	кѡнстантїнопо́льскомъ	1
константинополскии	кѡнстантїнопо́льскою	1
константинополскии	кѡнстантїнопо́льскїй	1
константинополь	кѡнстантїнопо́ли	1
константинополь	кѡнстантїнопо́ль	3
критикъ	крі́тїкъ	2
кумъ	кꙋ́мї	1
кѵзикъ	кѵ́зїкъ	1
кѵзикъ	кѵ́зїцѣ	6
кѵзическии	кѵ́зїческихъ	1
кѵминъ	кѵ́мїнъ	1
кѵринеи	кѷрїне́а	1
кѵринеискии	кѷрїне́йстїи	1
лаисъ	лаїсѣ̀	1
лаодикиа	лаодїкі́и	4
лаодикиа	лаодїкі́ю	1
лаодикиискии	лаодїкі́йскїѧ	1
лаодикиискии	лаодїкі́йстѣй	1
лафидоѳовъ	лафїдѡ́ѳова	1
леѵкии	ле́ѵкїѧ	1
лжехристианинъ	лжехрїстїа́нинъ	1
ливановъ	лїва́нова	4
ливановъ	лїва́ново	4
ливановъ	лїва́нѡва	2
ливанскии	лїва́нскаѧ	1
ливанскии	лїва́нскими	2
ливанскии	лїва́нскимъ	1
ливанскии	лїва́нскихъ	1
ливанскии	лїва́нскїй	3
ливанскии	лїва́нскїѧ	4
ливанскии	лїва́нскꙋ	2
ливанскии	лїва́нстѣй	1
ливанскии	лїва̑нскїѧ	1
ливанъ	лїва́на	25
ливанъ	лїва́не	1
ливанъ	лїва́номъ	3
ливанъ	лїва́нъ	25
ливанъ	лїва́нѣ	17
ливерии	лїве́рїй	1
ливертинскии	лїверті́нска	1
ливонскии	лїво́нскꙋю	2
ливонскии	лїво́нстѣмъ	1
ливѵа	лївѵ́и	1
ливѵанинъ	лївѵ́ане	7
ливѵи	лївѵ́євъ	1
лигѵрии	лїгѵ́рїемъ	1
лигѵрии	лїгѵ́рїй	2
ликиниевъ	лїкїні́ево	1
ликиниевъ	лїкїні́евꙋ	1
ликинии	лїкїні́а	2
лимнеи	лїмне́й	1
лимнии	лїмні́й	1
липарскии	лїпа́рскомꙋ	1
липарскии	лїпа́рскїй	1
литиа	лїті́а	38
литиа	лїті́ахъ	2
литиа	лїті́ею	8
литие	лїті́и	435
литие	лїті́ю	23
литие	лїті̑и	4
литииныи	лїті́йнаѧ	1
литииныи	лїті́йны	1
литииныи	лїті́йными	2
литииныи	лїті̑йныѧ	1
литонныи	лїто́ннꙋю	1
литонъ	лїто́нъ	4
литонъ	лїто́нѣ	1
литургиа	литургі́и	1
литургиа	лїтургі́ахъ	1
литургиа	лїтꙋргі́а	118
литургиа	лїтꙋргі́ахъ	12
литургиа	лїтꙋргі́ею	13
литургиа	лїтꙋргі́и	1585
литургиа	лїтꙋргі́ю	20
литургиарии	лїтꙋргїа́рїи	3
литургииныи	лїтꙋргі́йныѧ	1
литургииныи	лїтꙋргі́йнїи	1
литургисание	лїтꙋргиса́нїемъ	1
литургисание	лїтꙋргиса́нїю	1
литургисати	лїтꙋрги́саетъ	1
литургисати	лїтꙋргиса́въ	2
литургисати	лїтꙋргиса́етъ	10
литургисати	лїтꙋргиса́ти	19
литургисати	лїтꙋргиса́ше	1
литургисати	лїтꙋргиса́ѧй	1
литургисати	лїтꙋргїса́етъ	2
литургисовати	лїтꙋргисꙋ́ющымъ	1
лиѳостротонъ	лїѳострѡто́нъ	1
логгиновъ	ло́ггїново	1
логгиновъ	ло́ггїновꙋ	1
логгинъ	ло́ггїна	10
логгинъ	ло́ггїне	15
логгинъ	ло́ггїнъ	6
лукиллианъ	лꙋкїллїа́на	7
лукиллианъ	лꙋкїллїа́не	3
лукиллианъ	лꙋкїллїа́нъ	2
любомирскии	любомїрскꙋ́ю	1
лѵкиниевъ	лѷкїні́ево	1
лѵкинии	лѷкїні́а	2
лѵсимаховъ	лѷсїмахово	1
лѵсимахъ	лїсїма́хъ	1
лѵсимахъ	лѷсїма́ха	4
лѵсимахъ	лѷсїма́хъ	2
мавдаритида	мавдарі́тїдѣ	1
магистрисса	магїстрі́ссы	1
мазитиа	мазїті́а	1
маинановъ	маїна́новъ	1
малеинъ	малеїна̀	1
маллиѳии	маллїѳі́й	1
мамнитанаимъ	мамнїтанаі́мъ	1
манихеискии	манїхе́йскꙋю	1
манихеискии	манїхє́йскаѧ	1
марила	марїлѣ̀	1
маримоѳовъ	марїмѡ́ѳова	1
маримоѳъ	марїмѡ́ѳа	1
маримоѳъ	марїмѡ́ѳъ	2
мариса	марїса̀	1
мариса	марїсы̀	1
мариса	марїсꙋ̀	1
марисанъ	марїса́нъ	1
марисисъ	марїси́са	1
мартиниановъ	мартїнїа́новы	1
мартинианъ	мартїнїа́на	11
мартинианъ	мартїнїа́не	4
мартинианъ	мартїнїа́нъ	2
масаримоѳовъ	масарїмѡ́ѳова	1
масигаѳъ	масїга́ѳъ	1
материѧ	ма́терию	1
маѯимиановъ	маѯїмїа́новыми	2
маѯимианъ	маѯїмїа́на	2
маѯимианъ	маѯїмїа́нъ	1
маѯимианъ	маѯїмїа́нѣ	1
маѯимилианъ	маѯїмїлїа́номъ	1
маѯимилианъ	маѯїмїлїа́нъ	1
маѵританиѧ	маѵрїтані́ю	1
меиноновъ	меїнѡ́нѡвы	1
мелитиискии	мелїті́йскагѡ	9
мелитиискии	мелїті́йстѣмъ	1
мелитина	мелїти́нѣ	1
мелитина	мелїті́на	2
мелитина	мелїті́не	1
мелитина	мелїті́ны	2
мелитина	мелїті́нѣ	4
мелитинскии	мелїті́нскагѡ	7
мелитинѧнинъ	мелїті́нѧнѡмъ	1
мелитонъ	мелїтѡ́не	1
мелитонъ	мелїтѡ́нъ	1
мелхирамъ	мелхїра́мъ	1
мелхиседековъ	мелхїседе́ковꙋ	7
мелхиседековъ	мельхїседе́ковꙋ	2
мелхиседекъ	мелхїседе́къ	3
мемфиваалъ	мемфїваа́лъ	4
мемфивосѳеи	мемфївосѳе́а	2
мемфивосѳеи	мемфївосѳе́е	2
мемфивосѳеи	мемфївосѳе́й	10
мемфивосѳеи	мемфївосѳе́овъ	1
мемфивосѳеи	мемфївосѳе́ю	1
мемфивосѳеовъ	мемфївосѳе́ѡва	1
мемфивосѳеовъ	мемфївосѳе́ѡвы	1
мемфисъ	ме́мфїсъ	1
мераринъ	мера́рїна	3
мераринъ	мера́рїныхъ	11
мераринъ	мера̑рїны	12
мераринъ	мера̑рїнымъ	6
механическии	меха́нїческихъ	1
мидаевъ	мїда́євы	1
мидановъ	мїда́нѡвы	1
мидикиискии	мидїкі́йскїѧ	4
мидикиискии	мїдїкі́йскагѡ	1
микулинскии	мїкꙋ́линскагѡ	1
милии	мїлі́й	1
милиссенъ	мїли́ссенъ	1
милитъ	мїли́та	2
милитъ	мїли́тъ	1
милитъ	мїли́тѣ	1
минеа	мїне́є	1
минеи	мїне́ѡвъ	1
минеискии	мїне́йскїй	5
минсиѳеи	минсїѳе́й	1
мираѯъ	мїра́ѯъ	1
миробогатныи	мїробѡга́тнаѧ	1
миробытие	мїробы́тїе	3
миробытие	мїробы́тїѧ	1
мировожделѣнныи	мїровожделѣ́нне	1
миродержатель	мїродержа́телѧ	1
миродержецъ	мїроде́ржецъ	1
миродержецъ	мїроде́ржца	32
миродержецъ	мїроде́ржцемъ	2
миродержецъ	мїроде́ржцꙋ	6
миродержителевъ	мїродержи́телевꙋ	1
миродержитель	мїродержи́телємъ	1
миродержица	мїроде́ржица	1
мирожскии	мїро́жскагѡ	1
миролюбезныи	мїролюбе́зный	2
миролюбецъ	мїролю́бцы	1
миролюбивыи	мїролюби́вомꙋ	1
миролюбие	мїролю́бїѧ	1
миролюбныи	мїролю́бнымъ	1
мироначальникъ	мїронача́льникъ	1
мирорадостныи	мїрора́достной	1
миросвѣтлыи	мїросвѣ̑тлаѧ	1
мироспасительныи	мїроспаси́тельное	2
мироспасительныи	мїроспаси́тельныхъ	1
мироспасительныи	мїроспаси́тельнꙋю	2
мироспасительныи	мїроспаси́тєльныѧ	1
миротворение	мїротворе́нїи	1
миротворение	мїротворє́нїѧ	1
мироѧвленныи	мїроѧвле́нна	1
мироѧвленныи	мїроѧвле́нный	1
мироѧвленныи	мїроѧвле́ннїи	1
мирскии	мі́рска	1
мирскии	мі́рско	1
мирскии	мїрски́хъ	3
миръ	мі́ру	1
миръ	мїръ	3
миръ	мїрѡ́въ	1
миръ	мїрꙋ̀	1
мирѧниновъ	мїрѧни́нова	1
мирѧнинъ	мїрѧ́не	12
мирѧнинъ	мїрѧ́нъ	11
мирѧнинъ	мїрѧ́нѡмъ	4
мирѧнинъ	мїрѧни́на	2
мирѧнинъ	мїрѧни́нъ	1
миса	мі́сꙋ	1
миса	мїса́хъ	7
мисадаи	мїсада́й	1
мисаиловъ	мїсаи́ловꙋ	1
мисаилъ	мїсаи́ла	1
мисаилъ	мїсаи́лъ	6
мисаилъ	мїсаи́лꙋ	4
мисаховъ	мїса́хова	1
мисахъ	мїса́ха	6
мисахъ	мїса́ховъ	1
мисоамъ	мїсоа́мъ	1
мисоровъ	мїсѡ́рѡвы	1
мисорскии	мїсѡ́рскꙋ	1
мисорскии	мїсѡ̑рски	1
мисоръ	мїсѡ́ръ	2
мисоръ	мїсѡ́рѣ	1
митѵлинскии	мїтѷли́нскагѡ	1
митѵлинъ	мїтѷли́нъ	1
мифиѳимъ	мїфїѳі́мъ	1
миха	мїха̀	2
михаевъ	мїха́ева	1
михаевъ	мїха́евъ	2
михаиловъ	мїхаи́лова	2
михаилъ	мїхаи́ловъ	2
михаилъ	мїхаи́лъ	9
михаиль	мїхаи́ль	1
михаинъ	мїхаи́нъ	1
михеевъ	мїхе́евꙋ	1
михеи	мїхе́а	16
михеи	мїхе́е	2
михеи	мїхе́й	2
михеи	мїхе́ю	9
михеинъ	мїхе́ино	1
михеинъ	мїхе́инꙋ	1
миѳридатъ	мїѳрїда́та	1
миѳридатъ	мїѳрїда́тъ	2
миѳридатъ	мїѳрїда́тꙋ	1
моавитида	мѡаві́тїда	1
моавитида	мѡаві́тїды	2
моавитида	мѡаві́тїдѣ	1
моавитида	мѡаві́тїдꙋ	1
моавитинѧ	мѡаві́тїнѧ	3
мои	моі́мъ	1
московскии	московский	10
муринскии	мꙋ́рїнскїѧ	1
муринъ	мꙋ́рїна	7
муринъ	мꙋ́рїнъ	1
муринъ	мꙋ́рїны	2
муринъ	мꙋ́рїнѡвъ	2
мусикиа	мꙋсїкі́а	3
мусикиа	мꙋсїкі́ами	1
мусикиа	мꙋсїкі́ею	4
мусикиа	мꙋсїкі́и	2
мусикиа	мꙋсїкі́й	2
мусикиа	мꙋсїкі́ѧми	1
мусикии	мꙋсїкі́євъ	2
мусикиискии	мꙋсїкі́йска	5
мусикиискии	мꙋсїкі́йскихъ	1
мѵрсинонъ	мѷрсїнѡ́нѣ	1
написание	написание	2
написати	напїса́	1
нафисеанинъ	нафїсє́аны	1
нафисиевъ	нафїсі́євы	1
наѳаниинъ	наѳанїинъ	1
наѳинеи	наѳїне́є	3
наѳинеи	наѳїне́євъ	1
наѳинимль	наѳїні́млѧ	1
наѳинимлѧнинъ	наѳїні́млѧне	1
наѳинимъ	наѳїні́ми	6
наѳинимъ	наѳїні́мѡвъ	3
никандръ	нїка́ндра	14
никандръ	нїка́ндре	11
никандръ	нїка́ндромъ	1
никандръ	нїка́ндръ	2
никаноровъ	нїкано́рово	2
никаноровъ	нїкано́ровыхъ	1
никаноровъ	нїкано́ровѣ	1
никаноровъ	нїкано́ровꙋ	3
никаноръ	нїкано́ра	10
никаноръ	нїкано́ромъ	1
никаноръ	нїкано́ръ	17
никаноръ	нїкано́рѣ	3
никаноръ	нїкано́рꙋ	3
никаноръ	нїканоромъ	1
никеа	нїке́и	28
никеа	нїке́ю	2
никеискии	нїке́йскаѧ	4
никеискии	нїке́йскїй	2
никеискии	нїке́йстѣмъ	6
никиискии	нїкі́йскагѡ	6
никита	нїки́та	6
никита	нїки́то	106
никита	нїки́ты	50
никита	нїки́тѣ	3
никита	нїки́тꙋ	5
никита	нїкі́ты	1
никифоръ	нїки́фора	43
никифоръ	нїки́форе	32
никифоръ	нїки́форъ	8
никифоръ	нїки́форꙋ	1
никодимовъ	нїкоди́мово	1
никодимъ	нїкоди́мъ	5
никола	нїко́ла	2
никола	нїко́лае	286
никола	нїко́лы	2
николаевичь	нїкола́евича	2
николаевичь	нїкола́евичѣ	10
николаи	нїкола́а	1
николаитскии	нїколаі́тскихъ	1
николаитскии	нїколаі́тско	1
никомидиискии	нїкомиді́йскаго	1
никомидиискии	нїкомиді́йскагѡ	15
никомидиискии	нїкомиді́йскомꙋ	2
никомидиискии	нїкомиді́йскїй	1
никомидиискии	нїкомїді́йскагѡ	3
никомидиѧ	нїкомиді́и	14
никомидиѧ	нїкомиді́ю	1
никополь	нїкопо́ль	1
никостратъ	нїкостра́тъ	1
нинеѵиа	нїнеѵі́а	4
нинеѵиа	нїнеѵі́ею	1
нинеѵиа	нїнеѵі́и	14
нинеѵиа	нїнеѵі́ю	11
нинеѵиискии	нїнеѵі́йскомꙋ	1
нинеѵиискии	нїнеѵі́йстїи	1
нинеѵитскии	нїнеѵі́тстїи	2
нинеѵитъ	нїнеѵі́тѡмъ	1
нинеѵитѧнинъ	нїнеѵі́тѧнамъ	1
нинеѵитѧнинъ	нїнеѵі́тѧне	4
нинеѵитѧнинъ	нїнеѵі́тѧнъ	1
нинеѵитѧнинъ	нїнеѵі́тѧны	15
нинеѵитѧнинъ	нїнеѵі́тѧнѡвъ	3
нинеѵитѧнинъ	нїнеѵі́тѧнѡмъ	4
нисанъ	нїса́на	2
нисанъ	нїса́нъ	1
нисанъ	нїса́нѣ	1
нисиинъ	нїсі̑ины	1
нитта	нїтта̀	1
нитта	нїтта́	2
нифисовъ	нїфі́сѡвы	1
одигитриа	ѻ҆дїги́трїа	2
одигитриа	ѻ҆дїги́трїе	96
одигитриа	ѻ҆дїги́трїи	5
озиза	ѻ҆зїза̀	1
озинъ	ѡ҆́зїны	1
окидилъ	ѡ҆кїди́лъ	1
оливема	ѻ҆лївема̀	3
оливема	ѻ҆лївемы̀	3
оливема	ѻ҆лївемꙋ̀	1
ониа	ѻ҆́нїи	8
онисимовъ	ѻ҆ни́сїмѡвымъ	1
онисимъ	ѻ҆ни́сїма	1
онисимъ	ѻ҆ни́сїмомъ	1
онисифоръ	ѻ҆нїсі́фора	3
онисифоръ	ѻ҆нїсі́форе	1
онъ	і	14
онъ	і҆	2
оолива	ѻ҆олїва̀	2
оолива	ѻ҆олїва́	1
оолива	ѻ҆олїво̀	1
оолива	ѻ҆олївѣ̀	2
оригена	ѻ҆рїге́на	1
оригеновъ	ѻ҆рїге́нова	1
оригеновъ	ѻ҆рїге́новы	2
оригеновъ	ѻ҆рїге́новꙋ	4
офимимъ	ѻ҆фїмі́мъ	1
параклисисъ	пара́клисїсъ	9
паралипоменонъ	паралїпоме́нѡнъ	2
паримиа	парїмїа́хъ	1
пасикратъ	пасїкра́тъ	1
патерикъ	патерика̀	1
патерикъ	патерїкѝ	1
патриархиа	патриархии	2
патриархъ	патриарха	4
патриаршескии	патриаршеска	1
патрикии	патрїкі́а	7
патрикии	патрїкі́е	6
патрикии	патрїкі́емъ	1
патрикии	патрїкі́й	2
паѵсикакии	паѵсїка́кїй	1
паѵсилѵпъ	паѵсїлѵ́пъ	1
пентикостарии	пентїкоста́рїа	1
пентикостарии	пентїкоста́рїахъ	2
пентикостиа	пентїко́стїа	2
пентикостиа	пентїко́стїи	5
пентикостныи	пентїко́стныѧ	1
пентикостныи	пентїко́стнꙋю	1
персинъ	пе́рсїна	1
пигасии	пїга́сїа	5
пигасии	пїга́сїе	1
пилатовъ	пїла́товымъ	1
пилатъ	пїла́та	3
пилатъ	пїла́тъ	39
пилатъ	пїла́тѣ	1
пилатъ	пїла́тꙋ	11
пилусиотъ	пїлꙋсїѡ́та	1
пиннинскии	пїнні́нска	1
пиннуфрии	пїннꙋ́фрїй	1
писидиискии	пїсїді́йскꙋю	1
писидиѧ	пїсїді́ю	1
пистикии	пїстїкі́а	1
пистиконъ	пїстїко́нъ	1
пистикъ	пїсті́ка	1
питѵримъ	пїтѷри́ма	1
питѵримъ	пїтѷрі́ма	27
питѵримъ	пїтѷрі́ме	32
питѵримъ	пїтѷрі́момъ	3
питѵримъ	пїтѷрі́мъ	2
питѵримъ	пїтѷрі́мꙋ	4
питѵрунъ	пїтѷрꙋ́нъ	1
плинѳодѣлание	плїнѳодѣ́ланїемъ	1
плинѳодѣлание	плїнѳодѣ́ланїю	1
плинѳодѣлание	плїнѳодѣ́ланїѧ	2
полѵкиндѵнъ	полѷкїндѵ́на	1
посидонии	посїдѡ́нїа	1
премирныи	преми́рнѡ	2
престихииствовати	престїхі́йствова	1
престихииствовати	престїхі́йствꙋеми	1
престихиовати	престїхі́ѡваннымъ	1
прибавление	прибавлении	1
приити	приі́де	2
прилежати	прїлежа́щихъ	1
приложение	приложении	3
прискилла	прїскі́лла	4
прискилла	прїскі́ллꙋ	3
приѧти	прїмѝ	1
проливати	пролїва́емо	1
проскомидииныи	проскомїді̑йнаѧ	6
рафидинъ	рафїді́на	2
рафидинъ	рафїді́нѣ	3
рещи	рекі́и	1
ривань	рїва́нь	1
рипида	рїпі́ды	4
рипида	рїпі́дꙋ	7
рисоновъ	рїсѡ́нѡвы	1
рисонъ	рїсѡ́нъ	3
рифаѳъ	рїфа́ѳъ	2
рихавъ	рїха́въ	1
риѱимиа	рїѱїмі́а	6
риѱимиа	рїѱїмі́ею	1
риѱимиа	рїѱїмі́ю	1
саамеринъ	сааме́рїнъ	1
саддоикъ	саддѡ́їка	1
салиминъ	салїми́нъ	1
самариискии	самарі́йскїхъ	1
сануинъ	санꙋ́їна	1
саприкии	сапрїкі́а	1
саприкии	сапрїкі́й	2
саприкии	сапрїкі́ю	1
сасимаѳъ	сасїма́ѳꙋ	1
сеи	сїи́	1
сеирамскии	сеїра́мска	1
селимуѳъ	селїмꙋ́ѳъ	1
семидалъ	семїда́ла	2
семидалъ	семїда́ломъ	1
семидалъ	семїда́лъ	8
семидальныи	семїда́лны	1
семидальныи	семїда́лныѧ	1
семираеловъ	семїрае́лѡвымъ	1
семирамоѳъ	семїрамѡ́ѳъ	4
сеннахиримъ	сеннахїрі́мъ	1
сергиевъ	сергиева	1
сетироѳъ	сетїрѡ́ѳѣ	1
сибирскии	сїби́рскагѡ	1
сибирскии	сїби́рскихъ	3
сибирскии	сїби́рстїи	1
сибирскии	сїби́рстѣй	1
сива	сїва̀	10
сива	сївы́	1
сива	сївѣ̀	3
сива	сївꙋ̀	1
сивинъ	сїви́на	1
сигрианскии	сїгрїа́нскагѡ	6
сидина	сїди́нꙋ	1
сидонии	сїдѡ́нїи	1
сидонии	сїдѡ́нїѧ	1
сидонскии	сїдѡ́нска	1
сидонскии	сїдѡ́нскагѡ	1
сидонскии	сїдѡ́нскихъ	2
сидонскии	сїдѡ́нскїѧ	2
сидонскии	сїдѡ́нскꙋ	1
сидонскии	сїдѡ́нскꙋю	3
сидонскии	сїдѡ́нстѣй	3
сидонскии	сїдѡ̑нски	2
сидонскии	сїдѡ̑нскимъ	1
сидонъ	сїдѡ́на	9
сидонъ	сїдѡ́не	3
сидонъ	сїдѡ́нъ	3
сидонъ	сїдѡ́нѣ	7
сидонъ	сїдѡ́нꙋ	2
сидонь	сїдѡ́ню	1
сидонѧнинъ	сїдѡ́нѧне	2
сидонѧнинъ	сїдѡ́нѧнъ	5
сидонѧнинъ	сїдѡ́нѧны	1
сидонѧнинъ	сїдѡ́нѧнѡмъ	2
сикарь	сїкаре́й	1
сикелагъ	сїкела́гъ	2
сикелаи	сїкела́и	1
сикелегъ	сїкеле́гъ	1
сикелиа	сїкелі́а	1
сикелиа	сїкелі́и	1
сикелиискии	сїкелі́йстѣмъ	4
сикеотъ	сїкеѡ́тъ	1
сикера	сїке́ра	10
сикера	сїке́ръ	2
сикера	сїке́ры	3
сикера	сїке́рꙋ	3
сикеръ	сїке́ромъ	1
сикилиискии	сїкїлі́йстѣмъ	1
сикима	сїкі́мѣ	1
сикима	сїкі́мꙋ	6
сикимскии	сїкі́мскими	2
сикимскии	сїкі́мскихъ	1
сикимскии	сїкі́мскъ	1
сикимскии	сїкі́мстїи	3
сикимскии	сїкі̑мски	2
сикимы	сїкі́мѡвъ	1
сикимы	сїкі́мѣхъ	2
силанъ	сїла́нъ	1
силванъ	сїлва́номъ	1
силванъ	сїлва́нъ	1
силвестръ	сїлве́стра	3
силвестръ	сїлве́стре	1
силвестръ	сїлве́стръ	2
сило	сїлѡ́мъ	1
силоамль	сїлѡа́мли	2
силоамль	сїлѡа́млю	1
силоамовъ	сїлѡа́мовꙋ	1
силоамскии	сїлѡа́мскїй	1
силоамскии	сїлѡа́мстѣ	1
силоамъ	сїлѡа́ме	1
силоамъ	сїлѡа́мъ	10
силоамъ	сїлѡа́мѣ	11
силоамъ	сїлѡа́мꙋ	4
силуановъ	сїлꙋа́ново	1
силуанъ	сїлꙋа́номъ	2
силуанъ	сїлꙋа́нъ	2
сильванъ	сїльва́на	1
сильвестръ	сїльве́стра	9
сильвестръ	сїльве́стре	12
симоновъ	сїмѡ́нова	1
симонъ	сїмѡ́на	1
сина	сі́ною	4
сина	сі́нъ	4
сина	сїна̀	4
сина	сїны̀	1
синадскии	сїна́дскїй	1
синаи	сїна́и	2
синаинъ	сїна́ина	2
синаискии	сїна́йскаѧ	1
синаискии	сїна́йскїѧ	4
синаискии	сїна́йскꙋ	1
синаискии	сїна́йскꙋю	9
синаискии	сїна́йстѣй	18
синаитъ	сїнаи́та	13
синаитъ	сїнаи́тъ	7
синаитъ	сїнаі́тъ	1
синдонъ	сїндѡ́нъ	1
синопиа	сїнопі́и	1
синопиискии	сїнопі́йскагѡ	2
сирамъ	сїра́момъ	1
сираховъ	сїра́хова	2
сирахъ	сїра́ховъ	1
сиринскии	сїри́нскихъ	1
сирои	сїро́й	1
сирсавль	сїрса̑вли	1
сисаинъ	сиса̑їны	1
сисара	сїса́ра	7
сисара	сїса́рою	1
сисара	сїса́рѣ	4
сисара	сїса́рꙋ	6
сисараѳовъ	сїсара́ѳѡвы	1
сисаринъ	сїса́рина	1
сисаринъ	сїса́ринъ	1
сисаринъ	сїса̑рины	1
сисаровъ	сїса́ровою	1
сисинии	сїсі́нїе	1
сисинии	сїсі́нїй	1
сисинии	сїсі́нїю	1
сисиннии	сїсі́ннїй	3
сисиннии	сїсі́ннїю	1
сисои	сїсѡ́а	6
сисои	сїсѡ́е	8
сисои	сїсѡ́й	4
сисои	сїсѡ́ѧ	3
ситии	сїті́ѧ	1
ситовие	сїто́вїи	1
сифа	сїфы̀	1
сиѧти	сия	1
славиницкии	славїні́цкагѡ	1
слити	слїѧ́	1
сокращение	сокращение	1
соманитида	сѡмані́тїда	3
соманитида	сѡмані́тїды	2
соманитида	сѡмані́тїдѣ	1
сонирилъ	сонїрі́ла	1
сосипатръ	сѡсїпа́тромъ	1
сосипатръ	сѡсїпа́тръ	3
софиа	софия	1
софистичество	софїсті́чествѣ	1
списание	спїса́нїе	1
спѵридонъ	спѷрїдѡ́на	13
спѵридонъ	спѷрїдѡ́не	12
спѵридонъ	спѷрїдѡ́нъ	3
сразитисѧ	сразі́сѧ	1
стихарии	стїха́рїй	1
стихарь	стїха́рь	18
стихарь	стїхарѧ̀	1
стихиа	стїхі́а	1
стихиа	стїхі́ами	5
стихиа	стїхі́амъ	4
стихиа	стїхі́ахъ	2
стихиа	стїхі́и	3
стихиа	стїхі́й	11
стихиа	стїхі́ѧмъ	1
стихиа	стїхі̑и	11
стихира	стїхи́ра	968
стихира	стїхи́рами	1
стихира	стїхи́рамъ	7
стихира	стїхи́рахъ	30
стихира	стїхи́ръ	15
стихира	стїхи́ры	19
стихира	стїхи́рѣ	1
стихира	стїхи́рꙋ	170
стихира	стїхи̑ры	4675
стиховна	стїхо́вна	91
стиховна	стїхо́внахъ	1
стиховна	стїхо́вны	8
стиховна	стїхо́внѣ	2014
стиховна	стїхо́внꙋ	8
стиховна	стїхѡ́вны	14
стиховныи	стїхо́вными	1
стиховныи	стїхо́вныхъ	4
стиховныи	стїхо́вныѧ	1
стиховныи	стїхѡ́вныѧ	40
стихологиа	стїхоло́гїа	11
стихологиа	стїхоло́гїахъ	3
стихологиа	стїхоло́гїи	251
стихологиа	стїхолѡ́гїи	3
стихологисати	стїхологиса́ти	2
стихологисовати	стїхологисꙋ́емъ	35
стихологисовати	стїхологисꙋ́етъ	2
стихологисоватисѧ	стїхологисꙋ́етсѧ	1
стихословие	стїхосло́вїе	47
стихословие	стїхосло́вїемъ	3
стихословие	стїхосло́вїи	562
стихословие	стїхосло́вїихъ	2
стихословие	стїхосло́вїю	1
стихословие	стїхосло́вїѧ	17
стихословие	стїхослѡ́вїа	1
стихословие	стїхослѡ́вїѧ	1
стихословити	стїхосло́вимъ	87
стихословити	стїхосло́вити	3
стихословити	стїхослови́ти	1
стихословитисѧ	стїхосло́витсѧ	40
стихословитисѧ	стїхосло́вѧтсѧ	8
стихъ	сті́хъ	5325
стихъ	стїха́мъ	1
стоикъ	стѡ́їкъ	1
стратоникъ	страто́нїка	1
суламитинъ	сꙋламі́тїно	1
суламитинъ	сꙋламі́тїны	1
сулиминь	сꙋлїмі́ни	1
сурисадаевъ	сꙋрїсада́евъ	2
сурисадаиль	сꙋрїсада́иль	1
сурисадаиль	сꙋрїсада́илѧ	1
сурисадаинъ	сꙋрїсада́инъ	1
суръ	сꙋрі̀	1
схиархимандритъ	схїархїмандрі́та	1
схизина	схі́зїнꙋ	1
сѵгклитикиа	сѷгклитїкі́а	1
сѵгклитикиа	сѷгклитїкі́е	1
сѵгклитикиа	сѷгклитїкі́и	5
сѵгклитикиа	сѷгклїтикі́и	1
сѵгклитикъ	сѷгкли́тїкꙋ	1
сѵринъ	сѵ́рїна	5
сѵринъ	сѵ́рїнꙋ	2
сѵрофиникисса	сѷрофїнїкі́сса	1
сѵхарь	сїха́рь	1
танисъ	та́нїса	1
тивериада	тїверїа́ды	1
тивериадскии	тїверїа́дска	1
тивериадскии	тїверїа́дстѣмъ	1
тиверии	тїве́рїа	1
тивуртии	тївꙋ́ртїе	3
тивуртии	тївꙋ́ртїй	4
тимеи	тїме́овъ	1
тимолаи	тїмола́а	1
тимолаи	тїмола́й	1
тимоѳеевъ	тїмоѳе́ева	1
тимоѳеи	тїмоѳе́а	11
тимоѳеи	тїмоѳе́е	2
тимоѳеи	тїмоѳе́емъ	2
тимоѳеи	тїмоѳе́и	1
тимоѳеи	тїмоѳе́й	20
тимоѳеи	тїмоѳе́овъ	1
тимоѳеи	тїмоѳе́ю	6
тиридатъ	тїрїда́та	2
титаевъ	тїта́євы	1
титановъ	тїта́нѡвы	1
титанскии	тїта́нстѣй	2
тифои	тїфо́й	1
трагквиллинъ	трагквїллі́нъ	1
тривимии	трїві́мїй	1
трикирии	трїки́рїемъ	1
трикирии	трїки́рїй	1
тримѵфиискии	трїмѷфі́йскагѡ	6
тримѵфунтскии	трїмѷфꙋ́нтскагѡ	1
тримѵѳунтскии	трїмѷѳꙋ́нтскагѡ	1
тримѵѳунтскии	трїмѷѳꙋ́нтскїй	1
триодь	триодь	1
трисиѧнныи	трїсїѧ́ннымъ	1
трисиѧнныи	трїсїѧ́ннꙋю	1
трисиѧтельныи	трїсїѧ́тельное	1
тристатъ	трїста́та	1
тристатъ	трїста́тъ	3
тристатъ	трїста́ты	5
тристатъ	трїста́тѡмъ	1
тристатъ	трїста́тꙋ	1
трифѵллии	трїфѵ́ллїа	8
трифѵллии	трїфѵ́ллїе	9
трихаптонъ	трїха́птонъ	1
трихаптъ	трїха́пты	1
трихина	трїхи́ны	5
трихина	трїхі́ны	1
тѵпиконъ	тѷпїко́на	1
тѵпикъ	тѵ́пїка	1
тѵпикъ	тѵ́пїкахъ	2
тѵпикъ	тѵ́пїки	2
тѵпикъ	тѵ́пїкѡмъ	1
тѵпикъ	тѵ́пїкꙋ	2
тѵпикъ	тѵ́пїцы	1
тѵпикъ	тѵ́пїцѣ	1
тѵпикъ	тѵ́пїцѣхъ	4
тѵринъ	тѵ́рїнъ	1
уалидъ	ѹ҆а́лїда	1
украшение	ѹ҆краше́нию	1
умерщвление	ѹ҆мерщвле́ние	1
фарираевъ	фарїра́євы	1
фарисеевъ	фарїсе́ева	8
фарисеевъ	фарїсе́ево	3
фарисеевъ	фарїсе́евой	1
фарисеевъ	фарїсе́евъ	1
фарисеевъ	фарїсе́евы	2
фарисеевъ	фарїсе́евꙋ	10
фарисеи	фарїсе́е	1
фарисеи	фарїсе́и	2
фарисеи	фарїсе́й	9
фарисеи	фарїсе́є	51
фарисеи	фарїсе́ѡмъ	7
фарисеи	фарїсє́й	14
фарисеискии	фарїсе́йска	6
фарисеискии	фарїсе́йскїѧ	2
фарисеискии	фарїсе́йстїи	3
фарисеовъ	фарїсе́овъ	2
фарисеовъ	фарїсе́овѣ	1
фасиронь	фасїрѡ́нихъ	1
филагрии	фїла́грїй	1
филаделфиа	фїладелфі́ю	1
филаделфиискии	фїладелфі́йскїѧ	1
филаделфъ	фїладе́лфъ	1
филаретъ	фїларе́та	6
филаретъ	фїларе́томъ	2
филаретъ	фїларе́тъ	2
филархъ	фїла́рха	1
филетеръ	фїлете́ръ	1
филикиссимъ	филїкі́ссїмъ	1
филикитата	филїкїта́та	1
филимонъ	фїлимо́нꙋ	2
филимонъ	фїлїмѡ́на	1
филимонъ	фїлїмѡ́нъ	1
филиппиа	фїлїппі́а	1
филипписианинъ	фїлїпписі́ане	1
филипписианинъ	фїлїппїсі́ане	1
филипписии	фїлїпписі́ехъ	1
филипписии	фїлїпписі́євъ	2
филипписии	фїлїпписі́ѡмъ	6
филипповъ	фїлі́пповы	2
филиппополь	фїлїппопо́ли	1
филиппусы	фїлїппꙋ́сы	1
филиппъ	фїли́ппъ	1
филиппъ	фїлі́ппа	18
филиппъ	фїлі́ппе	1
филиппъ	фїлі́пповъ	1
филиппъ	фїлі́ппъ	18
филиппъ	фїлі́ппы	1
филиппъ	фїлі́ппѣхъ	2
филиппъ	фїлі́ппꙋ	8
филиппъ	фїлі̑ппъ	1
филитъ	фїли́тъ	1
филицата	филїца́та	1
филиѯовъ	фи́лїѯовѣ	1
филиѯъ	фи́лїѯа	2
филиѯъ	фи́лїѯе	1
филиѯъ	фи́лїѯъ	5
филиѯъ	фи́лїѯꙋ	1
филогонии	фїлого́нїи	1
филогонии	фїлого́нїй	1
филоктимонъ	фїлокти́мѡнъ	1
филоктимъ	фїлокти́ме	1
филологъ	фїлоло́га	1
филометеръ	фїломе́терꙋ	1
филомиторъ	фїломи́тора	1
филомиторъ	фїломи́торꙋ	1
филонила	фїлоні́ла	1
филонъ	фїлѡ́нъ	1
филопаторъ	фїлопа́тѡръ	3
филопаторъ	фїлопа́тѡрꙋ	1
философиа	фїлосо́фїею	1
философскии	фїлосо́фстѣмъ	1
философъ	фїлосѡ́фъ	1
филоѳеи	фїлоѳе́а	7
филоѳеи	фїлоѳе́й	4
филоѳеи	фїлоѳе́ѧ	1
филоѳъ	фїло́ѳъ	1
филуменъ	фїлꙋме́на	6
филуменъ	фїлꙋме́нъ	1
финеесовъ	фїнее́сова	5
финеесовъ	фїнее́совыхъ	2
финеесъ	фїнее́са	7
финеесъ	фїнее́совъ	3
финеесъ	фїнее́съ	16
финикианинъ	фїнїкі́ане	1
финикианинъ	фїнїкі́анѡмъ	1
финикиискии	фїнїкі́йскагѡ	1
финикиискии	фїнїкі́йскїй	3
финикиискии	фїнїкі́йскїѧ	1
финикиискии	фїнїкі́йскꙋ	1
финикиискии	фїнїкі́йскꙋю	1
финикиискии	фїнїкі́йстїи	1
финикиискии	фїнїкі̑йскїѧ	1
финикисанынѧ	фїнїкі́саныни	1
финикиѧ	фїнїкі́и	14
финикиѧ	фїнїкі́ю	5
финиковъ	фі́нїково	2
финиковъ	фі́нїковыхъ	1
финиковъ	фі́нїкѡвы	1
финикъ	фі́нїки	17
финикъ	фі́нїкомъ	1
финикъ	фі́нїкъ	3
финикъ	фі́нїкѡвъ	8
финикъ	фі́нїкꙋ	3
финикъ	фі́нїцы	1
финикъ	фі̑нїкъ	1
финиссина	фїнїсси́ны	1
финическии	фі́нїческъ	1
финическии	фі́нїческꙋю	1
финическии	фі́нїчестїи	1
финическии	фїні́ческа	1
финическии	фїні́ческїй	1
финиѯъ	фі́нїѯъ	2
финоевъ	фїно́євы	1
финонъ	фїнѡ́на	1
финонъ	фїнѡ́нъ	2
финонъ	фїнѡ́нѣ	1
фирминъ	фїрмі́нъ	1
фисонъ	фїсѡ́нъ	2
фихолъ	фїхо́лъ	3
фиѳоѳъ	фїѳо́ѳъ	1
фотикиискии	фѡтїкі́йскагѡ	1
фотикиискии	фѡтїкі́йскїй	1
фотолиѳографиѧ	фѡтолїѳогра́фїи	1
фѵлистиимъ	фѷлїстїи́мъ	1
фѵлистимль	фѷлїсті́мли	1
фѵлистимль	фѷлїсті́млю	2
фѵлистимль	фѷлїсті́млѧ	1
фѵлистимль	фѷлїсті̑мли	1
фѵлистимлѧнинъ	фѷлїсті́млѧне	7
фѵлистимлѧнинъ	фѷлїсті́млѧнинъ	1
фѵлистимлѧнинъ	фѷлїсті́млѧнъ	4
фѵлистимлѧнинъ	фѷлїсті́млѧны	1
фѵлистимскии	фѷлїсті́мскихъ	2
фѵлистимскии	фѷлїсті́мскїѧ	2
фѵлистимскии	фѷлїсті́мскꙋ	4
фѵлистимскии	фѷлїсті́мстѣй	1
фѵлистимскии	фѷлїсті̑мски	1
фѵлистимскии	фѷлїсті̑мскимъ	1
фѵлистимскии	фѷлїсті̑мскїѧ	1
фѵлистимъ	фїлїсті́мѣ	1
фѵлистимъ	фѷлїсті́ма	1
фѵлистимъ	фѷлїсті́ми	3
фѵлистимъ	фѷлїсті́мѡвъ	1
фѵлистимъ	фѷлїсті́мѡмъ	1
фѵлистимъ	фѷлїсті́мѣ	1
фѵлистинъ	фѷлїсти́ны	1
халкидонскии	халкїдѡ́нстѣмъ	1
халколиванъ	халколїва́нꙋ	2
хананитидинъ	ханані́тїдинъ	1
харисимъ	харі́сїмъ	1
харитина	харїті́на	6
харитина	харїті́но	6
харитина	харїті́ны	9
харитина	харїті́нꙋ	1
харитоновъ	харїтѡ́новѣ	1
харитоновъ	харїтѡ́новꙋ	1
харитонъ	харїтѡ́на	12
харитонъ	харїтѡ́не	29
харитонъ	харїтѡ́нъ	5
харитонъ	харїтѡ́нꙋ	1
хармъ	хармі̀	2
хартиѧ	харті́амъ	1
хартиѧ	харті́ахъ	1
хафира	хафїра̀	1
хефира	хефїра̀	1
хидонь	хїдѡ́ню	1
хилуонъ	хїлꙋѡ́нъ	1
хиниѯъ	хі́нїѯъ	3
хирамль	хїра́млими	1
хирамль	хїра́мль	1
хирамль	хїра̑мли	1
хирамовъ	хїра́мовыми	1
хирамовъ	хїра́мѡвы	1
хирамъ	хїра́ма	2
хирамъ	хїра́момъ	1
хирамъ	хїра́мъ	22
хирамъ	хїра́мꙋ	5
хирогрѵлль	хїрогрѵ́лли	1
хирогрѵлль	хїрогрѵ́ллѧ	1
хирогрѵлль	хїрогрѵ́лѧ	1
хиротонисати	хїротониса́нный	1
хитонъ	хїтѡ́нъ	3
хищение	хїще́нїемъ	1
хрисанѳъ	хрїса́нѳа	1
хрисанѳъ	хрїса́нѳъ	1
хрисиа	хрїсі́а	1
христианинъ	хрїстїа́намъ	2
христианинъ	хрїстїа́не	8
христианинъ	хрїстїа́нина	4
христианинъ	хрїстїа́ниномъ	1
христианинъ	хрїстїа́нинъ	10
христианинъ	хрїстїа́нинꙋ	3
христианинъ	хрїстїа́нъ	28
христианинъ	хрїстїа́ны	5
христианинъ	хрїстїа́нѡмъ	9
христианинъ	хрїстїа́нѣхъ	2
христианинъ	хрїстїани́нъ	2
христианооглагольникъ	хрїстїаноѡглаго́льникѡвъ	1
христианскии	хрїстїа́нскагѡ	2
христианскии	хрїстїа́нскаѧ	1
христианскии	хрїстїа́нскихъ	1
христианскии	хрїстїа́нское	2
христианскии	хрїстїа́нскую	1
христианскии	хрїстїа́нскїй	4
христианскии	хрїстїа́нскїѧ	4
христианскии	хрїстїа́нскꙋю	1
христианскии	хрїстїа́нстїи	1
христианскии	хрїстїа́нстѣй	4
христианскии	хрїстїа̑нскаѧ	1
христианскии	хрїстїа̑нскимъ	1
христианскии	хрїстїа̑нскїѧ	3
христианство	хрїстїа́нства	1
христина	хрїсті́на	4
христина	хрїсті́но	17
христина	хрїсті́ны	6
христина	хрїсті́нꙋ	3
христоборецъ	хрїстобо́рца	1
христоборныи	хрїстобо́рнꙋю	1
христовъ	христово	1
христовъ	хрїсто́ва	5
христовъ	хрїсто́во	3
христовъ	хрїсто́вы	1
христовъ	хрїсто́вымъ	1
христовъ	хрїсто́вѣ	3
христовъ	хрїсто́вꙋ	1
христовъ	хрїстовѣ	1
христодулъ	хрїстодꙋ́ла	1
христолюбивецъ	хрїстолюби́вцѡвъ	1
христолюбивыи	хрїстолюби́вое	1
христолюбивыи	хрїстолюби́вомъ	1
христолюбивыи	хрїстолюби́выхъ	8
христолюбивыи	хрїстолюби̑вымъ	1
христона	хрїсто́ны	1
христосъ	христа́	1
христосъ	хрїста̀	11
христосъ	хрїста́	18
христосъ	хрїсте́	2
христосъ	хрїсто́въ	1
христосъ	хрїсто́мъ	4
христосъ	хрїсто́съ	6
христосъ	хрїстѣ́	7
христосъ	хрїстꙋ	1
христосъ	хрїстꙋ̀	4
христосъ	хрїстꙋ́	2
христофоръ	хрїстофо́ра	11
христофоръ	хрїстофо́ре	9
христофоръ	хрїстофо́ръ	3
хрѵсолиѳъ	хрѷсо́лїѳъ	1
ѳалъ	ѳалі̀	1
ѳасириа	ѳасїрі́ею	1
ѳеманитидиискии	ѳеманїтїді́йскїѧ	1
ѳемистоклеи	ѳемїстокле́й	1
ѳеопистиа	ѳеопїсті́а	1
ѳеофиловъ	ѳео́фїлово	1
ѳеофилъ	ѳео́фїла	23
ѳеофилъ	ѳео́фїле	5
ѳеофилъ	ѳео́фїлъ	10
ѳеофилъ	ѳео́фїлѣ	2
ѳеофилъ	ѳео́фїлꙋ	4
ѳессалоникиа	ѳессалонїкі́а	3
ѳессалоникиа	ѳессалонїкі́и	3
ѳессалоникианинъ	ѳессалонїкі́ане	1
ѳифаилъ	ѳїфаи́лъ	1
ѳолмъ	ѳолмі̀	1
ѳосаинъ	ѳѡса́їнъ	1
