source_row	lemma	class	class_four_basic_stem
1	досѧгнѫти	5	-
3	съпрѧщи	4c	съпрѧг
4	ꙗвл҄ꙗти	7	-
6	ꙗвити	1	-
14	ꙗзвл҄ꙗти	7	-
17	ꙗзвити	1	-
22	ꙗрити	1	-
57	л҄юбити	1	-
81	авл҄ꙗти	7	-
83	авити	1	-
90	алъкати	3	-
97	бл҄юсти	4c	бл҄уд
100	багърити	1	-
112	безаконьновати	6	-
148	безоковати	6	-
196	бесѣдовати	6	-
200	бечьствовати	6	-
217	блажити	1	-
220	блазнити	1	-
229	блискати	7	-
232	блистати	7	-
235	блѫдити	1	-
243	бльщати	2	-
245	блѣдѣти	7	-
249	блѧсти	4c	блѧд
251	боꙗти	2	-
255	богатити	1	-
259	богатѣти	7	-
270	болѣти	2	-
273	бости	4c	бод
276	брадѣти	7	-
279	бранити	1	-
320	бъдѣти	2	-
322	бывати	7	-
329	бѣгати	7	-
331	бѣдити	1	-
334	бѣжати	2	-
335	бѣлити	1	-
338	бѣсити	1	-
343	бѣсьновати	6	-
347	вал҄ꙗти	7	-
348	вар҄ꙗти	7	-
349	вабити	1	-
350	вадити	1	-
351	валити	1	-
353	варити	1	-
354	варити	1	-
363	величати	7	-
365	величити	1	-
371	велѣти	2	-
376	веселити	1	-
381	вести	4c	вед
382	вести	4c	вез
384	ветъшати	7	-
387	вечер҄ꙗти	7	-
394	видовати	6	-
410	висѣти	2	-
411	витати	7	-
421	власти	4c	влад
425	влачити	1	-
426	влъснѫти	5	-
435	вльн҄ꙗти	7	-
440	вльнити	1	-
444	воѥвати	6	-
448	вон҄ꙗти	7	-
450	водити	1	-
456	волити	1	-
467	вражьдовати	6	-
468	въкоренити	1	-
470	въкусити	1	-
472	въкушати	7	-
474	въкыснѫти	5	-
475	въкысѣти	7	-
476	вълати	7	-
478	вълагати	7	-
479	вълазити	1	-
481	вълежати	2	-
483	въливати	7	-
488	въложити	1	-
489	въльстити	1	-
490	вълѣсти	4c	вълѣз
492	въмѣнити	1	-
493	въмѣстити	1	-
494	въмѣтати	7	-
495	въмѣщати	7	-
498	вънести	4c	вънес
499	вънимати	7	-
503	вънозити	1	-
504	въносити	1	-
505	вънушити	1	-
506	въньзнѫти	5	-
515	вратити	1	-
520	врачевати	6	-
534	врьтѣти	2	-
537	врѣждати	7	-
539	врѣдити	1	-
547	въжделати	7	-
548	въжделѣти	7	-
549	въждѧдати	3	-
550	въбѣгати	7	-
551	въбѣгнѫти	5	-
553	въвести	4c	въвед
555	въводити	1	-
558	въвѣꙗти	3	-
559	въвѣрити	1	-
560	въвѣсити	1	-
562	въгаждати	7	-
564	въглѫбити	1	-
565	въгнѣждати	7	-
566	въгнѣздити	1	-
567	въгодити	1	-
570	въдаꙗти	3	-
572	въдвар҄ꙗти	7	-
573	въдворити	1	-
574	въдрѫжати	7	-
575	въдрѫжити	1	-
576	въдунѫти	5	-
577	въдъхнѫти	5	-
579	въжагати	7	-
581	въжиѕати	7	-
584	възл҄юбити	1	-
585	възавидѣти	2	-
587	възаконити	1	-
588	възалъкати	3	-
590	възбоꙗти	2	-
591	възбран҄ꙗти	7	-
592	възбранити	1	-
594	възбуждати	7	-
595	възбудити	1	-
596	възбънѫти	5	-
598	възбѣсити	1	-
599	възбѣсовати	6	-
600	възбѣсьнѣти	7	-
601	възбѣшати	7	-
603	възвалити	1	-
604	възварити	1	-
605	възвеличати	7	-
606	възвеличити	1	-
607	възвесел҄ꙗти	7	-
608	възвеселити	1	-
609	възвести	4c	възвед
611	възводити	1	-
612	възвратити	1	-
613	възвращати	7	-
616	възвысити	1	-
619	възвѣꙗти	3	-
620	възвѣровати	6	-
621	възвѣсити	1	-
622	възвѣстити	1	-
623	възвѣщати	7	-
625	възвѧзати	3	-
626	възгарати	7	-
628	възглаголати	3	-
629	възгласити	1	-
630	възглашати	7	-
632	възгнѫшати	7	-
633	възгнѣтити	1	-
634	възгорѣти	2	-
635	възграждати	7	-
637	възградити	1	-
639	възгръмѣти	2	-
641	въздаꙗти	3	-
645	въздвиѕати	7	-
646	въздвигнѫти	5	-
649	въздивиꙗти	7	-
650	въздивити	1	-
651	въздирати	7	-
652	въздрадовати	6	-
653	въздражати	7	-
654	въздразити	1	-
656	въздрасти	4c	възраст
657	въздрастити	1	-
659	въздращати	7	-
660	въздринѫти	5	-
663	въздрыдати	7	-
664	въздрьвьновати	6	-
667	въздрьжати	2	-
668	въздрѣмати	3	-
669	въздунѫти	5	-
672	въздъхнѫти	5	-
674	въздыхати	7	-
676	въздѣꙗти	3	-
677	въздѣлати	7	-
679	възиграти	7	-
681	възимати	7	-
682	възирати	7	-
686	възисковати	6	-
688	възлагати	7	-
689	възлежати	2	-
690	възлетѣти	2	-
693	възливати	7	-
694	възложити	1	-
696	възлѣсти	4c	възлѣз
697	възмагати	7	-
699	възмѫжати	7	-
700	възмѫтити	1	-
701	възмѫщати	7	-
704	възмощи	4c	възмог
706	възмѣрити	1	-
707	възмѣтати	7	-
708	възмѧсти	4c	възмѧт
709	възненавидѣти	2	-
710	възнепьщевати	6	-
712	възнести	4c	възнес
713	възникнѫти	5	-
714	възносити	1	-
716	възньзнѫти	5	-
718	възъꙗрити	1	-
722	възывати	7	-
725	възьрѣти	2	-
731	въкопати	7	-
732	въобразити	1	-
733	въорѫжити	1	-
735	въпадати	7	-
737	въпасти	4c	въпад
738	въперити	1	-
739	въпечалити	1	-
741	въплакати	3	-
742	въплътити	1	-
744	въплъчити	1	-
746	въправьдити	1	-
748	въпрашати	7	-
749	въпросити	1	-
752	въпрѧщи	4c	въпрѧг
753	въпустити	1	-
754	въпущати	7	-
756	въразумити	1	-
757	върѫчити	1	-
758	върѫщати	7	-
759	върѣснити	1	-
761	върѧдити	1	-
762	въсадити	1	-
763	въсверѣпѣти	7	-
767	въселити	1	-
768	въсиꙗти	7	-
771	въскакати	3	-
772	въсклан҄ꙗти	7	-
773	въскладати	7	-
774	въскласти	4c	възклад
775	въскликнѫти	5	-
779	въсклонити	1	-
780	въсколѣбати	3	-
781	въскочити	1	-
784	въскрилити	1	-
785	въскричати	2	-
786	въскръбѣти	2	-
787	въскръмити	1	-
788	въскрьсати	7	-
790	въскрьснѫти	5	-
792	въскрѣсити	1	-
794	въскрѣшати	7	-
796	въскур҄ꙗти	7	-
797	въскурити	1	-
798	въскыпѣти	2	-
799	въскыснѫти	5	-
800	въскысѣти	7	-
801	въслан҄ꙗти	7	-
802	въславити	1	-
803	въсладити	1	-
805	въслѣдовати	6	-
806	въслѣдьствовати	6	-
811	гобьѕевати	6	-
813	гобьѕити	1	-
814	гобьѕьствовати	6	-
815	говорити	1	-
820	говѣти	7	-
823	годити	1	-
830	гонажати	7	-
831	гонезнѫти	5	-
833	гонити	1	-
834	гонозити	1	-
835	гонѣти	7	-
840	горѣти	2	-
855	гостити	1	-
858	готовати	7	-
860	въсмръдѣти	2	-
861	въспл҄юнѫти	5	-
863	въспитѣти	7	-
864	въсплакати	3	-
865	въспланѫти	5	-
867	въсплескати	3	-
868	въсплищевати	6	-
870	въспоминати	7	-
871	въспомѧнѫти	5	-
875	въспросити	1	-
876	въспрѣтити	1	-
877	въспрѣщати	7	-
879	въспрѧнѫти	5	-
880	въспрѧтати	7	-
881	въспустити	1	-
882	въспущати	7	-
883	въспытати	7	-
884	въспѣвати	7	-
887	въстаꙗти	3	-
888	въставл҄ꙗти	7	-
890	въставати	7	-
892	въставити	1	-
897	въстенати	3	-
898	въстирати	7	-
899	въстѫжити	1	-
900	въстѫпати	7	-
901	въстлапити	1	-
905	въстрепетати	3	-
906	въстрѫбити	1	-
907	въстръгати	7	-
908	въстръгнѫти	5	-
910	въстрѧсти	4c	възтрѧс
911	въстъкнѫти	5	-
913	въстѧѕати	7	-
914	въстѧгнѫти	5	-
915	въсхвалити	1	-
916	въсхватити	1	-
918	въсхлѫпати	7	-
920	въсходити	1	-
923	въсхытати	7	-
924	въсхытити	1	-
925	въсхыщати	7	-
928	въсълати	3	-
929	въсын҄ꙗти	7	-
931	въсылати	7	-
932	въсыпати	3	-
933	въсѣꙗти	3	-
934	въсѣл҄ꙗти	7	-
936	въсѣти	4v	-
941	вътрътърати	7	-
943	въходити	1	-
946	въцѣсар҄ити	1	-
947	въчин҄ꙗти	7	-
948	въчинити	1	-
951	въчловѣчити	1	-
954	въшумѣти	2	-
959	выгонити	1	-
961	выкнѫти	5	-
962	вынести	4c	вынес
963	выринѫти	5	-
971	вьрѣти	2	-
982	вѣꙗти	3	-
990	вѣнити	1	-
992	вѣньчати	7	-
994	вѣрити	1	-
995	вѣровати	6	-
998	вѣрьствовати	6	-
1010	вѣщавати	7	-
1012	вѣщати	7	-
1014	вѧзати	3	-
1019	гасити	1	-
1020	гаснѫти	5	-
1031	глаголати	3	-
1034	гладити	1	-
1037	гласити	1	-
1038	гласовати	6	-
1040	глашати	7	-
1046	глумити	1	-
1049	глѧдати	7	-
1050	гнести	4c	гнет
1053	гнѫшати	7	-
1059	гнѣвати	7	-
1060	гнѣвити	1	-
1064	гнѣздити	1	-
1067	готовити	1	-
1073	грабити	1	-
1074	градити	1	-
1083	грети	4c	греб
1107	грысти	4c	грыз
1108	гръмѣти	2	-
1109	грѣти	4v	-
1120	дыхати	7	-
1130	дѣꙗти	3	-
1136	довести	4c	довед
1143	дозьрѣти	2	-
1146	доити	1	-
1151	грѧсти	4c	грѧд
1154	губити	1	-
1159	даꙗти	3	-
1160	давити	1	-
1164	дарити	1	-
1166	даровати	6	-
1168	дарьствовати	6	-
1171	двиѕати	7	-
1172	двигнѫти	5	-
1182	десити	1	-
1191	дивити	1	-
1214	доконьчати	7	-
1221	домыслити	1	-
1222	донести	4c	донес
1223	допасти	4c	допад
1224	досаждати	7	-
1227	досадити	1	-
1230	достоꙗти	2	-
1235	доходити	1	-
1242	дробити	1	-
1254	дрьжати	2	-
1255	дрьзати	7	-
1256	дрьзнѫти	5	-
1258	дрьзовати	6	-
1267	дрѧселовати	6	-
1271	дунѫти	5	-
1281	дъждити	1	-
1293	дѣиствовати	6	-
1297	дѣлати	7	-
1299	дѣлити	1	-
1307	жалити	1	-
1308	жаловати	6	-
1313	желати	7	-
1318	желѣти	7	-
1320	женити	1	-
1323	знаменавати	7	-
1324	знаменати	7	-
1327	знаменовати	6	-
1329	знати	4v	-
1340	зълобити	1	-
1341	зълобовати	6	-
1348	живл҄ꙗти	7	-
1349	живити	1	-
1369	жласти	4c	жлад
1390	жѧдати	3	-
1392	жѧдѣти	2	-
1404	заблѫдити	1	-
1407	забъдѣти	2	-
1408	забывати	7	-
1414	завидѣти	2	-
1422	завѣщавати	7	-
1423	завѣщати	7	-
1424	завѧзати	3	-
1425	заглаждати	7	-
1426	загладити	1	-
1427	заградити	1	-
1429	задльжити	1	-
1430	задушити	1	-
1431	задъхнѫти	5	-
1432	задѣꙗти	3	-
1435	зажиѕати	7	-
1436	зазирати	7	-
1437	зазнаменати	7	-
1440	зазьрѣти	2	-
1444	закл҄ючити	1	-
1445	закалати	7	-
1448	заклинати	7	-
1455	закрывати	7	-
1459	заложити	1	-
1460	замазати	3	-
1461	заматорѣти	7	-
1462	замѫдити	1	-
1463	заморити	1	-
1470	запалити	1	-
1471	запечатьлѣти	7	-
1472	запинати	7	-
1474	заповѣдати	7	-
1477	запрѣтити	1	-
1478	запрѣщати	7	-
1480	запустѣти	7	-
1484	заразити	1	-
1490	застѫпати	7	-
1491	застѫпити	1	-
1494	застоꙗти	2	-
1495	засъвѣдѣтел҄ьствовати	6	-
1497	затвар҄ꙗти	7	-
1499	затворити	1	-
1501	затъкнѫти	5	-
1502	затыкати	7	-
1506	заушити	1	-
1507	заходити	1	-
1509	зацѣдити	1	-
1510	зачинати	7	-
1515	защитити	1	-
1524	звѧщи	4c	звѧг
1535	зинѫти	5	-
1552	зыбати	3	-
1559	зьрѣти	2	-
1561	зѧти	4c	зѧб
1566	играти	7	-
1571	избавл҄ꙗти	7	-
1574	избавити	1	-
1576	избадати	7	-
1577	избивати	7	-
1578	избирати	7	-
1581	избости	4c	избод
1582	избывати	7	-
1585	избытъковати	6	-
1587	избытъчьствовати	6	-
1590	избѣгати	7	-
1591	избѣгнѫти	5	-
1592	избѣжати	2	-
1593	изваꙗти	3	-
1594	извалити	1	-
1595	извести	4c	извед
1596	извести	4c	извез
1597	истъщити	1	-
1599	истьлити	1	-
1601	истънити	1	-
1602	истѣкати	7	-
1603	истѧѕати	7	-
1604	исунѫти	5	-
1605	исушити	1	-
1606	исхаждати	7	-
1607	исхватити	1	-
1609	исходатаꙗти	3	-
1613	кръмити	1	-
1614	кръмити	1	-
1619	кръчьмл҄ꙗвати	7	-
1627	крьстити	1	-
1630	крьщати	7	-
1632	крѣпити	1	-
1636	куꙗти	7	-
1638	кудити	1	-
1644	извлачити	1	-
1647	изводити	1	-
1648	изволити	1	-
1649	изврачевати	6	-
1651	извыкнѫти	5	-
1653	извѣстити	1	-
1654	извѣстовати	6	-
1659	извѣщати	7	-
1660	извѣщати	7	-
1662	извѧзати	3	-
1663	изган҄ꙗти	7	-
1664	изглаголати	3	-
1665	изгладити	1	-
1667	изгонити	1	-
1668	изгорѣти	2	-
1669	изгубити	1	-
1672	изгыбати	7	-
1673	издаꙗти	3	-
1676	издрастити	1	-
1681	издъхнѫти	5	-
1683	издыхати	7	-
1685	издѣꙗти	3	-
1686	издѣлати	7	-
1689	излазити	1	-
1691	изливати	7	-
1693	изломити	1	-
1695	излѣсти	4c	излѣз
1697	измѫдрѣвати	7	-
1698	измлькнѫти	5	-
1699	изморити	1	-
1702	измъждати	7	-
1703	измъкнѫти	5	-
1705	измѣн҄ꙗти	7	-
1708	измѣнити	1	-
1709	измѣновати	6	-
1710	измѣрити	1	-
1711	изнемагати	7	-
1712	изнемощи	4c	изнемог
1713	изнести	4c	изнес
1714	износити	1	-
1717	изнурити	1	-
1718	изобати	3	-
1719	изобиловати	6	-
1721	изобличати	7	-
1723	изобрѣтати	7	-
1725	изострити	1	-
1727	изумѣти	7	-
1728	изъꙗснити	1	-
1729	изъчитати	7	-
1737	именовати	6	-
1749	исѫчити	1	-
1750	исказити	1	-
1755	исконьчавати	7	-
1756	исконьчати	7	-
1758	ископати	7	-
1759	искоренити	1	-
1760	искочити	1	-
1762	искрасти	4c	изкрад
1765	искупити	1	-
1766	искуповати	6	-
1768	искусити	1	-
1772	искушати	7	-
1774	искыдати	7	-
1775	искыпѣти	2	-
1776	ислѣдити	1	-
1777	испадати	7	-
1778	испасти	4c	изпад
1780	исплести	4c	изплет
1781	испльн҄ꙗти	7	-
1783	испльнити	1	-
1786	исповѣдати	7	-
1787	исповѣдовати	6	-
1794	испочити	4v	-
1795	исправл҄ꙗти	7	-
1798	исправити	1	-
1799	испразнити	1	-
1800	испрахнѣти	7	-
1802	испросити	1	-
1804	испустити	1	-
1805	испущати	7	-
1808	испытати	7	-
1811	истаꙗти	3	-
1812	истаити	1	-
1813	истапл҄ꙗти	7	-
1818	истирати	7	-
1819	истискати	7	-
1820	истѫпити	1	-
1822	истопити	1	-
1823	источити	1	-
1826	истръгати	7	-
1827	истръгнѫти	5	-
1828	истрѣбл҄ꙗти	7	-
1830	истрѣбити	1	-
1831	истрѧсти	4c	изтрѧс
1835	истъкнѫти	5	-
1836	истъщати	7	-
1838	исходити	1	-
1842	исхытити	1	-
1843	исъхнѫти	5	-
1844	исыпати	3	-
1846	исѣщи	4c	изсѣк
1847	исѧкнѫти	5	-
1849	ицѣл҄ꙗти	7	-
1852	ицѣлити	1	-
1854	ицѣлѣвати	7	-
1855	ицѣлѣти	7	-
1856	ичезнѫти	5	-
1872	ѫродити	1	-
1873	ѫродовати	6	-
1878	ѫродьствовати	6	-
1886	кл҄ѥветати	3	-
1891	кл҄ючати	7	-
1892	кл҄ючити	1	-
1896	каꙗти	3	-
1898	кал҄ꙗти	7	-
1901	кадити	1	-
1904	казати	3	-
1905	казити	1	-
1917	капати	7	-
1922	касати	7	-
1931	клан҄ꙗти	7	-
1934	класти	4c	клад
1938	клатити	1	-
1940	клепати	3	-
1943	клокотати	3	-
1944	клонити	1	-
1946	кльцати	7	-
1947	кльчьтати	3	-
1953	клѧчати	2	-
1978	колѣбати	3	-
1982	комъкати	7	-
1985	коньчавати	7	-
1987	коньчати	7	-
1990	копати	7	-
2001	корити	1	-
2004	коснѫти	5	-
2007	которати	7	-
2022	красити	1	-
2023	красовати	6	-
2026	красти	4c	крад
2034	кричати	2	-
2041	кропити	1	-
2042	кротити	1	-
2049	кръкнѫти	5	-
2054	купити	1	-
2055	куповати	6	-
2060	курити	1	-
2071	къснити	1	-
2077	кыпѣти	2	-
2080	кычити	1	-
2082	лаꙗти	3	-
2083	лаꙗти	3	-
2089	ласкати	7	-
2092	лежати	2	-
2093	летѣти	2	-
2096	лизати	3	-
2097	ликовати	6	-
2099	ликъствовати	6	-
2106	лиховати	6	-
2110	лишати	7	-
2112	лишити	1	-
2117	лѫкавьновати	6	-
2122	лѫчити	1	-
2125	лобъзати	3	-
2127	лобызати	7	-
2129	ловити	1	-
2139	ломити	1	-
2147	лучати	7	-
2149	лучити	1	-
2151	лъгати	3	-
2161	льгъчити	1	-
2165	льстити	1	-
2170	льщати	2	-
2173	лѣгати	3	-
2175	лѣнити	1	-
2181	лѣпьствовати	6	-
2192	лѧцати	3	-
2193	мазати	3	-
2199	мастити	1	-
2211	миловати	6	-
2218	минѫти	5	-
2219	миновати	6	-
2224	мѫдити	1	-
2225	мѫдрити	1	-
2227	мѫдровати	6	-
2232	мѫдрьствовати	6	-
2234	мѫжати	7	-
2241	мѫтити	1	-
2251	мѫчити	1	-
2266	млъвити	1	-
2273	мльчати	2	-
2284	молитвовати	6	-
2287	молити	1	-
2294	мочити	1	-
2296	мощи	4c	мог
2299	мразити	1	-
2305	мръзѣти	2	-
2306	мръкнѫти	5	-
2336	мъножати	7	-
2337	мъножити	1	-
2343	мъчати	2	-
2346	мыслити	1	-
2358	мьн҄ити	1	-
2360	мьнѣти	2	-
2361	мьстити	1	-
2366	мьщати	7	-
2375	мѣнити	1	-
2376	мѣнити	1	-
2379	мѣрити	1	-
2380	мѣсити	1	-
2387	мѧсти	4c	мѧт
2393	навадити	1	-
2394	навести	4c	навед
2397	наводити	1	-
2398	наводьнити	1	-
2399	навыкнѫти	5	-
2400	навыцати	7	-
2404	навѧзати	3	-
2407	наготовати	6	-
2411	надоити	1	-
2412	надути	4v	-
2413	надълежати	2	-
2414	надымати	7	-
2416	надѣꙗти	3	-
2417	назирати	7	-
2418	назнаменати	7	-
2419	назнаменовати	6	-
2420	назьрѣти	2	-
2424	наказати	3	-
2425	накладати	7	-
2426	накласти	4c	наклад
2429	накръмити	1	-
2430	накынѫти	5	-
2431	налагати	7	-
2432	належати	2	-
2434	наложити	1	-
2435	налѧцати	3	-
2436	налѧщи	4c	налѧк
2437	намаꙗти	3	-
2439	намочити	1	-
2440	намѣн҄ꙗти	7	-
2441	намѣнити	1	-
2442	намѣрити	1	-
2444	нанести	4c	нанес
2445	наносити	1	-
2446	наострити	1	-
2448	напаꙗти	7	-
2449	нападати	7	-
2451	напасти	4c	напад
2453	напастьствовати	6	-
2455	написати	7	-
2456	напитати	7	-
2457	напитѣти	7	-
2458	напльн҄ꙗти	7	-
2459	напльнити	1	-
2460	напоити	1	-
2461	направл҄ꙗти	7	-
2462	направити	1	-
2472	нарицати	3	-
2474	нарѫгати	7	-
2480	насадити	1	-
2482	населити	1	-
2483	насил҄ꙗти	7	-
2485	насилити	1	-
2487	наскакати	3	-
2488	наслаждати	7	-
2490	насладити	1	-
2492	наслѣдити	1	-
2494	наслѣдовати	6	-
2496	наслѣдьствовати	6	-
2497	настаꙗти	3	-
2498	наставл҄ꙗти	7	-
2500	наставити	1	-
2503	настѫпати	7	-
2504	настѫпити	1	-
2506	настоꙗти	2	-
2508	насытити	1	-
2510	насыщати	7	-
2512	насѣвати	7	-
2513	насѣти	4v	-
2516	наустити	1	-
2517	научати	7	-
2519	научити	1	-
2520	находити	1	-
2522	начинати	7	-
2525	начрьтати	7	-
2527	облобызати	7	-
2528	обложити	1	-
2529	облыгати	7	-
2530	обльгъчавати	7	-
2531	обльгъчати	7	-
2532	обльгъчити	1	-
2533	обльстити	1	-
2534	облѣдѣти	7	-
2535	облѣнити	1	-
2537	обнавл҄ꙗти	7	-
2538	обнажати	7	-
2540	обнажити	1	-
2541	обнищати	7	-
2543	обновити	1	-
2544	обносити	1	-
2548	обон҄ꙗти	7	-
2549	обогатити	1	-
2550	обогащати	7	-
2552	оборити	1	-
2554	обрадовати	6	-
2555	образити	1	-
2556	образовати	6	-
2559	обратити	1	-
2560	обращати	7	-
2562	обрѫчити	1	-
2564	обръпътити	1	-
2566	обрѣзати	3	-
2567	обрѣменити	1	-
2570	обрѣтати	7	-
2574	обуꙗти	7	-
2575	обубожати	7	-
2576	обуити	1	-
2587	негодовати	6	-
2588	недѫговати	6	-
2595	недомыслити	1	-
2596	недостатъковати	6	-
2627	ненавидѣти	2	-
2676	непьщевати	6	-
2684	нести	4c	нес
2702	нечьствовати	6	-
2705	нечьстовати	6	-
2709	низити	1	-
2712	низъвести	4c	низъвед
2713	низъводити	1	-
2715	низъвѣсити	1	-
2717	низъложити	1	-
2718	низъпасти	4c	низъпад
2719	низъринѫти	5	-
2721	низъходити	1	-
2722	никнѫти	5	-
2729	нѫдити	1	-
2736	носити	1	-
2743	нѣмовати	6	-
2747	обл҄юбити	1	-
2750	обавл҄ꙗти	7	-
2752	обавати	7	-
2753	обавити	1	-
2756	обадити	1	-
2757	обетъшати	7	-
2758	обетъшити	1	-
2762	обидѣти	2	-
2764	обиловати	6	-
2767	обимати	7	-
2768	обинѫти	5	-
2769	обиновати	6	-
2771	обитати	7	-
2777	обѫродѣти	7	-
2778	обѫхати	7	-
2779	облагати	7	-
2781	обладати	7	-
2784	облажити	1	-
2785	облазнити	1	-
2789	облачити	1	-
2794	облежати	2	-
2797	обливати	7	-
2798	облизати	3	-
2799	облиствьнѣти	7	-
2800	облиховати	6	-
2801	обличати	7	-
2805	обличити	1	-
2807	облобъзати	3	-
2810	обыкнѫти	5	-
2818	освитати	7	-
2819	отътѧѕати	7	-
2826	отъчаꙗти	3	-
2829	отъщетити	1	-
2831	отьмити	1	-
2832	отьмьнити	1	-
2833	отьмьнѣти	7	-
2840	отѧгнѫти	5	-
2841	отѧготѣти	7	-
2842	отѧгъчати	7	-
2843	отѧгъчити	1	-
2844	отѧжати	7	-
2845	отѧжьчавати	7	-
2846	отѧжьчати	7	-
2849	охѫпити	1	-
2851	оходити	1	-
2852	охудити	1	-
2853	охудѣти	7	-
2859	подвиѕати	7	-
2860	подвигнѫти	5	-
2862	подвижати	2	-
2866	обьщевати	6	-
2870	обьщити	1	-
2876	обѣдовати	6	-
2878	обѣсити	1	-
2881	обѣшати	7	-
2882	обѣщавати	7	-
2884	обѣщати	7	-
2886	обѧзати	3	-
2887	обѧтр҄ꙗти	7	-
2889	обѧтрити	1	-
2894	овъторити	1	-
2895	овысити	1	-
2904	оглаголати	3	-
2905	огласити	1	-
2906	оглашати	7	-
2908	оглѧдати	7	-
2909	оголити	1	-
2912	оградити	1	-
2913	огрѧсти	4c	обгрѧд
2914	одарити	1	-
2917	одолѣвати	7	-
2919	одолѣти	7	-
2922	одрьжати	2	-
2924	одъждати	7	-
2925	одъждити	1	-
2929	одѣꙗти	3	-
2930	одѣвати	7	-
2933	оженити	1	-
2934	ожестити	1	-
2936	ожесточити	1	-
2937	ожестѣти	7	-
2939	оживити	1	-
2940	ожидати	7	-
2942	озар҄ꙗти	7	-
2943	озарити	1	-
2944	озирати	7	-
2945	озобати	3	-
2948	озълобити	1	-
2952	окл҄ѥветавати	7	-
2954	окл҄ѥветати	3	-
2956	окаꙗти	3	-
2958	окаменити	1	-
2959	окамѣнити	1	-
2960	оклоснити	1	-
2964	оконьчати	7	-
2965	окопати	7	-
2966	окрасти	4c	обкрад
2967	ократити	1	-
2968	окрилити	1	-
2971	окропити	1	-
2972	окрочити	1	-
2973	окръвавити	1	-
2974	окрывати	7	-
2978	окусити	1	-
2979	окушати	7	-
2982	омакати	7	-
2984	омѫтити	1	-
2985	омочити	1	-
2986	омразити	1	-
2987	омрачати	7	-
2988	омрачити	1	-
2989	омръзѣти	7	-
2990	омръкнѫти	5	-
2991	омрьтвѣти	7	-
2993	омывати	7	-
2995	омѧчити	1	-
2998	онѣмл҄ꙗти	7	-
2999	онѣмѣти	7	-
3001	опал҄ꙗти	7	-
3002	опалити	1	-
3008	опечалити	1	-
3009	оплакати	3	-
3011	оплъчати	7	-
3012	оплъчити	1	-
3015	опослушати	7	-
3017	оправьдати	7	-
3018	оправьдити	1	-
3019	опражн҄ꙗти	7	-
3024	опустити	1	-
3025	опустѣти	7	-
3026	опытати	7	-
3028	орати	3	-
3029	орити	1	-
3030	освѣтити	1	-
3031	освѣщавати	7	-
3032	освѣщати	7	-
3034	освѧтити	1	-
3035	освѧщати	7	-
3037	оседълати	7	-
3038	осиꙗти	7	-
3039	осин҄ꙗти	7	-
3041	осѫждати	7	-
3043	осѫдити	1	-
3046	оскврьн҄ꙗти	7	-
3048	оскврьнавити	1	-
3049	оскврьнити	1	-
3050	оскѫдити	1	-
3051	оскѫдѣти	7	-
3053	осклабити	1	-
3054	оскръбл҄ꙗти	7	-
3055	оскръбити	1	-
3056	оскръбѣти	2	-
3059	ослабл҄ꙗти	7	-
3062	ослабити	1	-
3063	ослабѣти	7	-
3065	ослушати	7	-
3068	ослѣпл҄ꙗти	7	-
3070	ослѣпити	1	-
3071	осмрадити	1	-
3076	оснывати	7	-
3077	оснѣжити	1	-
3078	собити	1	-
3079	осолити	1	-
3080	осрамл҄ꙗти	7	-
3082	осрамити	1	-
3083	остаꙗти	3	-
3084	оставл҄ꙗти	7	-
3086	оставити	1	-
3091	остѫпати	7	-
3092	остѫпити	1	-
3095	остоꙗти	2	-
3096	острастити	1	-
3098	острити	1	-
3102	оструити	1	-
3106	остѣнити	1	-
3107	осушати	7	-
3109	осыпати	3	-
3110	осырѣти	7	-
3116	осѣн҄ꙗти	7	-
3117	осѣнити	1	-
3119	осѣти	4v	-
3120	осѧѕати	7	-
3121	осѧгнѫти	5	-
3122	отворити	1	-
3123	отврьзати	7	-
3126	отирати	7	-
3128	отишати	7	-
3130	отлъстѣти	7	-
3133	отравити	1	-
3144	отътрѣбити	1	-
3146	отрѣшити	1	-
3147	отрѧсти	4c	обтрѧс
3149	отъбѣгати	7	-
3150	отъбѣгнѫти	5	-
3151	отъбѣжати	2	-
3152	отъвал҄ꙗти	7	-
3154	отъвалити	1	-
3155	отъвести	4c	отъвед
3157	отъводити	1	-
3158	отъвратити	1	-
3159	отъвращати	7	-
3162	отъвѣти	4v	-
3164	отъвѣщавати	7	-
3166	отъвѣщати	7	-
3167	отъган҄ꙗти	7	-
3168	отъгонити	1	-
3170	отъдаꙗти	3	-
3173	отъдесѧтьствовати	6	-
3174	отъдоити	1	-
3176	отъдыхати	7	-
3177	отъдѣлити	1	-
3179	отълагати	7	-
3180	отълѫчати	7	-
3182	отълѫчити	1	-
3184	отъложити	1	-
3189	отъмывати	7	-
3191	отъмьстити	1	-
3192	отъмьщати	7	-
3194	отъмѣтати	7	-
3195	отънемощи	4c	отънемог
3196	отъносити	1	-
3197	отъпадати	7	-
3199	отъпасти	4c	отъпад
3200	отъплатити	1	-
3202	отъпустити	1	-
3203	отъпущати	7	-
3205	отъраждати	7	-
3207	отърадити	1	-
3212	отъривати	7	-
3213	отъригати	7	-
3214	отъригнѫти	5	-
3215	отъринѫти	5	-
3216	отърицати	3	-
3219	отърѣꙗти	3	-
3220	отърѣзати	3	-
3221	отърѣзовати	6	-
3222	отъскочити	1	-
3223	остѫпити	1	-
3224	отъстропити	1	-
3225	отъсылати	7	-
3226	отъсѣкати	7	-
3227	отъсѣкнѫти	5	-
3229	отъсѣщи	4c	отъсѣк
3231	отътръгнѫти	5	-
3233	отътрѧсати	7	-
3234	отътрѧсти	4c	отътрѧс
3235	охулити	1	-
3239	оцѣждати	7	-
3240	оцѣпати	7	-
3241	оцѣпѣнѣвати	7	-
3242	оцѣпѣнѣти	7	-
3243	оцѣстити	1	-
3244	оцѣщати	7	-
3247	очистити	1	-
3248	очищати	7	-
3250	очрьвити	1	-
3251	очрьнѣти	7	-
3254	ощутити	1	-
3255	пл҄инѫти	5	-
3259	пл҄юнѫти	5	-
3266	падати	7	-
3274	палити	1	-
3284	парити	1	-
3288	пасти	4c	пад
3289	пасти	4c	пас
3296	печалити	1	-
3297	печаловати	6	-
3301	печатьлѣти	7	-
3317	пискати	3	-
3320	питати	7	-
3325	питѣти	7	-
3332	плавати	7	-
3334	плакати	3	-
3347	плескати	3	-
3350	плести	4c	плет
3352	плищевати	6	-
3354	плодити	1	-
3368	плъчити	1	-
3371	пльзѣти	2	-
3373	плѣн҄ꙗти	7	-
3379	плѣнити	1	-
3385	плѧсати	3	-
3387	поꙗдати	7	-
3388	поꙗсати	3	-
3395	побесѣдовати	6	-
3396	побивати	7	-
3398	поболѣти	2	-
3399	поборити	1	-
3401	побъдѣти	2	-
3403	побѣждати	7	-
3405	побѣгати	7	-
3406	побѣгнѫти	5	-
3409	побѣдити	1	-
3413	поваждати	7	-
3414	повадити	1	-
3415	повапьнити	1	-
3416	повелѣвати	7	-
3418	повелѣти	2	-
3419	повести	4c	повед
3420	повиꙗти	7	-
3421	повивати	7	-
3422	повиновати	6	-
3429	повъпрашати	7	-
3430	повъслѣдовати	6	-
3432	повѣдати	7	-
3433	повѣдовати	6	-
3436	повѣсити	1	-
3439	поган҄ꙗти	7	-
3444	погасити	1	-
3445	погладити	1	-
3446	поглумити	1	-
3447	поглътити	1	-
3448	поглъщати	7	-
3449	погнести	4c	погнет
3450	погнѣвати	7	-
3451	погонити	1	-
3454	погрети	4c	погреб
3455	погрибати	7	-
3456	погрѫжати	7	-
3458	погрѫзити	1	-
3460	погрѣбати	7	-
3462	погрѣшити	1	-
3463	погрѧзнѫти	5	-
3464	погубл҄ꙗти	7	-
3466	погубити	1	-
3468	погыбати	7	-
3472	подаꙗти	3	-
3473	подар҄ꙗти	7	-
3474	подавл҄ꙗти	7	-
3475	подавати	7	-
3476	подавити	1	-
3479	подивити	1	-
3482	подобати	7	-
3484	подобити	1	-
3490	подражати	7	-
3493	подражити	1	-
3495	подрѫжити	1	-
3499	подрьжати	2	-
3504	подъдрьжати	2	-
3509	поръпътати	3	-
3510	порьвьновати	6	-
3511	порѣꙗти	3	-
3513	посаждати	7	-
3514	посагати	7	-
3515	посагнѫти	5	-
3516	посадити	1	-
3518	посѫдити	1	-
3519	поскръбѣти	2	-
3520	поскрьжьтати	3	-
3522	послужити	1	-
3523	послуховати	6	-
3526	послушати	7	-
3530	послушьствовати	6	-
3531	послѣдовати	6	-
3534	подъклонити	1	-
3535	подъкопавати	7	-
3536	подъкопати	7	-
3537	подълагати	7	-
3538	подъложити	1	-
3543	подъпадати	7	-
3544	подъпалити	1	-
3547	подъсыпати	3	-
3549	пожагати	7	-
3550	пожалити	1	-
3558	позавидѣти	2	-
3560	позлатити	1	-
3561	познавати	7	-
3563	познати	4v	-
3564	позобати	3	-
3567	позоровати	6	-
3572	позывати	7	-
3573	позьрѣти	2	-
3575	поимовати	6	-
3577	поити	1	-
3583	покаꙗти	3	-
3584	покал҄ꙗти	7	-
3585	покар҄ꙗти	7	-
3586	покадити	1	-
3588	показати	3	-
3589	показовати	6	-
3590	покѫпати	3	-
3592	поклан҄ꙗти	7	-
3594	поклонити	1	-
3601	покоити	1	-
3603	покорити	1	-
3607	покропити	1	-
3608	покрывати	7	-
3610	покусити	1	-
3611	покушати	7	-
3613	покывати	7	-
3616	полагати	7	-
3618	полетѣти	2	-
3620	поливати	7	-
3621	полизати	3	-
3623	положити	1	-
3627	получити	1	-
3630	польѕевати	6	-
3633	полѣти	2	-
3635	помаꙗти	3	-
3636	помавати	7	-
3637	помагати	7	-
3640	помазати	3	-
3641	поманѫти	5	-
3642	помести	4c	помет
3644	помиѕати	7	-
3645	помиловати	6	-
3646	поминати	7	-
3647	помльчати	2	-
3649	помолити	1	-
3651	помощи	4c	помог
3656	помрачити	1	-
3657	помръзнѫти	5	-
3658	помръкнѫти	5	-
3659	помрьцати	7	-
3660	помѫдити	1	-
3661	помыслити	1	-
3664	помышл҄ꙗти	7	-
3666	помьнѣти	2	-
3667	помѣжити	1	-
3668	помѣтати	7	-
3669	помѧнѫти	5	-
3672	понести	4c	понес
3673	поникнѫти	5	-
3675	поновити	1	-
3676	поносити	1	-
3679	понѫждати	7	-
3680	понѫдити	1	-
3681	попал҄ꙗти	7	-
3682	попалити	1	-
3686	попирати	7	-
3687	попльзнѫти	5	-
3688	поплѣнити	1	-
3689	попустити	1	-
3690	попущати	7	-
3693	попытати	7	-
3698	пораждати	7	-
3699	поработати	7	-
3700	поработити	1	-
3701	порабощати	7	-
3702	порадовати	6	-
3703	поразити	1	-
3704	поразумѣти	7	-
3705	порасти	4c	пораст
3707	поривати	7	-
3709	порѫгати	7	-
3710	порѫтити	1	-
3711	порѫчати	7	-
3712	порѫчити	1	-
3716	породити	1	-
3720	послѣдьствовати	6	-
3723	пособовати	6	-
3725	поспѣти	4v	-
3726	поспѣховати	6	-
3728	поспѣшати	7	-
3730	поспѣшити	1	-
3732	поспѣшьствовати	6	-
3733	посрамл҄ꙗти	7	-
3734	посрамити	1	-
3736	поставл҄ꙗти	7	-
3738	поставити	1	-
3740	постигнѫти	5	-
3742	постилати	7	-
3743	постити	1	-
3745	постоꙗти	2	-
3747	пострадати	3	-
3749	пострашити	1	-
3750	постриѕати	7	-
3751	постригати	7	-
3753	пострѣкати	3	-
3756	постыдѣти	2	-
3762	посълати	3	-
3764	посылати	7	-
3765	посыпати	3	-
3766	посьребрити	1	-
3767	посѣдѣти	2	-
3768	посѣкати	7	-
3769	посѣнити	1	-
3771	посѣтити	1	-
3772	посѣтовати	6	-
3773	посѣщати	7	-
3775	посѣщи	4c	посѣк
3776	посѧгнѫти	5	-
3777	потаити	1	-
3778	потапл҄ꙗти	7	-
3779	потворити	1	-
3781	потити	1	-
3783	потопити	1	-
3788	потрудити	1	-
3789	потръгнѫти	5	-
3791	потрьпѣти	2	-
3792	потрѣбл҄ꙗти	7	-
3794	потрѣбити	1	-
3797	потрѧсати	7	-
3798	потрѧсти	4c	потрѧс
3800	потъкнѫти	5	-
3803	потъщати	2	-
3804	потыкати	7	-
3807	потѣщити	1	-
3808	поубожати	7	-
3810	поумити	1	-
3811	поустити	1	-
3814	поучати	7	-
3816	поучити	1	-
3818	поущати	7	-
3820	похвал҄ꙗти	7	-
3823	похвалити	1	-
3825	похватити	1	-
3826	похѫпити	1	-
3828	походити	1	-
3833	похул҄ꙗти	7	-
3835	похулити	1	-
3836	похытати	7	-
3837	прикасати	7	-
3838	прикладати	7	-
3840	приклонити	1	-
3841	прикоснѫти	5	-
3844	прикрывати	7	-
3846	прикупл҄ꙗти	7	-
3848	прилагати	7	-
3850	прилежати	2	-
3854	приложити	1	-
3855	похытити	1	-
3856	почивати	7	-
3859	почитати	7	-
3860	почити	4v	-
3865	почудити	1	-
3866	почути	4v	-
3869	пощѧдѣти	2	-
3873	правити	1	-
3886	праздьновати	6	-
3890	праздьньствовати	6	-
3896	пращати	7	-
3900	приꙗти	7	-
3903	прил҄юбити	1	-
3908	приближати	7	-
3909	приближити	1	-
3910	прибывати	7	-
3915	прибѣгати	7	-
3916	прибѣгнѫти	5	-
3917	прибѣжати	2	-
3919	привалити	1	-
3920	привеслати	7	-
3921	привести	4c	привез
3922	привести	4c	привед
3924	привитати	7	-
3925	привлачити	1	-
3927	приводити	1	-
3929	привъпивати	7	-
3932	привѧзати	3	-
3933	пригваждати	7	-
3935	пригвоздити	1	-
3936	пригласити	1	-
3937	приглашати	7	-
3938	пригонити	1	-
3939	приготовати	7	-
3940	приготовити	1	-
3942	придаꙗти	3	-
3943	придавати	7	-
3945	придѣꙗти	3	-
3946	придѣлати	7	-
3948	прижагати	7	-
3949	прижиѕати	7	-
3952	призирати	7	-
3957	призывати	7	-
3958	призьрѣти	2	-
3964	прикл҄ючити	1	-
3965	приломити	1	-
3967	прильпѣти	2	-
3968	прилѣпл҄ꙗти	7	-
3969	прилѣпити	1	-
3972	примирити	1	-
3975	примыслити	1	-
3976	примышл҄ꙗти	7	-
3978	примѣнити	1	-
3979	примѣсити	1	-
3980	примѣтати	7	-
3981	примѣшати	7	-
3983	принести	4c	принес
3984	приникнѫти	5	-
3985	приносити	1	-
3988	принѫждати	7	-
3989	принѫдити	1	-
3991	приобрѣтати	7	-
3995	приобьщавати	7	-
3996	приобьщати	7	-
3997	приобьщити	1	-
3998	припадати	7	-
3999	припасти	4c	припад
4001	приплести	4c	приплет
4002	приплодити	1	-
4003	приподобити	1	-
4004	припрѧщи	4c	припрѧг
4005	припѣвати	7	-
4007	приразити	1	-
4008	приристати	3	-
4011	присвоиствити	1	-
4012	присвѧнѫти	5	-
4013	приселити	1	-
4014	присѫдити	1	-
4015	прискочити	1	-
4019	приспѣти	4v	-
4020	приставл҄ꙗти	7	-
4022	приставити	1	-
4027	пристѫпати	7	-
4028	пристѫпити	1	-
4030	пристроити	1	-
4031	присъвъкупити	1	-
4032	присѣдѣти	2	-
4033	присѣтити	1	-
4036	присѧгнѫти	5	-
4038	присѧщи	4c	присѧг
4039	притвар҄ꙗти	7	-
4040	притворити	1	-
4043	притѫжати	7	-
4047	притѣкати	7	-
4049	притѧжати	2	-
4050	прихаждати	7	-
4052	приходити	1	-
4054	причаꙗти	3	-
4055	причетати	7	-
4056	причинити	1	-
4058	причитати	7	-
4061	причѧстити	1	-
4065	причѧщати	7	-
4069	пришьльствовати	6	-
4074	прѫжати	7	-
4076	пробавити	1	-
4078	проблѫдити	1	-
4079	пробости	4c	пробод
4081	пробѣгнѫти	5	-
4082	проваждати	7	-
4083	провести	4c	провед
4084	проводити	1	-
4086	провъстрѫбити	1	-
4087	провѣꙗти	3	-
4088	провѣщати	7	-
4089	проган҄ꙗти	7	-
4090	проглаголати	3	-
4091	прогласити	1	-
4093	прогнѣвати	7	-
4095	прогонити	1	-
4097	продаꙗти	3	-
4100	продльжати	7	-
4102	продльжити	1	-
4103	продьлити	1	-
4104	прозирати	7	-
4108	прозьрѣти	2	-
4109	прозѧбати	7	-
4112	проказити	1	-
4113	проказьлѣти	7	-
4114	проклинати	7	-
4116	прокопати	7	-
4117	прокуждати	7	-
4123	проливати	7	-
4125	промъкнѫти	5	-
4126	промыслити	1	-
4130	пронести	4c	пронес
4131	проносити	1	-
4136	проньзнѫти	5	-
4137	просыпати	3	-
4138	просѣꙗти	3	-
4139	просѣкати	7	-
4140	протвар҄ꙗти	7	-
4141	протесати	3	-
4142	противл҄ꙗти	7	-
4144	противити	1	-
4150	протлъковати	6	-
4151	протръгнѫти	5	-
4154	прообразити	1	-
4158	пропинати	7	-
4159	проплакати	3	-
4162	проповѣдати	7	-
4163	проповѣдовати	6	-
4169	проразити	1	-
4170	проразумѣвати	7	-
4171	прорастити	1	-
4175	прорицати	3	-
4181	пророчьствовати	6	-
4182	просадити	1	-
4183	просвьтѣти	2	-
4184	просвѣтити	1	-
4185	просвѣщати	7	-
4187	просиꙗти	7	-
4189	просити	1	-
4191	прославл҄ꙗти	7	-
4192	прославити	1	-
4194	прослышати	2	-
4195	просльзити	1	-
4197	просмраждати	7	-
4198	простити	1	-
4201	пространити	1	-
4207	протѧгнѫти	5	-
4210	проучати	7	-
4212	прохладити	1	-
4214	проходити	1	-
4216	процвитати	7	-
4219	прошибати	7	-
4234	прѣбивати	7	-
4240	прѣбывати	7	-
4243	прѣвести	4c	прѣвед
4244	прѣвести	4c	прѣвез
4245	прѣвитати	7	-
4247	прѣвратити	1	-
4248	прѣвращати	7	-
4249	прѣврѣдити	1	-
4250	прѣвъзвьрѣти	2	-
4252	прѣвъзнести	4c	прѣвъзнес
4253	прѣвъзносити	1	-
4255	прѣвъсходити	1	-
4261	прѣградити	1	-
4263	прѣгрѣшити	1	-
4265	прѣгыбати	7	-
4267	прѣдаꙗти	3	-
4275	прѣдолѣвати	7	-
4277	прѣдолѣти	7	-
4279	прѣдрьжати	2	-
4281	прѣдъвар҄ꙗти	7	-
4282	прѣдъварити	1	-
4283	прѣдъвести	4c	прѣдъвед
4286	прѣдъизводити	1	-
4288	прѣдълагати	7	-
4289	прѣдълежати	2	-
4291	прѣдъложити	1	-
4293	прѣдъпоказати	3	-
4294	прѣдъполагати	7	-
4295	прѣдъпоставити	1	-
4296	прѣдъпосълати	3	-
4299	прѣдъставити	1	-
4301	прѣдъстоꙗти	2	-
4307	прѣдъходити	1	-
4310	прѣдѣꙗти	3	-
4313	прѣжасати	7	-
4317	прѣзьрѣти	2	-
4318	прѣизнурити	1	-
4323	прѣклан҄ꙗти	7	-
4326	прѣклонити	1	-
4327	прѣкратити	1	-
4328	прѣкръмити	1	-
4329	прѣкрьстити	1	-
4330	прѣкрьщати	7	-
4331	прѣкутити	1	-
4332	прѣлагати	7	-
4333	прѣлазити	1	-
4334	прѣламати	7	-
4336	прѣливати	7	-
4338	прѣлищати	7	-
4342	прѣложити	1	-
4344	прѣломити	1	-
4345	прѣльстити	1	-
4348	прѣльщати	7	-
4351	прѣлѣсти	4c	прѣлѣз
4354	прѣминѫти	5	-
4355	прѣминовати	6	-
4356	прѣмѫждр҄ꙗти	7	-
4360	прѣмлькнѫти	5	-
4361	прѣмльчати	2	-
4362	прѣмощи	4c	прѣмог
4364	прѣмѫдити	1	-
4368	прѣмѣн҄ꙗти	7	-
4370	прѣмѣнити	1	-
4371	прѣмѣновати	6	-
4373	прѣмѣрити	1	-
4375	прѣнемагати	7	-
4376	прѣнемощи	4c	прѣнемог
4377	прѣнести	4c	прѣнес
4379	прѣобидѣти	2	-
4382	прѣобразити	1	-
4383	прѣобразовати	6	-
4384	прѣодолѣти	7	-
4386	прѣпирати	7	-
4387	прѣписати	7	-
4388	прѣпитѣти	7	-
4389	прѣплавати	7	-
4391	прѣпоꙗсати	3	-
4394	прѣпокоити	1	-
4396	прѣполовити	1	-
4400	прѣпроваждати	7	-
4401	прѣпроводити	1	-
4404	прѣпьрѣти	2	-
4409	прѣрѣзати	3	-
4412	прѣрѣкати	7	-
4416	прѣселити	1	-
4418	прѣсѫчити	1	-
4420	прѣскочити	1	-
4424	прѣслушати	7	-
4425	прѣспѣвати	7	-
4426	прѣспѣти	4v	-
4427	прѣстаꙗти	3	-
4428	прѣставл҄ꙗти	7	-
4430	прѣставити	1	-
4431	прѣстарѣти	7	-
4434	прѣстѫпати	7	-
4435	прѣстѫпити	1	-
4439	прѣстоꙗти	2	-
4441	прѣстрадати	3	-
4442	прѣсѣдѣти	2	-
4443	прѣсѣщи	4c	прѣсѣк
4444	прѣсѧгнѫти	5	-
4445	прѣтвар҄ꙗти	7	-
4446	прѣтворити	1	-
4448	прѣтирати	7	-
4449	прѣтити	1	-
4450	прѣтръгнѫти	5	-
4453	прѣтрьпѣти	2	-
4456	прѣтъкнѫти	5	-
4458	прѣтыкати	7	-
4460	прѣтѣкати	7	-
4461	прѣхаждати	7	-
4462	прѣхвалити	1	-
4464	прѣходити	1	-
4471	прѧсти	4c	прѧд
4472	прѧтати	7	-
4473	пустити	1	-
4482	пущати	7	-
4485	пъвати	7	-
4491	пытати	7	-
4495	пьрѣти	2	-
4511	пѣнити	1	-
4528	раждати	7	-
4532	раждиѕати	7	-
4537	работати	7	-
4544	радити	1	-
4546	радовати	6	-
4551	разар҄ꙗти	7	-
4552	разбивати	7	-
4554	разбогатѣти	7	-
4560	разболѣти	2	-
4561	разботѣти	7	-
4562	разбѣгнѫти	5	-
4563	разварити	1	-
4564	развлачити	1	-
4565	разводити	1	-
4566	развратити	1	-
4567	развращати	7	-
4569	разврьзати	7	-
4573	разгарати	7	-
4574	разгнѣвати	7	-
4575	разгнѣвити	1	-
4576	разгорѣти	2	-
4578	разграбити	1	-
4579	разгръдѣти	7	-
4581	раздаꙗти	3	-
4582	раздавати	7	-
4584	раздирати	7	-
4586	раздражати	7	-
4587	раздражити	1	-
4588	раздразити	1	-
4589	раздробити	1	-
4590	раздрушати	7	-
4592	раздрушити	1	-
4593	раздрѣшати	7	-
4595	раздрѣшити	1	-
4597	раздѣл҄ꙗти	7	-
4599	раздѣлити	1	-
4605	разлѫчати	7	-
4607	разлѫчити	1	-
4608	разломити	1	-
4609	разлѣнити	1	-
4611	размыслити	1	-
4612	размышл҄ꙗти	7	-
4614	размѣрити	1	-
4615	размѣсити	1	-
4617	разорити	1	-
4623	разумѣвати	7	-
4625	разумѣти	7	-
4628	разьньствити	1	-
4630	разьньствовати	6	-
4637	расѫждати	7	-
4639	расѫдити	1	-
4640	раскаꙗти	3	-
4641	расказити	1	-
4644	раскопавати	7	-
4645	раскопати	7	-
4646	раскривити	1	-
4647	раскрьстити	1	-
4648	раслабити	1	-
4649	раслабѣти	7	-
4651	распадати	7	-
4654	распасти	4c	разпад
4655	распинати	7	-
4656	распѫдити	1	-
4659	распрашити	1	-
4661	распрѧщи	4c	разпрѧг
4662	распустити	1	-
4670	растаꙗти	3	-
4671	растачати	7	-
4672	раствар҄ꙗти	7	-
4675	расти	4c	раст
4676	растити	1	-
4677	растѫпити	1	-
4678	растоꙗти	2	-
4679	растопити	1	-
4680	расточити	1	-
4681	растрошити	1	-
4682	растръгати	7	-
4683	растръгнѫти	5	-
4687	растьлѣти	7	-
4688	расходити	1	-
4689	расхытити	1	-
4690	расхыщати	7	-
4691	расъматр҄ꙗти	7	-
4692	расъмотрити	1	-
4693	расыпати	3	-
4695	расѣꙗти	3	-
4696	расѣдати	7	-
4697	расѣщи	4c	разсѣк
4703	рачити	1	-
4704	рашир҄ꙗти	7	-
4705	раширити	1	-
4710	ретити	1	-
4713	ривати	7	-
4717	рикати	7	-
4718	ринѫти	5	-
4719	ристати	3	-
4720	рѫгати	7	-
4739	родити	1	-
4748	росити	1	-
4749	ротити	1	-
4754	рушити	1	-
4758	ръзати	3	-
4760	ръпътати	3	-
4767	рыдати	7	-
4773	рьвьновати	6	-
4782	сѫдити	1	-
4790	рѣꙗти	3	-
4792	рѣзати	3	-
4798	рѣчьновати	6	-
4800	рѣшити	1	-
4802	садити	1	-
4812	сверѣповати	6	-
4817	свирати	7	-
4821	свитати	7	-
4822	свобаждати	7	-
4826	свободити	1	-
4832	свьтѣти	2	-
4836	свѣтити	1	-
4850	свѧтити	1	-
4857	свѧщати	7	-
4868	селити	1	-
4875	сиꙗти	7	-
4883	сѫмьнѣти	2	-
4886	сѫпротивити	1	-
4897	скакати	3	-
4903	скврьнити	1	-
4914	скѫдѣти	7	-
4916	склабити	1	-
4918	скопити	1	-
4926	скочити	1	-
4930	скръбити	1	-
4933	скръбѣти	2	-
4935	скрьжьтати	3	-
4942	славити	1	-
4957	слуговати	6	-
4961	служити	1	-
4967	слушати	7	-
4971	слышати	2	-
4973	сльзити	1	-
4976	слѣдити	1	-
4992	смръдѣти	2	-
4993	смикати	7	-
4997	совати	7	-
5008	спѣти	4v	-
5011	спѣшити	1	-
5013	срамл҄ꙗти	7	-
5014	срамити	1	-
5025	стаꙗти	3	-
5026	ставл҄ꙗти	7	-
5029	ставити	1	-
5041	старѣишиньствовати	6	-
5046	стенати	3	-
5050	стѫпати	7	-
5051	стѫпити	1	-
5055	стоꙗти	2	-
5059	страдати	3	-
5074	страшити	1	-
5081	строити	1	-
5091	стрѣл҄ꙗти	7	-
5093	стрѣкати	3	-
5096	стрѣщи	4c	стрѣг
5107	стыдѣти	2	-
5120	съпасти	4c	съпас
5121	съпасти	4c	съпад
5126	съписати	7	-
5127	сугубити	1	-
5138	сушити	1	-
5139	събл҄юдати	7	-
5141	събл҄юсти	4c	събл҄уд
5144	събирати	7	-
5146	съблажн҄ꙗти	7	-
5147	съблазнити	1	-
5150	съблѫдити	1	-
5154	събости	4c	събод
5155	събрысати	7	-
5156	събывати	7	-
5162	съвести	4c	съвед
5163	съвивати	7	-
5167	съвласти	4c	съвлад
5168	съвлачити	1	-
5171	съвратити	1	-
5172	съвращати	7	-
5173	съврьшати	7	-
5176	съврьшити	1	-
5178	съвъздвигнѫти	5	-
5180	съвъкупл҄ꙗти	7	-
5182	съвъкупити	1	-
5184	съвъпрашати	7	-
5185	съвъскрьснѫти	5	-
5186	съвъставити	1	-
5187	съвъсхытити	1	-
5189	съвьрѣти	2	-
5195	съвѣдѣтел҄ьствовати	6	-
5197	съвѣсити	1	-
5198	съвѣстовати	6	-
5201	съвѣстьствовати	6	-
5202	съвѣтовати	6	-
5205	съвѣщавати	7	-
5206	съвѣщати	7	-
5207	съвѧзати	3	-
5208	съвѧзовати	6	-
5210	съгарати	7	-
5211	съглаголати	3	-
5213	съглѧдати	7	-
5215	съгнѣвати	7	-
5216	съгонити	1	-
5217	съгорѣти	2	-
5218	съготовати	7	-
5219	съготовити	1	-
5220	съгръждати	7	-
5221	съгрѣвати	7	-
5222	съгрѣзити	1	-
5223	съгрѣти	4v	-
5224	съгрѣшати	7	-
5226	съгрѣшити	1	-
5227	съдолѣти	7	-
5230	съдробити	1	-
5231	съдружити	1	-
5232	съдрьжати	2	-
5235	съдѣꙗти	3	-
5236	съдѣвати	7	-
5238	съдѣиствовати	6	-
5240	съдѣлати	7	-
5243	съжагати	7	-
5244	съжалити	1	-
5247	съжиѕати	7	-
5248	съжимати	7	-
5250	съзидати	7	-
5251	съзирати	7	-
5252	съзорити	1	-
5255	съзывати	7	-
5259	съзьрѣти	7	-
5260	съизвѣстовати	6	-
5261	съкл҄ючити	1	-
5264	съказати	3	-
5265	съказовати	6	-
5266	съкѫтати	7	-
5267	съклѣстити	1	-
5268	съклѣщати	7	-
5269	съконьчавати	7	-
5271	съконьчати	7	-
5272	съкратити	1	-
5276	съкрушати	7	-
5278	съкрушити	1	-
5279	съкрывати	7	-
5282	съкупити	1	-
5283	съкыдати	7	-
5284	сълагати	7	-
5285	сълазити	1	-
5287	съламл҄ꙗти	7	-
5288	сълати	3	-
5289	сълежати	2	-
5291	съликъствовати	6	-
5296	съложити	1	-
5297	съломити	1	-
5299	сълучати	7	-
5300	сълучити	1	-
5302	сълъгати	3	-
5303	сълѣсти	4c	сълѣз
5304	сълѧцати	3	-
5305	сълѧщи	4c	сълѧк
5306	съматр҄ꙗти	7	-
5307	съмести	4c	съмет
5308	съмир҄ꙗти	7	-
5310	съмилити	1	-
5311	съмирити	1	-
5312	съмѫтити	1	-
5314	съмѫщати	7	-
5317	съмотр҄ꙗти	7	-
5319	съмотрити	1	-
5322	съмръзнѫти	5	-
5325	съмыслити	1	-
5328	съмышл҄ꙗти	7	-
5329	съмѣр҄ꙗти	7	-
5331	съмѣжати	7	-
5332	съмѣжити	1	-
5333	съмѣрити	1	-
5335	съмѣсити	1	-
5336	съмѣти	4v	-
5337	съмѣшати	7	-
5339	съмѧсти	4c	съмѧт
5341	сънабъдѣти	2	-
5342	сънести	4c	сънес
5344	сънимати	7	-
5348	сънорити	1	-
5354	сънѣдати	7	-
5363	съпадати	7	-
5365	съпасати	7	-
5373	съплескати	3	-
5374	съплести	4c	съплет
5376	съплитати	7	-
5377	съплѣтати	7	-
5380	съповѣдати	7	-
5381	съповѣдовати	6	-
5383	съподобл҄ꙗти	7	-
5385	съподобити	1	-
5391	твар҄ꙗти	7	-
5395	творити	1	-
5407	тесати	3	-
5408	тети	4c	теп
5424	тишити	1	-
5427	тѫжити	1	-
5434	тлькнѫти	5	-
5436	съпомагати	7	-
5438	съпраздьньствовати	6	-
5441	съпрѣбывати	7	-
5443	съпрѧтати	7	-
5444	съпустити	1	-
5446	съпьрѣти	2	-
5450	сърадовати	6	-
5452	съринѫти	5	-
5453	съристати	3	-
5454	сърицати	3	-
5457	сърѣтати	7	-
5461	съсѫдити	1	-
5463	съсѫмьнѣти	2	-
5465	съставл҄ꙗти	7	-
5467	съставити	1	-
5470	състарѣти	7	-
5471	състѫпити	1	-
5473	състоꙗти	2	-
5475	състроити	1	-
5476	състрѣл҄ꙗти	7	-
5478	съсъхнѫти	5	-
5480	съсѣдати	7	-
5481	съсѣкати	7	-
5482	съсѣщи	4c	съсѣк
5483	сътвар҄ꙗти	7	-
5485	сътворити	1	-
5486	сътврьдити	1	-
5488	сътискати	7	-
5490	сътѫжати	7	-
5492	сътѫжити	1	-
5497	сътрьпѣти	2	-
5499	сътрѣбити	1	-
5500	сътрѧсати	7	-
5501	сътрѧсти	4c	сътрѧс
5506	сътѧѕати	7	-
5507	сътѧгнѫти	5	-
5509	сътѧжати	2	-
5510	съхнѫти	5	-
5512	съходити	1	-
5514	съхран҄ꙗти	7	-
5516	съхранити	1	-
5518	съцѣнити	1	-
5520	съчетати	7	-
5522	съчинити	1	-
5539	сѣꙗти	3	-
5544	сѣдати	7	-
5551	сѣдѣти	2	-
5557	сѣти	4v	-
5560	сѣтовати	6	-
5567	сѣщи	4c	сѣк
5569	таꙗти	3	-
5575	таити	1	-
5584	томити	1	-
5589	точити	1	-
5590	травити	1	-
5591	тратати	3	-
5592	трепетати	3	-
5601	трѫбити	1	-
5612	трошити	1	-
5614	труждати	7	-
5615	трудити	1	-
5633	трьпѣти	2	-
5640	трѣбовати	6	-
5646	трѣзвити	1	-
5650	трѧсти	4c	трѧс
5659	тъкнѫти	5	-
5664	тъщати	2	-
5678	тьлити	1	-
5682	тьлѣти	7	-
5694	тѣшити	1	-
5695	тѣщити	1	-
5696	тѧгнѫти	5	-
5706	уꙗзвити	1	-
5709	уѩдрити	1	-
5711	убаловати	6	-
5712	убиꙗти	7	-
5715	убивати	7	-
5722	ублажити	1	-
5723	убоꙗти	2	-
5731	убудити	1	-
5732	убѣгнѫти	5	-
5733	убѣдити	1	-
5735	убѣжати	2	-
5738	убѣлити	1	-
5739	увращати	7	-
5743	увѣрити	1	-
5744	увѣровати	6	-
5747	увѣщавати	7	-
5749	увѣщати	7	-
5750	увѧждати	7	-
5751	увѧдати	7	-
5752	увѧзати	3	-
5753	увѧнѫти	5	-
5754	увѧсти	4c	увѧз
5755	угаждати	7	-
5756	угасати	7	-
5757	угасити	1	-
5758	угаснѫти	5	-
5760	углѫбити	1	-
5761	угнѣздити	1	-
5762	угнѣтати	7	-
5764	угобьѕити	1	-
5766	угодити	1	-
5770	уготовати	7	-
5771	уготовити	1	-
5772	удал҄ꙗти	7	-
5777	удавити	1	-
5778	удалити	1	-
5779	ударити	1	-
5780	удвар҄ꙗти	7	-
5782	удебелѣти	7	-
5783	удивити	1	-
5784	удобл҄ꙗти	7	-
5787	удолѣти	7	-
5789	удрѫчити	1	-
5792	удрьжати	2	-
5795	хапати	3	-
5798	хвалити	1	-
5800	хватати	7	-
5807	хлѫпати	7	-
5815	ужасати	7	-
5817	ужасити	1	-
5818	ужаснѫти	5	-
5826	узълобити	1	-
5827	узьрѣти	2	-
5829	уистити	1	-
5831	укар҄ꙗти	7	-
5833	указати	3	-
5835	уклан҄ꙗти	7	-
5836	уклонити	1	-
5838	укоренити	1	-
5841	укорити	1	-
5844	украсити	1	-
5845	украсти	4c	украд
5846	украшати	7	-
5850	укротити	1	-
5851	укротѣти	7	-
5854	укрѣпл҄ꙗти	7	-
5855	укрѣпити	1	-
5856	укрѣпѣти	7	-
5857	улавл҄ꙗти	7	-
5859	улѫчити	1	-
5861	уловити	1	-
5862	улучити	1	-
5863	ульстити	1	-
5864	умал҄ꙗти	7	-
5866	умар҄ꙗти	7	-
5867	умалити	1	-
5868	умастити	1	-
5870	умилити	1	-
5871	умирати	7	-
5872	умѫдр҄ꙗти	7	-
5873	умѫдрити	1	-
5874	умѫчити	1	-
5875	умлькнѫти	5	-
5876	умльчати	2	-
5877	умолити	1	-
5878	уморити	1	-
5879	умочити	1	-
5881	умрьтвити	1	-
5882	умрьтвѣти	7	-
5884	умрьщвл҄ꙗти	7	-
5887	умѫдити	1	-
5889	умъножати	7	-
5891	умъножити	1	-
5894	умывати	7	-
5895	умыслити	1	-
5899	умьн҄ити	1	-
5901	умѣсити	1	-
5902	умѣти	7	-
5903	умѧкнѫти	5	-
5904	умѧчити	1	-
5905	ун҄ити	1	-
5906	уничьжати	7	-
5908	уничьжити	1	-
5910	унывати	7	-
5912	уныти	4v	-
5913	уньзнѫти	5	-
5914	уобидѣти	2	-
5915	уобразити	1	-
5916	уорѫжити	1	-
5917	упаꙗти	7	-
5918	упасти	4c	упас
5919	упасти	4c	упад
5920	упепелити	1	-
5921	упивати	7	-
5924	упитѣти	7	-
5925	уплъчити	1	-
5926	уподобити	1	-
5927	упоити	1	-
5928	управл҄ꙗти	7	-
5930	управити	1	-
5932	упразнити	1	-
5933	упустити	1	-
5934	упущати	7	-
5936	упъвати	7	-
5937	уравьнити	1	-
5939	уривати	7	-
5940	урицати	3	-
5943	урѣзати	3	-
5944	урѣшити	1	-
5946	усѫждати	7	-
5947	усѫдити	1	-
5948	усѫмьнѣти	2	-
5949	услаждати	7	-
5950	услужити	1	-
5952	услышати	2	-
5955	успѣвати	7	-
5956	успѣти	4v	-
5960	усрамл҄ꙗти	7	-
5964	уставл҄ꙗти	7	-
5966	уставити	1	-
5970	устити	1	-
5971	устѫпати	7	-
5972	устѫпити	1	-
5973	устоꙗти	2	-
5974	устраꙗти	7	-
5975	устрабити	1	-
5976	устрашати	7	-
5978	устрашити	1	-
5981	устроити	1	-
5983	устрьмити	1	-
5984	устрѣлити	1	-
5985	устудити	1	-
5986	устыдѣти	2	-
5988	усугубити	1	-
5989	усушити	1	-
5992	усъпити	1	-
5994	усъхнѫти	5	-
5996	усыпати	7	-
5997	усырити	1	-
5998	усѣкнѫти	5	-
6000	усѣщи	4c	усѣк
6001	утаити	1	-
6002	утапати	7	-
6003	утвар҄ꙗти	7	-
6005	утворити	1	-
6006	утврьждати	7	-
6008	утврьдити	1	-
6009	утети	4c	утеп
6010	утискати	7	-
6011	утишити	1	-
6012	утлъстѣти	7	-
6013	утолити	1	-
6014	утомити	1	-
6015	утопити	1	-
6018	утруждати	7	-
6019	утрудити	1	-
6020	утрьн҄ѥвати	6	-
6025	утуждити	1	-
6026	утъкнѫти	5	-
6028	утѣшати	7	-
6030	утѣшити	1	-
6032	утѣщати	7	-
6033	утѧгнѫти	5	-
6034	утѧжити	1	-
6035	утѧжьчити	1	-
6038	ухудѣти	7	-
6039	уцѣсар҄ити	1	-
6046	учинити	1	-
6050	учити	1	-
6051	учути	4v	-
6056	уширити	1	-
6057	ущедрити	1	-
6058	хаждати	7	-
6063	ходатаити	1	-
6064	ходити	1	-
6076	хранити	1	-
6086	хулити	1	-
6112	цѣлити	1	-
6114	цѣловати	6	-
6120	цѣлѣти	7	-
6122	цѣнити	1	-
6123	цѣсар҄ѥвати	6	-
6127	цѣсар҄ити	1	-
6132	цѣсар҄ьствовати	6	-
6133	цѣстити	1	-
6136	чаꙗти	3	-
6145	чесати	3	-
6154	чинити	1	-
6163	чистити	1	-
6174	чрьвити	1	-
6176	чрьмьновати	6	-
6185	чрьтати	7	-
6196	чувьствовати	6	-
6199	прѣчудити	1	-
6201	съгънѫти	5	-
6206	усънѫти	5	-
6207	утопнѫти	5	-
6221	чудити	1	-
6225	чути	4v	-
6228	чьстити	1	-
6245	шибати	7	-
6257	шьпътати	3	-
6259	шьствовати	6	-
6262	шѧтати	7	-
6266	щѧдѣти	2	-
6303	отъщещати	7	-
6304	защищати	7	-
6305	съдолѣвати	7	-
6308	въсхул҄ꙗти	7	-
6309	въсчудити	1	-
6310	высити	1	-
6311	гыбнѫти	5	-
6313	движати	2	-
6314	изгыбнѫти	5	-
6315	истопнѫти	5	-
6316	ичазати	7	-
6318	ичистити	1	-
6320	канѫти	5	-
6321	клицати	7	-
6322	насѣл҄ꙗти	7	-
6323	объходити	1	-
6325	осльпнѫти	5	-
6326	отрѣшати	7	-
6327	отъстоꙗти	2	-
6328	повинѫти	5	-
6329	погыбнѫти	5	-
6331	прозѧбнѫти	5	-
6332	прокудити	1	-
6333	пронырити	1	-
6335	растворити	1	-
6336	растворити	1	-
6337	прѣстран҄ꙗти	7	-
6338	разгънѫти	5	-
6339	распьрѣти	2	-
6340	расцѣпити	1	-
6376	измѣти	4v	-
6391	истѧгнѫти	5	-
6392	уселити	1	-
6394	издрицати	3	-
6396	кликнѫти	5	-
