# Verb letter classes, seeded from Polyakov's legend (tables 7–11) by scripts/legend-adj-verb-pron.py;
# hand-maintained since. Stems: 1 infinitive, 2 present, 3 palatalised imperative, 5–8 the participle stems
# (present active, present passive, past active, past passive), declined as the named adjective class;
# 9 the bare present participle (творѧ), 11 the past active short stem (творив), 12 the long past passive (творенн).
class	exemplar	strip	stems	pres.1.sg	pres.1.du	pres.1.pl	pres.2.sg	pres.2.du	pres.2.pl	pres.3.sg	pres.3.du	pres.3.pl	fut.1.sg	fut.1.du	fut.1.pl	fut.2.sg	fut.2.du	fut.2.pl	fut.3.sg	fut.3.du	fut.3.pl	impf.1.sg	impf.1.du	impf.1.pl	impf.2.sg	impf.2.du	impf.2.pl	impf.3.sg	impf.3.du	impf.3.pl	aor.1.sg	aor.1.du	aor.1.pl	aor.2.sg	aor.2.du	aor.2.pl	aor.3.sg	aor.3.du	aor.3.pl	impv.2.sg	impv.3.sg	impv.1.pl	impv.2.pl	impv.1.du	impv.2.du	inf	lpart.m.sg	lpart.f.sg	lpart.n.sg	lpart.m.du	lpart.f.du	lpart.n.du	lpart.m.pl	lpart.f.pl	lpart.n.pl	part.pres.act.short	part.pres.act.short.m.sg.nom	part.pres.act.long	part.pres.act.long.m.sg.nom	part.pres.pass.short	part.pres.pass.short.m.sg.nom	part.pres.pass.long	part.pres.pass.long.m.sg.nom	part.past.act.short	part.past.act.short.m.sg.nom	part.past.act.long	part.past.act.long.m.sg.nom	part.past.pass.short	part.past.pass.short.m.sg.nom	part.past.pass.long	part.past.pass.long.m.sg.nom	part.pres.act.short.n.sg.nom	part.pres.act.short.n.sg.acc	part.pres.act.short.f.sg.nom	part.past.act.short.f.sg.nom	part.past.act.short.n.sg.nom	part.past.act.short.n.sg.acc	part.pres.act.short.m.sg.acc	part.pres.act.short.m.pl.nom	part.pres.act.short.m.pl.acc	part.pres.act.short.f.pl.nom	part.pres.act.short.f.pl.acc	part.pres.act.short.m.sg.loc	part.pres.act.short.n.sg.loc	part.past.act.short.m.sg.acc	part.past.act.short.m.pl.nom	part.past.act.short.m.pl.acc	part.past.act.short.f.pl.nom	part.past.act.short.f.pl.acc	part.past.act.short.m.sg.loc	part.past.act.short.n.sg.loc	part.pres.act.long.n.sg.nom	part.pres.pass.short.m.sg.acc	part.past.pass.short.m.sg.acc	part.pres.act.long.m.sg.acc	part.past.act.long.m.sg.acc	part.pres.pass.long.m.sg.acc	part.past.pass.long.m.sg.acc	part.past.pass.short.m.pl.gen	part.past.pass.short.m.pl.dat	part.past.pass.short.m.pl.loc	part.past.pass.short.f.pl.gen	part.past.pass.short.f.pl.dat	part.past.pass.short.f.pl.loc	part.past.pass.short.n.pl.gen	part.past.pass.short.n.pl.dat	part.past.pass.short.n.pl.loc	part.past.pass.short.m.sg.ins	part.past.pass.short.n.sg.ins	part.past.pass.short.f.sg.nom	part.past.pass.long.m.sg.loc	part.past.pass.long.n.sg.loc
V21n	творити	3	1=base;2=base;5=ext:ѧщ;6=ext:им;7=ext:ивш;8=ext:ен;9=ext:ѧ;11=ext:ив;12=ext:н:ext:ен	1-ю	1-ива|1-ивѣ	1-имъ	1-иши	1-ита|1-итѣ	1-ите	1-итъ	1-ита|1-итѣ	1-ѧтъ	-	-	-	-	-	-	-	-	-	1-ѧхъ	1-ѧхова|1-ѧховѣ	1-ѧхомъ	1-ѧше	1-ѧста|1-ѧстѣ	1-ѧсте	1-ѧше	1-ѧста|1-ѧстѣ	1-ѧхꙋ	1-ихъ	1-ихова|1-иховѣ	1-ихомъ	1-и	1-иста|1-истѣ	1-исте	1-и	1-иста|1-истѣ	1-иша	1-и	1-и	1-имъ	1-ите	1-ива|1-ивѣ	1-ита|1-итѣ	1-ити	1-илъ	1-ила	1-ило	1-ила	1-или|1-илѣ	1-или|1-илѣ	1-или	1-илы|1-или	1-ила|1-или	5~A1s	9-|5-ъ|5-ь	5~A1s	9-й	6~A1t	6-ъ|6-ь	6~A1t	-	7~A1s	11-ъ|2-ь	7~A1s	11-ый|7-їй	8~A1t	8-ъ	12~A1t	-	9-|5-е	5-е|9-	5-и	7-и	7-е	-	5-а|@part.pres.act.short.m.sg.nom	5-е|5-и	-	-	-	-	-	7-а|@part.past.act.short.m.sg.nom	7-е|7-и	-	-	-	-	-	9-й|5-ее	-	-	5-аго|@part.pres.act.long.m.sg.nom	7-аго|@part.past.act.long.m.sg.nom	6-аго|@part.pres.pass.long.m.sg.nom	12-аго|@part.past.pass.long.m.sg.nom	12-ыхъ^	12-ымъ^	12-ыхъ^	12-ыхъ^	12-ымъ^	12-ыхъ^	12-ыхъ^	12-ымъ^	12-ыхъ^	12-ымъ	12-ымъ	8-а|12-а	12-омъ|12-ѣмъ	12-омъ|12-ѣмъ
V21a	строити	3	1=base;2=base;5=ext:ѧщ;6=ext:им;7=ext:ивш;8=ext:ен;9=ext:ѧ;11=ext:ив;12=ext:н:ext:ен	1-ю	1-ива|1-ивѣ	1-имъ	1-иши	1-ита|1-итѣ	1-ите	1-итъ	1-ита|1-итѣ	1-ѧтъ	-	-	-	-	-	-	-	-	-	1-ѧхъ	1-ѧхова|1-ѧховѣ	1-ѧхомъ	1-ѧше	1-ѧста|1-ѧстѣ	1-ѧсте	1-ѧше	1-ѧста|1-ѧстѣ	1-ѧхꙋ	1-ихъ	1-ихова|1-иховѣ	1-ихомъ	1-и	1-иста|1-истѣ	1-исте	1-и	1-иста|1-истѣ	1-иша	1-й	1-й	1-имъ	1-йте	1-ива|1-ивѣ	1-ита|1-итѣ	1-ити	1-илъ	1-ила	1-ило	1-ила	1-или|1-илѣ	1-или|1-илѣ	1-или	1-илы|1-или	1-ила|1-или	5~A1s	9-|5-ъ|5-ь	5~A1s	9-й	6~A1t	6-ъ|6-ь	6~A1t	-	7~A1s	11-ъ|2-ь	7~A1s	11-ый|7-їй	8~A1t	8-ъ	12~A1t	-	9-|5-е	5-е|9-	5-и	7-и	7-е	-	5-а|@part.pres.act.short.m.sg.nom	5-е|5-и	-	-	-	-	-	7-а|@part.past.act.short.m.sg.nom	7-е|7-и	-	-	-	-	-	9-й|5-ее	-	-	5-аго|@part.pres.act.long.m.sg.nom	7-аго|@part.past.act.long.m.sg.nom	6-аго|@part.pres.pass.long.m.sg.nom	12-аго|@part.past.pass.long.m.sg.nom	12-ыхъ^	12-ымъ^	12-ыхъ^	12-ыхъ^	12-ымъ^	12-ыхъ^	12-ыхъ^	12-ымъ^	12-ыхъ^	12-ымъ	12-ымъ	8-а|12-а	12-омъ|12-ѣмъ	12-омъ|12-ѣмъ
V21s	рѣшити	3	1=base;2=base;5=ext:ащ;6=ext:им;7=ext:ивш;8=ext:ен;9=ext:а;11=ext:ив;12=ext:н:ext:ен	1-ꙋ	1-ива|1-ивѣ	1-имъ	1-иши	1-ита|1-итѣ	1-ите	1-итъ	1-ита|1-итѣ	1-атъ	-	-	-	-	-	-	-	-	-	1-ахъ	1-ахова|1-аховѣ	1-ахомъ	1-аше	1-аста|1-астѣ	1-асте	1-аше	1-аста|1-астѣ	1-ахꙋ	1-ихъ	1-ихова|1-иховѣ	1-ихомъ	1-и	1-иста|1-истѣ	1-исте	1-и	1-иста|1-истѣ	1-иша	1-и	1-и	1-имъ	1-ите	1-ива|1-ивѣ	1-ита|1-итѣ	1-ити	1-илъ	1-ила	1-ило	1-ила	1-или|1-илѣ	1-или|1-илѣ	1-или	1-илы|1-или	1-ила|1-или	5~A1s	9-|5-ъ|5-ь	5~A1s	9-й	6~A1t	6-ъ|6-ь	6~A1t	-	7~A1s	11-ъ|2-ь	7~A1s	11-ый|7-їй	8~A1t	8-ъ	12~A1t	-	9-|5-е	5-е|9-	5-и	7-и	7-е	-	5-а|@part.pres.act.short.m.sg.nom	5-е|5-и	-	-	-	-	-	7-а|@part.past.act.short.m.sg.nom	7-е|7-и	-	-	-	-	-	9-й|5-ее	-	-	5-аго|@part.pres.act.long.m.sg.nom	7-аго|@part.past.act.long.m.sg.nom	6-аго|@part.pres.pass.long.m.sg.nom	12-аго|@part.past.pass.long.m.sg.nom	12-ыхъ^	12-ымъ^	12-ыхъ^	12-ыхъ^	12-ымъ^	12-ыхъ^	12-ыхъ^	12-ымъ^	12-ыхъ^	12-ымъ	12-ымъ	8-а|12-а	12-омъ|12-ѣмъ	12-омъ|12-ѣмъ
V21p	любити	3	1=base;2=iot;5=ext:ѧщ;6=ext:им;7=ext:ивш;8=ext:ен:iot;9=ext:ѧ;11=ext:ив;12=ext:н:ext:ен:iot	2-ю	1-ива|1-ивѣ	1-имъ	1-иши	1-ита|1-итѣ	1-ите	1-итъ	1-ита|1-итѣ	1-ѧтъ	-	-	-	-	-	-	-	-	-	2-ѧхъ	2-ѧхова|2-ѧховѣ	2-ѧхомъ	2-ѧше	2-ѧста|2-ѧстѣ	2-ѧсте	2-ѧше	2-ѧста|2-ѧстѣ	2-ѧхꙋ	1-ихъ	1-ихова|1-иховѣ	1-ихомъ	1-и	1-иста|1-истѣ	1-исте	1-и	1-иста|1-истѣ	1-иша	1-и	1-и	1-имъ	1-ите	1-ива|1-ивѣ	1-ита|1-итѣ	1-ити	1-илъ	1-ила	1-ило	1-ила	1-или|1-илѣ	1-или|1-илѣ	1-или	1-илы|1-или	1-ила|1-или	5~A1s	9-|5-ъ|5-ь	5~A1s	9-й	6~A1t	6-ъ|6-ь	6~A1t	-	7~A1s	11-ъ|2-ь	7~A1s	11-ый|7-їй	8~A1t	8-ъ	12~A1t	-	9-|5-е	5-е|9-	5-и	7-и	7-е	-	5-а|@part.pres.act.short.m.sg.nom	5-е|5-и	-	-	-	-	-	7-а|@part.past.act.short.m.sg.nom	7-е|7-и	-	-	-	-	-	9-й|5-ее	-	-	5-аго|@part.pres.act.long.m.sg.nom	7-аго|@part.past.act.long.m.sg.nom	6-аго|@part.pres.pass.long.m.sg.nom	12-аго|@part.past.pass.long.m.sg.nom	12-ыхъ^	12-ымъ^	12-ыхъ^	12-ыхъ^	12-ымъ^	12-ыхъ^	12-ыхъ^	12-ымъ^	12-ыхъ^	12-ымъ	12-ымъ	8-а|12-а	12-омъ|12-ѣмъ	12-омъ|12-ѣмъ
V21t	родити	3	1=base;2=iot;5=ext:ѧщ;6=ext:им;7=ext:ивш;8=ext:ен:iot;9=ext:ѧ;11=ext:ив;12=ext:н:ext:ен:iot	2-ꙋ	1-ива|1-ивѣ	1-имъ	1-иши	1-ита|1-итѣ	1-ите	1-итъ	1-ита|1-итѣ	1-ѧтъ	-	-	-	-	-	-	-	-	-	2-ахъ	2-ахова|2-аховѣ	2-ахомъ	2-аше	2-аста|2-астѣ	2-асте	2-аше	2-аста|2-астѣ	2-ахꙋ	1-ихъ	1-ихова|1-иховѣ	1-ихомъ	1-и	1-иста|1-истѣ	1-исте	1-и	1-иста|1-истѣ	1-иша	1-и	1-и	1-имъ	1-ите	1-ива|1-ивѣ	1-ита|1-итѣ	1-ити	1-илъ	1-ила	1-ило	1-ила	1-или|1-илѣ	1-или|1-илѣ	1-или	1-илы|1-или	1-ила|1-или	5~A1s	9-|5-ъ|5-ь	5~A1s	9-й	6~A1t	6-ъ|6-ь	6~A1t	-	7~A1s	11-ъ|2-ь	7~A1s	11-ый|7-їй	8~A1t	8-ъ	12~A1t	-	9-|5-е	5-е|9-	5-и	7-и	7-е	-	5-а|@part.pres.act.short.m.sg.nom	5-е|5-и	-	-	-	-	-	7-а|@part.past.act.short.m.sg.nom	7-е|7-и	-	-	-	-	-	9-й|5-ее	-	-	5-аго|@part.pres.act.long.m.sg.nom	7-аго|@part.past.act.long.m.sg.nom	6-аго|@part.pres.pass.long.m.sg.nom	12-аго|@part.past.pass.long.m.sg.nom	12-ыхъ^	12-ымъ^	12-ыхъ^	12-ыхъ^	12-ымъ^	12-ыхъ^	12-ыхъ^	12-ымъ^	12-ыхъ^	12-ымъ	12-ымъ	8-а|12-а	12-омъ|12-ѣмъ	12-омъ|12-ѣмъ
V22n	велѣти	3	1=base;2=base;5=ext:ѧщ;6=ext:им;7=ext:ѣвш;8=ext:ен;9=ext:ѧ;11=ext:ѣв;12=ext:н:ext:ен	1-ю	1-ива|1-ивѣ	1-имъ	1-иши	1-ита|1-итѣ	1-ите	1-итъ	1-ита|1-итѣ	1-ѧтъ	-	-	-	-	-	-	-	-	-	1-ѧхъ	1-ѧхова|1-ѧховѣ	1-ѧхомъ	1-ѧше	1-ѧста|1-ѧстѣ	1-ѧсте	1-ѧше	1-ѧста|1-ѧстѣ	1-ѧхꙋ	1-ѣхъ	1-ѣхова|1-ѣховѣ	1-ѣхомъ	1-ѣ	1-ѣста|1-ѣстѣ	1-ѣсте	1-ѣ	1-ѣста|1-ѣстѣ	1-ѣша	1-и	1-и	1-имъ	1-ите	1-ива|1-ивѣ	1-ита|1-итѣ	1-ѣти	1-ѣлъ	1-ѣла	1-ѣло	1-ѣла	1-ѣли|1-ѣлѣ	1-ѣли|1-ѣлѣ	1-ѣли	1-ѣлы|1-ѣли	1-ѣла|1-ѣли	5~A1s	9-|5-ъ|5-ь	5~A1s	9-й	6~A1t	6-ъ|6-ь	6~A1t	-	7~A1s	11-ъ	7~A1s	11-ый|7-їй	8~A1t	8-ъ	12~A1t	-	9-|5-е	5-е|9-	5-и	7-и	7-е	-	5-а|@part.pres.act.short.m.sg.nom	5-е|5-и	-	-	-	-	-	7-а|@part.past.act.short.m.sg.nom	7-е|7-и	-	-	-	-	-	9-й|5-ее	-	-	5-аго|@part.pres.act.long.m.sg.nom	7-аго|@part.past.act.long.m.sg.nom	6-аго|@part.pres.pass.long.m.sg.nom	12-аго|@part.past.pass.long.m.sg.nom	12-ыхъ^	12-ымъ^	12-ыхъ^	12-ыхъ^	12-ымъ^	12-ыхъ^	12-ыхъ^	12-ымъ^	12-ыхъ^	12-ымъ	12-ымъ	8-а|12-а	12-омъ|12-ѣмъ	12-омъ|12-ѣмъ
V22p	шумѣти	3	1=base;2=iot;5=ext:ѧщ;6=ext:им;7=ext:ѣвш;8=ext:ен:iot;9=ext:ѧ;11=ext:ѣв;12=ext:н:ext:ен:iot	2-ю	1-ива|1-ивѣ	1-имъ	1-иши	1-ита|1-итѣ	1-ите	1-итъ	1-ита|1-итѣ	1-ѧтъ	-	-	-	-	-	-	-	-	-	1-ѧхъ	1-ѧхова|1-ѧховѣ	1-ѧхомъ	1-ѧше	1-ѧста|1-ѧстѣ	1-ѧсте	1-ѧше	1-ѧста|1-ѧстѣ	1-ѧхꙋ	1-ѣхъ	1-ѣхова|1-ѣховѣ	1-ѣхомъ	1-ѣ	1-ѣста|1-ѣстѣ	1-ѣсте	1-ѣ	1-ѣста|1-ѣстѣ	1-ѣша	1-и	1-и	1-имъ	1-ите	1-ива|1-ивѣ	1-ита|1-итѣ	1-ѣти	1-ѣлъ	1-ѣла	1-ѣло	1-ѣла	1-ѣли|1-ѣлѣ	1-ѣли|1-ѣлѣ	1-ѣли	1-ѣлы|1-ѣли	1-ѣла|1-ѣли	5~A1s	9-|5-ъ|5-ь	5~A1s	9-й	6~A1t	6-ъ|6-ь	6~A1t	-	7~A1s	11-ъ	7~A1s	11-ый|7-їй	8~A1t	8-ъ	12~A1t	-	9-|5-е	5-е|9-	5-и	7-и	7-е	-	5-а|@part.pres.act.short.m.sg.nom	5-е|5-и	-	-	-	-	-	7-а|@part.past.act.short.m.sg.nom	7-е|7-и	-	-	-	-	-	9-й|5-ее	-	-	5-аго|@part.pres.act.long.m.sg.nom	7-аго|@part.past.act.long.m.sg.nom	6-аго|@part.pres.pass.long.m.sg.nom	12-аго|@part.past.pass.long.m.sg.nom	12-ыхъ^	12-ымъ^	12-ыхъ^	12-ыхъ^	12-ымъ^	12-ыхъ^	12-ыхъ^	12-ымъ^	12-ыхъ^	12-ымъ	12-ымъ	8-а|12-а	12-омъ|12-ѣмъ	12-омъ|12-ѣмъ
V22t	видѣти	3	1=base;2=iot;5=ext:ѧщ;6=ext:им;7=ext:ѣвш;8=ext:ен:iot;9=ext:ѧ;11=ext:ѣв;12=ext:н:ext:ен:iot	2-ꙋ	1-ива|1-ивѣ	1-имъ	1-иши	1-ита|1-итѣ	1-ите	1-итъ	1-ита|1-итѣ	1-ѧтъ	-	-	-	-	-	-	-	-	-	1-ѧхъ	1-ѧхова|1-ѧховѣ	1-ѧхомъ	1-ѧше	1-ѧста|1-ѧстѣ	1-ѧсте	1-ѧше	1-ѧста|1-ѧстѣ	1-ѧхꙋ	1-ѣхъ	1-ѣхова|1-ѣховѣ	1-ѣхомъ	1-ѣ	1-ѣста|1-ѣстѣ	1-ѣсте	1-ѣ	1-ѣста|1-ѣстѣ	1-ѣша	1-и	1-и	1-имъ	1-ите	1-ива|1-ивѣ	1-ита|1-итѣ	1-ѣти	1-ѣлъ	1-ѣла	1-ѣло	1-ѣла	1-ѣли|1-ѣлѣ	1-ѣли|1-ѣлѣ	1-ѣли	1-ѣлы|1-ѣли	1-ѣла|1-ѣли	5~A1s	9-|5-ъ|5-ь	5~A1s	9-й	6~A1t	6-ъ|6-ь	6~A1t	-	7~A1s	11-ъ	7~A1s	11-ый|7-їй	8~A1t	8-ъ	12~A1t	-	9-|5-е	5-е|9-	5-и	7-и	7-е	-	5-а|@part.pres.act.short.m.sg.nom	5-е|5-и	-	-	-	-	-	7-а|@part.past.act.short.m.sg.nom	7-е|7-и	-	-	-	-	-	9-й|5-ее	-	-	5-аго|@part.pres.act.long.m.sg.nom	7-аго|@part.past.act.long.m.sg.nom	6-аго|@part.pres.pass.long.m.sg.nom	12-аго|@part.past.pass.long.m.sg.nom	12-ыхъ^	12-ымъ^	12-ыхъ^	12-ыхъ^	12-ымъ^	12-ыхъ^	12-ыхъ^	12-ымъ^	12-ыхъ^	12-ымъ	12-ымъ	8-а|12-а	12-омъ|12-ѣмъ	12-омъ|12-ѣмъ
V22s	слышати	3	1=base;2=base;5=ext:ащ;6=ext:им;7=ext:авш;8=ext:ан;9=ext:а;11=ext:ав;12=ext:н:ext:ан	1-ꙋ	1-ива|1-ивѣ	1-имъ	1-иши	1-ита|1-итѣ	1-ите	1-итъ	1-ита|1-итѣ	1-атъ	-	-	-	-	-	-	-	-	-	1-ахъ	1-ахова|1-аховѣ	1-ахомъ	1-аше	1-аста|1-астѣ	1-асте	1-аше	1-аста|1-астѣ	1-ахꙋ	1-ахъ	1-ахова|1-аховѣ	1-ахомъ	1-а	1-аста|1-астѣ	1-асте	1-а	1-аста|1-астѣ	1-аша	1-и	1-и	1-имъ	1-ите	1-ива|1-ивѣ	1-ита|1-итѣ	1-ати	1-алъ	1-ала	1-ало	1-ала	1-али|1-алѣ	1-али|1-алѣ	1-али	1-алы|1-али	1-ала|1-али	5~A1s	9-|5-ъ|5-ь	5~A1s	9-й	6~A1t	6-ъ|6-ь	6~A1t	-	7~A1s	11-ъ	7~A1s	11-ый|7-їй	8~A1t	8-ъ	12~A1t	-	9-|5-е	5-е|9-	5-и	7-и	7-е	-	5-а|@part.pres.act.short.m.sg.nom	5-е|5-и	-	-	-	-	-	7-а|@part.past.act.short.m.sg.nom	7-е|7-и	-	-	-	-	-	9-й|5-ее	-	-	5-аго|@part.pres.act.long.m.sg.nom	7-аго|@part.past.act.long.m.sg.nom	6-аго|@part.pres.pass.long.m.sg.nom	12-аго|@part.past.pass.long.m.sg.nom	12-ыхъ^	12-ымъ^	12-ыхъ^	12-ыхъ^	12-ымъ^	12-ыхъ^	12-ыхъ^	12-ымъ^	12-ыхъ^	12-ымъ	12-ымъ	8-а|12-а	12-омъ|12-ѣмъ	12-омъ|12-ѣмъ
V22a	стояти	3	1=base;2=base;5=ext:ѧщ;6=ext:им;7=ext:ѧвш;8=ext:ѧн;9=ext:ѧ;11=ext:ѧв;12=ext:ѧн	1-ю	1-ива|1-ивѣ	1-имъ	1-иши	1-ита|1-итѣ	1-ите	1-итъ	1-ита|1-итѣ	1-ѧтъ	-	-	-	-	-	-	-	-	-	1-ѧхъ	1-ѧхова|1-ѧховѣ	1-ѧхомъ	1-ѧше	1-ѧста|1-ѧстѣ	1-ѧсте	1-ѧше	1-ѧста|1-ѧстѣ	1-ѧхꙋ	1-ѧхъ	1-ѧхова|1-ѧховѣ	1-ѧхомъ	1-ѧ	1-ѧста|1-ѧстѣ	1-ѧсте	1-ѧ	1-ѧста|1-ѧстѣ	1-ѧша	1-й	1-й	1-имъ	1-йте	1-ива|1-ивѣ	1-ита|1-итѣ	1-ѧти	1-ѧлъ	1-ѧла	1-ѧло	1-ѧла	1-ѧли|1-ѧлѣ	1-ѧли|1-ѧлѣ	1-ѧли	1-ѧлы|1-ѧли	1-ѧла|1-ѧли	5~A1s	9-|5-ъ|5-ь	5~A1s	9-й	6~A1t	6-ъ|6-ь	6~A1t	-	7~A1s	11-ъ	7~A1s	11-ый|7-їй	8~A1t	8-ъ	12~A1t	-	9-|5-е	5-е|9-	5-и	7-и	7-е	-	5-а|@part.pres.act.short.m.sg.nom	5-е|5-и	-	-	-	-	-	7-а|@part.past.act.short.m.sg.nom	7-е|7-и	-	-	-	-	-	9-й|5-ее	-	-	5-аго|@part.pres.act.long.m.sg.nom	7-аго|@part.past.act.long.m.sg.nom	6-аго|@part.pres.pass.long.m.sg.nom	12-аго|@part.past.pass.long.m.sg.nom	12-ыхъ^	12-ымъ^	12-ыхъ^	12-ыхъ^	12-ымъ^	12-ыхъ^	12-ыхъ^	12-ымъ^	12-ыхъ^	12-ымъ	12-ымъ	8-а|12-а	12-омъ|12-ѣмъ	12-омъ|12-ѣмъ
V11a	дѣлати	2	1=base;2=base;5=ext:ющ;6=ext:ем;7=ext:вш;8=ext:н;9=ext:ѧ;11=ext:в;12=ext:н	1-ю	1-ева|1-евѣ	1-емъ	1-еши	1-ета|1-етѣ	1-ете	1-етъ	1-ета|1-етѣ	1-ютъ	-	-	-	-	-	-	-	-	-	1-хъ	1-хова|1-ховѣ	1-хомъ	1-ше	1-ста|1-стѣ	1-сте	1-ше	1-ста|1-стѣ	1-хꙋ	1-хъ	1-хова|1-ховѣ	1-хомъ	1-	1-ста|1-стѣ	1-сте	1-	1-ста|1-стѣ	1-ша	1-й	1-й	1-емъ|1-имъ	1-йте	1-ива|1-ивѣ|1-ева|1-евѣ	1-ита|1-итѣ	1-ти	1-лъ	1-ла	1-ло	1-ла	1-ли|1-лѣ	1-ли|1-лѣ	1-ли	1-лы|1-ли	1-ла|1-ли	5~A1s	9-|5-ъ|5-ь	5~A1s	9-й	6~A1t	6-ъ|6-ь	6~A1t	-	7~A1s	11-ъ	7~A1s	11-ый|7-їй	8~A1t	8-ъ	12~A1t	-	9-|5-е	5-е|9-	5-и	7-и	7-е	-	5-а|@part.pres.act.short.m.sg.nom	5-е|5-и	-	-	-	-	-	7-а|@part.past.act.short.m.sg.nom	7-е|7-и	-	-	-	-	-	9-й|5-ее	-	-	5-аго|@part.pres.act.long.m.sg.nom	7-аго|@part.past.act.long.m.sg.nom	6-аго|@part.pres.pass.long.m.sg.nom	12-аго|@part.past.pass.long.m.sg.nom	12-ыхъ^	12-ымъ^	12-ыхъ^	12-ыхъ^	12-ымъ^	12-ыхъ^	12-ыхъ^	12-ымъ^	12-ыхъ^	12-ымъ	12-ымъ	8-а|12-а	12-омъ|12-ѣмъ	12-омъ|12-ѣмъ
V11e	краснѣти	2	1=base;2=cut;5=ext:ющ;6=ext:ем;7=ext:вш;8=ext:н;9=ext:ѧ;11=ext:в;12=ext:н	1-ю	1-ева|1-евѣ	1-емъ	1-еши	1-ета|1-етѣ	1-ете	1-етъ	1-ета|1-етѣ	1-ютъ	-	-	-	-	-	-	-	-	-	2-ѧхъ	2-ѧхова|2-ѧховѣ	2-ѧхомъ	2-ѧше	2-ѧста|2-ѧстѣ	2-ѧсте	2-ѧше	2-ѧста|2-ѧстѣ	2-ѧхꙋ	1-хъ	1-хова|1-ховѣ	1-хомъ	1-	1-ста|1-стѣ	1-сте	1-	1-ста|1-стѣ	1-ша	1-й	1-й	1-емъ|1-имъ	1-йте	1-ива|1-ивѣ|1-ева|1-евѣ	1-ита|1-итѣ	1-ти	1-лъ	1-ла	1-ло	1-ла	1-ли|1-лѣ	1-ли|1-лѣ	1-ли	1-лы|1-ли	1-ла|1-ли	5~A1s	9-|5-ъ|5-ь	5~A1s	9-й	6~A1t	6-ъ|6-ь	6~A1t	-	7~A1s	11-ъ	7~A1s	11-ый|7-їй	8~A1t	8-ъ	12~A1t	-	9-|5-е	5-е|9-	5-и	7-и	7-е	-	5-а|@part.pres.act.short.m.sg.nom	5-е|5-и	-	-	-	-	-	7-а|@part.past.act.short.m.sg.nom	7-е|7-и	-	-	-	-	-	9-й|5-ее	-	-	5-аго|@part.pres.act.long.m.sg.nom	7-аго|@part.past.act.long.m.sg.nom	6-аго|@part.pres.pass.long.m.sg.nom	12-аго|@part.past.pass.long.m.sg.nom	12-ыхъ^	12-ымъ^	12-ыхъ^	12-ыхъ^	12-ымъ^	12-ыхъ^	12-ыхъ^	12-ымъ^	12-ыхъ^	12-ымъ	12-ымъ	8-а|12-а	12-омъ|12-ѣмъ	12-омъ|12-ѣмъ
V12ov	требовати	2	1=base;2=ov;5=ext:ющ:ov;6=ext:ем:ov;7=ext:вш;8=ext:н;9=ext:ѧ:ov;11=ext:в;12=ext:н	2-ю	2-ева|2-евѣ	2-емъ	2-еши	2-ета|2-етѣ	2-ете	2-етъ	2-ета|2-етѣ	2-ютъ	-	-	-	-	-	-	-	-	-	1-хъ	1-хова|1-ховѣ	1-хомъ	1-ше	1-ста|1-стѣ	1-сте	1-ше	1-ста|1-стѣ	1-хꙋ	1-хъ	1-хова|1-ховѣ	1-хомъ	1-	1-ста|1-стѣ	1-сте	1-	1-ста|1-стѣ	1-ша	2-й	2-й	2-емъ|2-имъ	2-йте	2-ива|2-ивѣ|2-ева|2-евѣ	2-ита|2-итѣ	1-ти	1-лъ	1-ла	1-ло	1-ла	1-ли|1-лѣ	1-ли|1-лѣ	1-ли	1-лы|1-ли	1-ла|1-ли	5~A1s	9-|5-ъ|5-ь	5~A1s	9-й	6~A1t	6-ъ|6-ь	6~A1t	-	7~A1s	11-ъ	7~A1s	11-ый|7-їй	8~A1t	8-ъ	12~A1t	-	9-|5-е	5-е|9-	5-и	7-и	7-е	-	5-а|@part.pres.act.short.m.sg.nom	5-е|5-и	-	-	-	-	-	7-а|@part.past.act.short.m.sg.nom	7-е|7-и	-	-	-	-	-	9-й|5-ее	-	-	5-аго|@part.pres.act.long.m.sg.nom	7-аго|@part.past.act.long.m.sg.nom	6-аго|@part.pres.pass.long.m.sg.nom	12-аго|@part.past.pass.long.m.sg.nom	12-ыхъ^	12-ымъ^	12-ыхъ^	12-ыхъ^	12-ымъ^	12-ыхъ^	12-ыхъ^	12-ымъ^	12-ыхъ^	12-ымъ	12-ымъ	8-а|12-а	12-омъ|12-ѣмъ	12-омъ|12-ѣмъ
V12n	глаголати	3	1=base;2=base;5=ext:ющ;6=ext:ем;7=ext:авш;8=ext:ан;9=ext:ѧ;11=ext:ав;12=ext:н:ext:ан	1-ю	1-ева|1-евѣ	1-емъ	1-еши	1-ета|1-етѣ	1-ете	1-етъ	1-ета|1-етѣ	1-ютъ	-	-	-	-	-	-	-	-	-	1-ахъ	1-ахова|1-аховѣ	1-ахомъ	1-аше	1-аста|1-астѣ	1-асте	1-аше	1-аста|1-астѣ	1-ахꙋ	1-ахъ	1-ахова|1-аховѣ	1-ахомъ	1-а	1-аста|1-астѣ	1-асте	1-а	1-аста|1-астѣ	1-аша	1-и	1-и	1-емъ|1-имъ	1-ите	1-ива|1-ивѣ|1-ева|1-евѣ	1-ита|1-итѣ	1-ати	1-алъ	1-ала	1-ало	1-ала	1-али|1-алѣ	1-али|1-алѣ	1-али	1-алы|1-али	1-ала|1-али	5~A1s	9-|5-ъ|5-ь	5~A1s	9-й	6~A1t	6-ъ|6-ь	6~A1t	-	7~A1s	11-ъ	7~A1s	11-ый|7-їй	8~A1t	8-ъ	12~A1t	-	9-|5-е	5-е|9-	5-и	7-и	7-е	-	5-а|@part.pres.act.short.m.sg.nom	5-е|5-и	-	-	-	-	-	7-а|@part.past.act.short.m.sg.nom	7-е|7-и	-	-	-	-	-	9-й|5-ее	-	-	5-аго|@part.pres.act.long.m.sg.nom	7-аго|@part.past.act.long.m.sg.nom	6-аго|@part.pres.pass.long.m.sg.nom	12-аго|@part.past.pass.long.m.sg.nom	12-ыхъ^	12-ымъ^	12-ыхъ^	12-ыхъ^	12-ымъ^	12-ыхъ^	12-ыхъ^	12-ымъ^	12-ыхъ^	12-ымъ	12-ымъ	8-а|12-а	12-омъ|12-ѣмъ	12-омъ|12-ѣмъ
V12p	сыпати	3	1=base;2=iot;5=ext:ющ:iot;6=ext:ем:iot;7=ext:авш;8=ext:ан;9=ext:ѧ;11=ext:ав;12=ext:н:ext:ан	2-ю	2-ева|2-евѣ	2-емъ	2-еши	2-ета|2-етѣ	2-ете	2-етъ	2-ета|2-етѣ	2-ютъ	-	-	-	-	-	-	-	-	-	1-ахъ	1-ахова|1-аховѣ	1-ахомъ	1-аше	1-аста|1-астѣ	1-асте	1-аше	1-аста|1-астѣ	1-ахꙋ	1-ахъ	1-ахова|1-аховѣ	1-ахомъ	1-а	1-аста|1-астѣ	1-асте	1-а	1-аста|1-астѣ	1-аша	2-и	2-и	2-емъ|2-имъ	2-ите	2-ива|2-ивѣ|2-ева|2-евѣ	2-ита|2-итѣ	1-ати	1-алъ	1-ала	1-ало	1-ала	1-али|1-алѣ	1-али|1-алѣ	1-али	1-алы|1-али	1-ала|1-али	5~A1s	9-|5-ъ|5-ь	5~A1s	9-й	6~A1t	6-ъ|6-ь	6~A1t	-	7~A1s	11-ъ	7~A1s	11-ый|7-їй	8~A1t	8-ъ	12~A1t	-	9-|5-е	5-е|9-	5-и	7-и	7-е	-	5-а|@part.pres.act.short.m.sg.nom	5-е|5-и	-	-	-	-	-	7-а|@part.past.act.short.m.sg.nom	7-е|7-и	-	-	-	-	-	9-й|5-ее	-	-	5-аго|@part.pres.act.long.m.sg.nom	7-аго|@part.past.act.long.m.sg.nom	6-аго|@part.pres.pass.long.m.sg.nom	12-аго|@part.past.pass.long.m.sg.nom	12-ыхъ^	12-ымъ^	12-ыхъ^	12-ыхъ^	12-ымъ^	12-ыхъ^	12-ыхъ^	12-ымъ^	12-ыхъ^	12-ымъ	12-ымъ	8-а|12-а	12-омъ|12-ѣмъ	12-омъ|12-ѣмъ
V12t	страдати	3	1=base;2=iot;5=ext:ꙋщ:iot;6=ext:ем:iot;7=ext:авш;8=ext:ан;9=ext:а;11=ext:ав;12=ext:н:ext:ан	2-ꙋ	2-ева|2-евѣ	2-емъ	2-еши	2-ета|2-етѣ	2-ете	2-етъ	2-ета|2-етѣ	2-ꙋтъ	-	-	-	-	-	-	-	-	-	1-ахъ	1-ахова|1-аховѣ	1-ахомъ	1-аше	1-аста|1-астѣ	1-асте	1-аше	1-аста|1-астѣ	1-ахꙋ	1-ахъ	1-ахова|1-аховѣ	1-ахомъ	1-а	1-аста|1-астѣ	1-асте	1-а	1-аста|1-астѣ	1-аша	2-и	2-и	2-емъ|2-имъ	2-ите	2-ива|2-ивѣ|2-ева|2-евѣ	2-ита|2-итѣ	1-ати	1-алъ	1-ала	1-ало	1-ала	1-али|1-алѣ	1-али|1-алѣ	1-али	1-алы|1-али	1-ала|1-али	5~A1s	9-|5-ъ|5-ь	5~A1s	9-й	6~A1t	6-ъ|6-ь	6~A1t	-	7~A1s	11-ъ	7~A1s	11-ый|7-їй	8~A1t	8-ъ	12~A1t	-	9-|5-е	5-е|9-	5-и	7-и	7-е	-	5-а|@part.pres.act.short.m.sg.nom	5-е|5-и	-	-	-	-	-	7-а|@part.past.act.short.m.sg.nom	7-е|7-и	-	-	-	-	-	9-й|5-ее	-	-	5-аго|@part.pres.act.long.m.sg.nom	7-аго|@part.past.act.long.m.sg.nom	6-аго|@part.pres.pass.long.m.sg.nom	12-аго|@part.past.pass.long.m.sg.nom	12-ыхъ^	12-ымъ^	12-ыхъ^	12-ыхъ^	12-ымъ^	12-ыхъ^	12-ыхъ^	12-ымъ^	12-ыхъ^	12-ымъ	12-ымъ	8-а|12-а	12-омъ|12-ѣмъ	12-омъ|12-ѣмъ
V12k	страдати	3	1=base;2=iot;5=ext:ꙋщ:iot;6=ext:ем:iot;7=ext:авш;8=ext:ан;9=ext:а;11=ext:ав;12=ext:н:ext:ан	2-ꙋ	2-ева|2-евѣ	2-емъ	2-еши	2-ета|2-етѣ	2-ете	2-етъ	2-ета|2-етѣ	2-ꙋтъ	-	-	-	-	-	-	-	-	-	1-ахъ	1-ахова|1-аховѣ	1-ахомъ	1-аше	1-аста|1-астѣ	1-асте	1-аше	1-аста|1-астѣ	1-ахꙋ	1-ахъ	1-ахова|1-аховѣ	1-ахомъ	1-а	1-аста|1-астѣ	1-асте	1-а	1-аста|1-астѣ	1-аша	2-и	2-и	2-емъ|2-имъ	2-ите	2-ива|2-ивѣ|2-ева|2-евѣ	2-ита|2-итѣ	1-ати	1-алъ	1-ала	1-ало	1-ала	1-али|1-алѣ	1-али|1-алѣ	1-али	1-алы|1-али	1-ала|1-али	5~A1s	9-|5-ъ|5-ь	5~A1s	9-й	6~A1t	6-ъ|6-ь	6~A1t	-	7~A1s	11-ъ	7~A1s	11-ый|7-їй	8~A1t	8-ъ	12~A1t	-	9-|5-е	5-е|9-	5-и	7-и	7-е	-	5-а|@part.pres.act.short.m.sg.nom	5-е|5-и	-	-	-	-	-	7-а|@part.past.act.short.m.sg.nom	7-е|7-и	-	-	-	-	-	9-й|5-ее	-	-	5-аго|@part.pres.act.long.m.sg.nom	7-аго|@part.past.act.long.m.sg.nom	6-аго|@part.pres.pass.long.m.sg.nom	12-аго|@part.past.pass.long.m.sg.nom	12-ыхъ^	12-ымъ^	12-ыхъ^	12-ыхъ^	12-ымъ^	12-ыхъ^	12-ыхъ^	12-ымъ^	12-ыхъ^	12-ымъ	12-ымъ	8-а|12-а	12-омъ|12-ѣмъ	12-омъ|12-ѣмъ
V12a	сѣяти	3	1=base;2=base;5=ext:ющ;6=ext:ем;7=ext:ѧвш;8=ext:ѧн;9=ext:ѧ;11=ext:ѧв;12=ext:ѧн	1-ю	1-ева|1-евѣ	1-емъ	1-еши	1-ета|1-етѣ	1-ете	1-етъ	1-ета|1-етѣ	1-ютъ	-	-	-	-	-	-	-	-	-	1-ѧхъ	1-ѧхова|1-ѧховѣ	1-ѧхомъ	1-ѧше	1-ѧста|1-ѧстѣ	1-ѧсте	1-ѧше	1-ѧста|1-ѧстѣ	1-ѧхꙋ	1-ѧхъ	1-ѧхова|1-ѧховѣ	1-ѧхомъ	1-ѧ	1-ѧста|1-ѧстѣ	1-ѧсте	1-ѧ	1-ѧста|1-ѧстѣ	1-ѧша	1-й	1-й	1-имъ	1-йте	1-ива|1-ивѣ	1-ита|1-итѣ	1-ѧти	1-ѧлъ	1-ѧла	1-ѧло	1-ѧла	1-ѧли|1-ѧлѣ	1-ѧли|1-ѧлѣ	1-ѧли	1-ѧлы|1-ѧли	1-ѧла|1-ѧли	5~A1s	9-|5-ъ|5-ь	5~A1s	9-й	6~A1t	6-ъ|6-ь	6~A1t	-	7~A1s	11-ъ	7~A1s	11-ый|7-їй	8~A1t	8-ъ	12~A1t	-	9-|5-е	5-е|9-	5-и	7-и	7-е	-	5-а|@part.pres.act.short.m.sg.nom	5-е|5-и	-	-	-	-	-	7-а|@part.past.act.short.m.sg.nom	7-е|7-и	-	-	-	-	-	9-й|5-ее	-	-	5-аго|@part.pres.act.long.m.sg.nom	7-аго|@part.past.act.long.m.sg.nom	6-аго|@part.pres.pass.long.m.sg.nom	12-аго|@part.past.pass.long.m.sg.nom	12-ыхъ^	12-ымъ^	12-ыхъ^	12-ыхъ^	12-ымъ^	12-ыхъ^	12-ыхъ^	12-ымъ^	12-ыхъ^	12-ымъ	12-ымъ	8-а|12-а	12-омъ|12-ѣмъ	12-омъ|12-ѣмъ
V12x	рвати	3	1=base;2=base;5=ext:ꙋщ;6=ext:ем;7=ext:авш;8=ext:ан;9=ext:ꙋ;11=ext:ав;12=ext:н:ext:ан	1-ꙋ	1-ева|1-евѣ	1-емъ	1-еши	1-ета|1-етѣ	1-ете	1-етъ	1-ета|1-етѣ	1-ꙋтъ	-	-	-	-	-	-	-	-	-	1-ахъ	1-ахова|1-аховѣ	1-ахомъ	1-аше	1-аста|1-астѣ	1-асте	1-аше	1-аста|1-астѣ	1-ахꙋ	1-ахъ	1-ахова|1-аховѣ	1-ахомъ	1-а	1-аста|1-астѣ	1-асте	1-а	1-аста|1-астѣ	1-аша	1-и	1-и	1-емъ|1-имъ	1-ите	1-ива|1-ивѣ|1-ева|1-евѣ	1-ита|1-итѣ	1-ати	1-алъ	1-ала	1-ало	1-ала	1-али|1-алѣ	1-али|1-алѣ	1-али	1-алы|1-али	1-ала|1-али	5~A1s	1-ый|5-ъ|5-ь	5~A1s	1-ый	6~A1t	-	6~A1t	-	7~A1s	11-ъ	7~A1s	11-ый|7-їй	8~A1t	8-ъ	12~A1t	-	5-е	5-е	5-и	7-и	7-е	-	5-а|@part.pres.act.short.m.sg.nom	5-е|5-и	-	-	-	-	-	7-а|@part.past.act.short.m.sg.nom	7-е|7-и	-	-	-	-	-	1-ый|5-ее	-	-	5-аго|@part.pres.act.long.m.sg.nom	7-аго|@part.past.act.long.m.sg.nom	6-аго|@part.pres.pass.long.m.sg.nom	12-аго|@part.past.pass.long.m.sg.nom	12-ыхъ^	12-ымъ^	12-ыхъ^	12-ыхъ^	12-ымъ^	12-ыхъ^	12-ыхъ^	12-ымъ^	12-ыхъ^	12-ымъ	12-ымъ	8-а|12-а	12-омъ|12-ѣмъ	12-омъ|12-ѣмъ
V12x*	брати	3	1=base;2=insert;5=ext:ꙋщ:insert;6=ext:ем:insert;7=ext:авш;8=ext:ан;9=ext:ꙋ:insert;11=ext:ав;12=ext:н:ext:ан	2-ꙋ	2-ева|2-евѣ	2-емъ	2-еши	2-ета|2-етѣ	2-ете	2-етъ	2-ета|2-етѣ	2-ꙋтъ	-	-	-	-	-	-	-	-	-	1-ахъ	1-ахова|1-аховѣ	1-ахомъ	1-аше	1-аста|1-астѣ	1-асте	1-аше	1-аста|1-астѣ	1-ахꙋ	1-ахъ	1-ахова|1-аховѣ	1-ахомъ	1-а	1-аста|1-астѣ	1-асте	1-а	1-аста|1-астѣ	1-аша	2-и	2-и	2-емъ	2-ите	2-ева|2-евѣ	2-ита|2-итѣ	1-ати	1-алъ	1-ала	1-ало	1-ала	1-али|1-алѣ	1-али|1-алѣ	1-али	1-алы|1-али	1-ала|1-али	5~A1s	2-ый|5-ъ|5-ь	5~A1s	2-ый	6~A1t	-	6~A1t	-	7~A1s	11-ъ	7~A1s	11-ый|7-їй	8~A1t	8-ъ	12~A1t	-	5-е	5-е	5-и	7-и	7-е	-	5-а|@part.pres.act.short.m.sg.nom	5-е|5-и	-	-	-	-	-	7-а|@part.past.act.short.m.sg.nom	7-е|7-и	-	-	-	-	-	2-ый|5-ее	-	-	5-аго|@part.pres.act.long.m.sg.nom	7-аго|@part.past.act.long.m.sg.nom	6-аго|@part.pres.pass.long.m.sg.nom	12-аго|@part.past.pass.long.m.sg.nom	12-ыхъ^	12-ымъ^	12-ыхъ^	12-ыхъ^	12-ымъ^	12-ыхъ^	12-ыхъ^	12-ымъ^	12-ыхъ^	12-ымъ	12-ымъ	8-а|12-а	12-омъ|12-ѣмъ	12-омъ|12-ѣмъ
V13a	минути	3	1=base;2=base;5=ext:ꙋщ;6=ext:ем;7=ext:ꙋвш;8=ext:ꙋт;9=ext:ꙋ;11=ext:ꙋв;12=ext:ꙋт	1-ꙋ	1-ева|1-евѣ	1-емъ	1-еши	1-ета|1-етѣ	1-ете	1-етъ	1-ета|1-етѣ	1-ꙋтъ	-	-	-	-	-	-	-	-	-	1-ѧхъ	1-ѧхова|1-ѧховѣ	1-ѧхомъ	1-ѧше	1-ѧста|1-ѧстѣ	1-ѧсте	1-ѧше	1-ѧста|1-ѧстѣ	1-ѧхꙋ	1-ꙋхъ	1-ꙋхова|1-ꙋховѣ	1-ꙋхомъ	1-ꙋ	1-ꙋста|1-ꙋстѣ	1-ꙋсте	1-ꙋ	1-ꙋста|1-ꙋстѣ	1-ша	1-и	1-и	1-емъ	1-ите	1-ева|1-евѣ	1-ита|1-итѣ	1-ꙋти	1-ꙋлъ	1-ꙋла	1-ꙋло	1-ꙋла	1-ꙋли|1-ꙋлѣ	1-ꙋли|1-ꙋлѣ	1-ꙋли	1-ꙋлы|1-ꙋли	1-ꙋла|1-ꙋли	5~A1s	1-ый|5-ъ|5-ь	5~A1s	1-ый	6~A1t	-	6~A1t	-	7~A1s	11-ъ	7~A1s	11-ый|7-їй	8~A1t	8-ъ	12~A1t	-	5-е	5-е	5-и	7-и	7-е	-	5-а|@part.pres.act.short.m.sg.nom	5-е|5-и	-	-	-	-	-	7-а|@part.past.act.short.m.sg.nom	7-е|7-и	-	-	-	-	-	1-ый|5-ее	-	-	5-аго|@part.pres.act.long.m.sg.nom	7-аго|@part.past.act.long.m.sg.nom	6-аго|@part.pres.pass.long.m.sg.nom	12-аго|@part.past.pass.long.m.sg.nom	12-ыхъ^	12-ымъ^	12-ыхъ^	12-ыхъ^	12-ымъ^	12-ыхъ^	12-ыхъ^	12-ымъ^	12-ыхъ^	12-ымъ	12-ымъ	8-а|12-а	12-омъ|12-ѣмъ	12-омъ|12-ѣмъ
V13t	гибнути	4	1=base;2=base;5=ext:нꙋщ;6=ext:нем;7=ext:нꙋвш;8=ext:нꙋт;9=ext:нꙋ;11=ext:нꙋв;12=ext:нꙋт	1-нꙋ	1-нева|1-невѣ	1-немъ	1-неши	1-нета|1-нетѣ	1-нете	1-нетъ	1-нета|1-нетѣ	1-нꙋтъ	-	-	-	-	-	-	-	-	-	1-нѧхъ	1-нѧхова|1-нѧховѣ	1-нѧхомъ	1-нѧше	1-нѧста|1-нѧстѣ	1-нѧсте	1-нѧше	1-нѧста|1-нѧстѣ	1-нѧхꙋ	1-охъ|1-нꙋхъ	1-охова|1-оховѣ|1-нꙋхова|1-нꙋховѣ	1-охомъ|1-нꙋхомъ	1-нꙋ|1-е	1-оста|1-остѣ|1-нꙋста|1-нꙋстѣ	1-осте|1-нꙋсте	1-нꙋ|1-е	1-оста|1-остѣ|1-нꙋста|1-нꙋстѣ	1-оша|1-нꙋша	1-ни	1-ни	1-немъ	1-ните	1-нева|1-невѣ	1-нита|1-нитѣ	1-нꙋти	1-лъ	1-ла	1-ло	1-ла	1-ли|1-лѣ	1-ли|1-лѣ	1-ли	1-лы|1-ли	1-ла|1-ли	5~A1s	1-ный|5-ъ|5-ь	5~A1s	1-ный	6~A1t	-	6~A1t	-	7~A1s	11-ъ	7~A1s	11-ый|7-їй	8~A1t	8-ъ	12~A1t	-	5-е	5-е	5-и	7-и	7-е	-	5-а|@part.pres.act.short.m.sg.nom	5-е|5-и	-	-	-	-	-	7-а|@part.past.act.short.m.sg.nom	7-е|7-и	-	-	-	-	-	1-ный|5-ее	-	-	5-аго|@part.pres.act.long.m.sg.nom	7-аго|@part.past.act.long.m.sg.nom	6-аго|@part.pres.pass.long.m.sg.nom	12-аго|@part.past.pass.long.m.sg.nom	12-ыхъ^	12-ымъ^	12-ыхъ^	12-ыхъ^	12-ымъ^	12-ыхъ^	12-ыхъ^	12-ымъ^	12-ыхъ^	12-ымъ	12-ымъ	8-а|12-а	12-омъ|12-ѣмъ	12-омъ|12-ѣмъ
V13k	двигнути	4	1=base;2=iot;5=ext:нꙋщ;6=ext:нем;7=ext:нꙋвш;8=ext:нꙋт;9=ext:нꙋ;11=ext:нꙋв;12=ext:нꙋт;13=pal1	1-нꙋ	1-нева|1-невѣ	1-немъ	1-неши	1-нета|1-нетѣ	1-нете	1-нетъ	1-нета|1-нетѣ	1-нꙋтъ	-	-	-	-	-	-	-	-	-	1-нѧхъ	1-нѧхова|1-нѧховѣ	1-нѧхомъ	1-нѧше	1-нѧста|1-нѧстѣ	1-нѧсте	1-нѧше	1-нѧста|1-нѧстѣ	1-нѧхꙋ	1-охъ|1-нꙋхъ	1-охова|1-оховѣ|1-нꙋхова|1-нꙋховѣ	1-охомъ|1-нꙋхомъ	1-нꙋ|13-е	1-оста|1-остѣ|1-нꙋста|1-нꙋстѣ	1-осте|1-нꙋсте	1-нꙋ|13-е	1-оста|1-остѣ|1-нꙋста|1-нꙋстѣ	1-оша|1-нꙋша	1-ни	1-ни	1-немъ	1-ните	1-нева|1-невѣ	1-нита|1-нитѣ	1-нꙋти	1-лъ	1-ла	1-ло	1-ла	1-ли|1-лѣ	1-ли|1-лѣ	1-ли	1-лы|1-ли	1-ла|1-ли	5~A1s	1-ный|5-ъ|5-ь	5~A1s	1-ный	6~A1t	-	6~A1t	-	7~A1s	11-ъ	7~A1s	11-ый|7-їй	8~A1t	8-ъ	12~A1t	-	5-е	5-е	5-и	7-и	7-е	-	5-а|@part.pres.act.short.m.sg.nom	5-е|5-и	-	-	-	-	-	7-а|@part.past.act.short.m.sg.nom	7-е|7-и	-	-	-	-	-	1-ный|5-ее	-	-	5-аго|@part.pres.act.long.m.sg.nom	7-аго|@part.past.act.long.m.sg.nom	6-аго|@part.pres.pass.long.m.sg.nom	12-аго|@part.past.pass.long.m.sg.nom	12-ыхъ^	12-ымъ^	12-ыхъ^	12-ыхъ^	12-ымъ^	12-ыхъ^	12-ыхъ^	12-ымъ^	12-ыхъ^	12-ымъ	12-ымъ	8-а|12-а	12-омъ|12-ѣмъ	12-омъ|12-ѣмъ
V14p	грести	3	1=ext:б;2=ext:б;5=ext:ꙋщ:ext:б;6=ext:ом:ext:б;7=ext:ш:ext:б;8=ext:ен:ext:б;9=ext:ꙋ:ext:б;11=ext:б;12=ext:н:ext:ен:ext:б	1-ꙋ	1-ева|1-евѣ	1-емъ	1-еши	1-ета|1-етѣ	1-ете	1-етъ	1-ета|1-етѣ	1-ꙋтъ	-	-	-	-	-	-	-	-	-	1-ѧхъ	1-ѧхова|1-ѧховѣ	1-ѧхомъ	1-ѧше	1-ѧста|1-ѧстѣ	1-ѧсте	1-ѧше	1-ѧста|1-ѧстѣ	1-ѧхꙋ	1-охъ	1-охова|1-оховѣ	1-охомъ	1-е	1-оста|1-остѣ	1-осте	1-е	1-оста|1-остѣ	1-оша	1-и	1-и	1-емъ	1-ите	1-ева|1-евѣ	1-ита|1-итѣ	@lemma	1-лъ	1-ла	1-ло	1-ла	1-ли|1-лѣ	1-ли|1-лѣ	1-ли	1-лы|1-ли	1-ла|1-ли	5~A1s	1-ый|5-ъ|5-ь	5~A1s	1-ый	6~A1t	6-ъ|6-ь	6~A1t	-	7~A1s	11-ъ	7~A1s	11-ый|7-їй	8~A1t	8-ъ	12~A1t	-	1-ый|9-|5-е	5-е|9-	5-и	7-и	7-е	-	5-а|@part.pres.act.short.m.sg.nom	5-е|5-и	-	-	-	-	-	7-а|@part.past.act.short.m.sg.nom	7-е|7-и	-	-	-	-	-	1-ый|5-ее	-	-	5-аго|@part.pres.act.long.m.sg.nom	7-аго|@part.past.act.long.m.sg.nom	6-аго|@part.pres.pass.long.m.sg.nom	12-аго|@part.past.pass.long.m.sg.nom	12-ыхъ^	12-ымъ^	12-ыхъ^	12-ыхъ^	12-ымъ^	12-ыхъ^	12-ыхъ^	12-ымъ^	12-ыхъ^	12-ымъ	12-ымъ	8-а|12-а	12-омъ|12-ѣмъ	12-омъ|12-ѣмъ
V14z	нести	2	1=base;2=base;5=ext:ꙋщ;6=ext:ом;7=ext:ш;8=ext:ен;9=ext:ꙋ;11=base;12=ext:н:ext:ен	1-ꙋ	1-ева|1-евѣ	1-емъ	1-еши	1-ета|1-етѣ	1-ете	1-етъ	1-ета|1-етѣ	1-ꙋтъ	-	-	-	-	-	-	-	-	-	1-ѧхъ	1-ѧхова|1-ѧховѣ	1-ѧхомъ	1-ѧше	1-ѧста|1-ѧстѣ	1-ѧсте	1-ѧше	1-ѧста|1-ѧстѣ	1-ѧхꙋ	1-охъ	1-охова|1-оховѣ	1-охомъ	1-е	1-оста|1-остѣ	1-осте	1-е	1-оста|1-остѣ	1-оша	1-и	1-и	1-емъ	1-ите	1-ева|1-евѣ	1-ита|1-итѣ	@lemma	1-лъ	1-ла	1-ло	1-ла	1-ли|1-лѣ	1-ли|1-лѣ	1-ли	1-лы|1-ли	1-ла|1-ли	5~A1s	1-ый|5-ъ|5-ь	5~A1s	1-ый	6~A1t	6-ъ|6-ь	6~A1t	-	7~A1s	11-ъ	7~A1s	11-ый|7-їй	8~A1t	8-ъ	12~A1t	-	1-ый|9-|5-е	5-е|9-	5-и	7-и	7-е	-	5-а|@part.pres.act.short.m.sg.nom	5-е|5-и	-	-	-	-	-	7-а|@part.past.act.short.m.sg.nom	7-е|7-и	-	-	-	-	-	1-ый|5-ее	-	-	5-аго|@part.pres.act.long.m.sg.nom	7-аго|@part.past.act.long.m.sg.nom	6-аго|@part.pres.pass.long.m.sg.nom	12-аго|@part.past.pass.long.m.sg.nom	12-ыхъ^	12-ымъ^	12-ыхъ^	12-ыхъ^	12-ымъ^	12-ыхъ^	12-ыхъ^	12-ымъ^	12-ыхъ^	12-ымъ	12-ымъ	8-а|12-а	12-омъ|12-ѣмъ	12-омъ|12-ѣмъ
V14t	красти	3	1=ext:т;2=ext:т;5=ext:ꙋщ:ext:т;6=ext:ом:ext:т;7=ext:ш:ext:т;8=ext:ен:ext:т;9=ext:ꙋ:ext:т;11=ext:т;12=ext:н:ext:ен:ext:т;4=base	1-ꙋ	1-ева|1-евѣ	1-емъ	1-еши	1-ета|1-етѣ	1-ете	1-етъ	1-ета|1-етѣ	1-ꙋтъ	-	-	-	-	-	-	-	-	-	1-ѧхъ	1-ѧхова|1-ѧховѣ	1-ѧхомъ	1-ѧше	1-ѧста|1-ѧстѣ	1-ѧсте	1-ѧше	1-ѧста|1-ѧстѣ	1-ѧхꙋ	1-охъ	1-охова|1-оховѣ	1-охомъ	1-е	1-оста|1-остѣ	1-осте	1-е	1-оста|1-остѣ	1-оша	1-и	1-и	1-емъ	1-ите	1-ева|1-евѣ	1-ита|1-итѣ	@lemma	4-лъ	4-ла	4-ло	4-ла	4-ли|4-лѣ	4-ли|4-лѣ	4-ли	4-лы|4-ли	4-ла|4-ли	5~A1s	1-ый|5-ъ|5-ь	5~A1s	1-ый	6~A1t	6-ъ|6-ь	6~A1t	-	7~A1s	11-ъ	7~A1s	11-ый|7-їй	8~A1t	8-ъ	12~A1t	-	1-ый|9-|5-е	5-е|9-	5-и	7-и	7-е	-	5-а|@part.pres.act.short.m.sg.nom	5-е|5-и	-	-	-	-	-	7-а|@part.past.act.short.m.sg.nom	7-е|7-и	-	-	-	-	-	1-ый|5-ее	-	-	5-аго|@part.pres.act.long.m.sg.nom	7-аго|@part.past.act.long.m.sg.nom	6-аго|@part.pres.pass.long.m.sg.nom	12-аго|@part.past.pass.long.m.sg.nom	12-ыхъ^	12-ымъ^	12-ыхъ^	12-ыхъ^	12-ымъ^	12-ыхъ^	12-ыхъ^	12-ымъ^	12-ыхъ^	12-ымъ	12-ымъ	8-а|12-а	12-омъ|12-ѣмъ	12-омъ|12-ѣмъ
V14d	красти	3	1=ext:д;2=ext:д;5=ext:ꙋщ:ext:д;6=ext:ом:ext:д;7=ext:ш:ext:д;8=ext:ен:ext:д;9=ext:ꙋ:ext:д;11=ext:д;12=ext:н:ext:ен:ext:д;4=base	1-ꙋ	1-ева|1-евѣ	1-емъ	1-еши	1-ета|1-етѣ	1-ете	1-етъ	1-ета|1-етѣ	1-ꙋтъ	-	-	-	-	-	-	-	-	-	1-ѧхъ	1-ѧхова|1-ѧховѣ	1-ѧхомъ	1-ѧше	1-ѧста|1-ѧстѣ	1-ѧсте	1-ѧше	1-ѧста|1-ѧстѣ	1-ѧхꙋ	1-охъ	1-охова|1-оховѣ	1-охомъ	1-е	1-оста|1-остѣ	1-осте	1-е	1-оста|1-остѣ	1-оша	1-и	1-и	1-емъ	1-ите	1-ева|1-евѣ	1-ита|1-итѣ	@lemma	4-лъ	4-ла	4-ло	4-ла	4-ли|4-лѣ	4-ли|4-лѣ	4-ли	4-лы|4-ли	4-ла|4-ли	5~A1s	1-ый|5-ъ|5-ь	5~A1s	1-ый	6~A1t	6-ъ|6-ь	6~A1t	-	7~A1s	11-ъ	7~A1s	11-ый|7-їй	8~A1t	8-ъ	12~A1t	-	1-ый|9-|5-е	5-е|9-	5-и	7-и	7-е	-	5-а|@part.pres.act.short.m.sg.nom	5-е|5-и	-	-	-	-	-	7-а|@part.past.act.short.m.sg.nom	7-е|7-и	-	-	-	-	-	1-ый|5-ее	-	-	5-аго|@part.pres.act.long.m.sg.nom	7-аго|@part.past.act.long.m.sg.nom	6-аго|@part.pres.pass.long.m.sg.nom	12-аго|@part.past.pass.long.m.sg.nom	12-ыхъ^	12-ымъ^	12-ыхъ^	12-ыхъ^	12-ымъ^	12-ыхъ^	12-ыхъ^	12-ымъ^	12-ыхъ^	12-ымъ	12-ымъ	8-а|12-а	12-омъ|12-ѣмъ	12-омъ|12-ѣмъ
V14st	расти	2	1=ext:т;2=ext:т;5=ext:ꙋщ:ext:т;6=ext:ом:ext:т;7=ext:ш:ext:т;8=ext:ен:ext:т;9=ext:ꙋ:ext:т;11=ext:т;12=ext:н:ext:ен:ext:т;4=base	1-ꙋ	1-ева|1-евѣ	1-емъ	1-еши	1-ета|1-етѣ	1-ете	1-етъ	1-ета|1-етѣ	1-ꙋтъ	-	-	-	-	-	-	-	-	-	1-ѧхъ	1-ѧхова|1-ѧховѣ	1-ѧхомъ	1-ѧше	1-ѧста|1-ѧстѣ	1-ѧсте	1-ѧше	1-ѧста|1-ѧстѣ	1-ѧхꙋ	1-охъ	1-охова|1-оховѣ	1-охомъ	1-е	1-оста|1-остѣ	1-осте	1-е	1-оста|1-остѣ	1-оша	1-и	1-и	1-емъ	1-ите	1-ева|1-евѣ	1-ита|1-итѣ	@lemma	4-лъ	4-ла	4-ло	4-ла	4-ли|4-лѣ	4-ли|4-лѣ	4-ли	4-лы|4-ли	4-ла|4-ли	5~A1s	1-ый|5-ъ|5-ь	5~A1s	1-ый	6~A1t	6-ъ|6-ь	6~A1t	-	7~A1s	11-ъ	7~A1s	11-ый|7-їй	8~A1t	8-ъ	12~A1t	-	1-ый|9-|5-е	5-е|9-	5-и	7-и	7-е	-	5-а|@part.pres.act.short.m.sg.nom	5-е|5-и	-	-	-	-	-	7-а|@part.past.act.short.m.sg.nom	7-е|7-и	-	-	-	-	-	1-ый|5-ее	-	-	5-аго|@part.pres.act.long.m.sg.nom	7-аго|@part.past.act.long.m.sg.nom	6-аго|@part.pres.pass.long.m.sg.nom	12-аго|@part.past.pass.long.m.sg.nom	12-ыхъ^	12-ымъ^	12-ыхъ^	12-ыхъ^	12-ымъ^	12-ыхъ^	12-ыхъ^	12-ымъ^	12-ыхъ^	12-ымъ	12-ымъ	8-а|12-а	12-омъ|12-ѣмъ	12-омъ|12-ѣмъ
V14t*	чести	3	1=ext:т:drop;2=ext:т:drop;5=ext:ꙋщ:ext:т:drop;6=ext:ом:ext:т:drop;7=ext:ш:ext:т:drop;8=ext:ен:ext:т:drop;9=ext:ꙋ:ext:т:drop;11=ext:т:drop;12=ext:н:ext:ен:ext:т:drop;4=base	1-ꙋ	1-ева|1-евѣ	1-емъ	1-еши	1-ета|1-етѣ	1-ете	1-етъ	1-ета|1-етѣ	1-ꙋтъ	-	-	-	-	-	-	-	-	-	1-ѧхъ	1-ѧхова|1-ѧховѣ	1-ѧхомъ	1-ѧше	1-ѧста|1-ѧстѣ	1-ѧсте	1-ѧше	1-ѧста|1-ѧстѣ	1-ѧхꙋ	1-охъ	1-охова|1-оховѣ	1-охомъ	1-е	1-оста|1-остѣ	1-осте	1-е	1-оста|1-остѣ	1-оша	1-и	1-и	1-емъ	1-ите	1-ева|1-евѣ	1-ита|1-итѣ	@lemma	4-лъ	4-ла	4-ло	4-ла	4-ли|4-лѣ	4-ли|4-лѣ	4-ли	4-лы|4-ли	4-ла|4-ли	5~A1s	1-ый|5-ъ|5-ь	5~A1s	1-ый	6~A1t	6-ъ|6-ь	6~A1t	-	7~A1s	11-ъ	7~A1s	11-ый|7-їй	8~A1t	8-ъ	12~A1t	-	1-ый|9-|5-е	5-е|9-	5-и	7-и	7-е	-	5-а|@part.pres.act.short.m.sg.nom	5-е|5-и	-	-	-	-	-	7-а|@part.past.act.short.m.sg.nom	7-е|7-и	-	-	-	-	-	1-ый|5-ее	-	-	5-аго|@part.pres.act.long.m.sg.nom	7-аго|@part.past.act.long.m.sg.nom	6-аго|@part.pres.pass.long.m.sg.nom	12-аго|@part.past.pass.long.m.sg.nom	12-ыхъ^	12-ымъ^	12-ыхъ^	12-ыхъ^	12-ымъ^	12-ыхъ^	12-ыхъ^	12-ымъ^	12-ыхъ^	12-ымъ	12-ымъ	8-а|12-а	12-омъ|12-ѣмъ	12-омъ|12-ѣмъ
V14ed	сѣсти	3	1=ext:д;2=ext:д;5=ext:ꙋщ:ext:д;6=ext:ом:ext:д;7=ext:ш:ext:д;8=ext:ен:ext:д;9=ext:ꙋ:ext:д;11=ext:д;12=ext:н:ext:ен:ext:д;4=base	1-ꙋ	1-ева|1-евѣ	1-емъ	1-еши	1-ета|1-етѣ	1-ете	1-етъ	1-ета|1-етѣ	1-ꙋтъ	-	-	-	-	-	-	-	-	-	-	-	-	-	-	-	-	-	-	2-охъ	1-охова|1-оховѣ	2-охомъ	2-е	1-оста|1-остѣ	1-осте	2-е	1-оста|1-остѣ	1-оша	1-и	1-и	1-емъ	1-ите	1-ева|1-евѣ	1-ита|1-итѣ	@lemma	4-лъ	4-ла	4-ло	4-ла	4-ли|4-лѣ	4-ли|4-лѣ	4-ли	4-лы|4-ли	4-ла|4-ли	5~A1s	1-ый|5-ъ|5-ь	5~A1s	1-ый	6~A1t	6-ъ|6-ь	6~A1t	-	7~A1s	11-ъ	7~A1s	11-ый|7-їй	8~A1t	8-ъ	12~A1t	-	1-ый|9-|5-е	5-е|9-	5-и	7-и	7-е	-	5-а|@part.pres.act.short.m.sg.nom	5-е|5-и	-	-	-	-	-	7-а|@part.past.act.short.m.sg.nom	7-е|7-и	-	-	-	-	-	1-ый|5-ее	-	-	5-аго|@part.pres.act.long.m.sg.nom	7-аго|@part.past.act.long.m.sg.nom	6-аго|@part.pres.pass.long.m.sg.nom	12-аго|@part.past.pass.long.m.sg.nom	12-ыхъ^	12-ымъ^	12-ыхъ^	12-ыхъ^	12-ымъ^	12-ыхъ^	12-ыхъ^	12-ымъ^	12-ыхъ^	12-ымъ	12-ымъ	8-а|12-а	12-омъ|12-ѣмъ	12-омъ|12-ѣмъ
V14k	пещи	2	1=ext:к;2=pal1:ext:к;3=pal2:ext:к;5=ext:ꙋщ:ext:к;6=ext:ом:ext:к;7=ext:ш:ext:к;8=ext:ен:pal1:ext:к;9=ext:ꙋ:ext:к;11=ext:к;12=ext:н:ext:ен:pal1:ext:к	1-ꙋ	2-ева|2-евѣ	2-емъ	2-еши	2-ета|2-етѣ	2-ете	2-етъ	2-ета|2-етѣ	1-ꙋтъ	-	-	-	-	-	-	-	-	-	2-ахъ	2-ахова|2-аховѣ	2-ахомъ	2-аше	2-аста|2-астѣ	2-асте	2-аше	2-аста|2-астѣ	2-ахꙋ	1-охъ	1-охова|1-оховѣ	1-охомъ	2-е	1-оста|1-остѣ	1-осте	2-е	1-оста|1-остѣ	1-оша	3-ы	3-ы	3-емъ	3-ыте	3-ева|3-евѣ	3-ыта|3-ытѣ	@lemma	1-лъ	1-ла	1-ло	1-ла	1-ли|1-лѣ	1-ли|1-лѣ	1-ли	1-лы|1-ли	1-ла|1-ли	5~A1s	1-їй|5-ъ|5-ь	5~A1s	1-їй	6~A1t	6-ъ|6-ь	6~A1t	-	7~A1s	11-ъ	7~A1s	11-ый|7-їй	8~A1t	8-ъ	12~A1t	-	1-їй|9-|5-е	5-е|9-	5-и	7-и	7-е	-	5-а|@part.pres.act.short.m.sg.nom	5-е|5-и	-	-	-	-	-	7-а|@part.past.act.short.m.sg.nom	7-е|7-и	-	-	-	-	-	1-їй|5-ее	-	-	5-аго|@part.pres.act.long.m.sg.nom	7-аго|@part.past.act.long.m.sg.nom	6-аго|@part.pres.pass.long.m.sg.nom	12-аго|@part.past.pass.long.m.sg.nom	12-ыхъ^	12-ымъ^	12-ыхъ^	12-ыхъ^	12-ымъ^	12-ыхъ^	12-ыхъ^	12-ымъ^	12-ыхъ^	12-ымъ	12-ымъ	8-а|12-а	12-омъ|12-ѣмъ	12-омъ|12-ѣмъ
V14g	пещи	2	1=ext:г;2=pal1:ext:г;3=pal2:ext:г;5=ext:ꙋщ:ext:г;6=ext:ом:ext:г;7=ext:ш:ext:г;8=ext:ен:pal1:ext:г;9=ext:ꙋ:ext:г;11=ext:г;12=ext:н:ext:ен:pal1:ext:г	1-ꙋ	2-ева|2-евѣ	2-емъ	2-еши	2-ета|2-етѣ	2-ете	2-етъ	2-ета|2-етѣ	1-ꙋтъ	-	-	-	-	-	-	-	-	-	2-ахъ	2-ахова|2-аховѣ	2-ахомъ	2-аше	2-аста|2-астѣ	2-асте	2-аше	2-аста|2-астѣ	2-ахꙋ	1-охъ	1-охова|1-оховѣ	1-охомъ	2-е	1-оста|1-остѣ	1-осте	2-е	1-оста|1-остѣ	1-оша	3-ы	3-ы	3-емъ	3-ыте	3-ева|3-евѣ	3-ыта|3-ытѣ	@lemma	1-лъ	1-ла	1-ло	1-ла	1-ли|1-лѣ	1-ли|1-лѣ	1-ли	1-лы|1-ли	1-ла|1-ли	5~A1s	1-їй|5-ъ|5-ь	5~A1s	1-їй	6~A1t	6-ъ|6-ь	6~A1t	-	7~A1s	11-ъ	7~A1s	11-ый|7-їй	8~A1t	8-ъ	12~A1t	-	1-їй|9-|5-е	5-е|9-	5-и	7-и	7-е	-	5-а|@part.pres.act.short.m.sg.nom	5-е|5-и	-	-	-	-	-	7-а|@part.past.act.short.m.sg.nom	7-е|7-и	-	-	-	-	-	1-їй|5-ее	-	-	5-аго|@part.pres.act.long.m.sg.nom	7-аго|@part.past.act.long.m.sg.nom	6-аго|@part.pres.pass.long.m.sg.nom	12-аго|@part.past.pass.long.m.sg.nom	12-ыхъ^	12-ымъ^	12-ыхъ^	12-ыхъ^	12-ымъ^	12-ыхъ^	12-ыхъ^	12-ымъ^	12-ыхъ^	12-ымъ	12-ымъ	8-а|12-а	12-омъ|12-ѣмъ	12-омъ|12-ѣмъ
V14g*	жещи	2	1=ext:г:drop;2=pal1:ext:г:drop;3=pal2:ext:г:drop;5=ext:ꙋщ:ext:г:drop;6=ext:ом:ext:г:drop;7=ext:ш:ext:г:drop;8=ext:ен:pal1:ext:г:drop;9=ext:ꙋ:ext:г:drop;11=ext:г:drop;12=ext:н:ext:ен:pal1:ext:г:drop	1-ꙋ	2-ева|2-евѣ	2-емъ	2-еши	2-ета|2-етѣ	2-ете	2-етъ	2-ета|2-етѣ	1-ꙋтъ	-	-	-	-	-	-	-	-	-	2-ахъ	2-ахова|2-аховѣ	2-ахомъ	2-аше	2-аста|2-астѣ	2-асте	2-аше	2-аста|2-астѣ	2-ахꙋ	1-охъ	1-охова|1-оховѣ	1-охомъ	2-е	1-оста|1-остѣ	1-осте	2-е	1-оста|1-остѣ	1-оша	3-и	3-и	3-емъ	3-ите	3-ева|3-евѣ	3-ита|3-итѣ	@lemma	1-лъ	1-ла	1-ло	1-ла	1-ли|1-лѣ	1-ли|1-лѣ	1-ли	1-лы|1-ли	1-ла|1-ли	5~A1s	1-їй|5-ъ|5-ь	5~A1s	1-їй	6~A1t	6-ъ|6-ь	6~A1t	-	7~A1s	11-ъ	7~A1s	11-ый|7-їй	8~A1t	8-ъ	12~A1t	-	1-їй|9-|5-е	5-е|9-	5-и	7-и	7-е	-	5-а|@part.pres.act.short.m.sg.nom	5-е|5-и	-	-	-	-	-	7-а|@part.past.act.short.m.sg.nom	7-е|7-и	-	-	-	-	-	1-їй|5-ее	-	-	5-аго|@part.pres.act.long.m.sg.nom	7-аго|@part.past.act.long.m.sg.nom	6-аго|@part.pres.pass.long.m.sg.nom	12-аго|@part.past.pass.long.m.sg.nom	12-ыхъ^	12-ымъ^	12-ыхъ^	12-ыхъ^	12-ымъ^	12-ыхъ^	12-ыхъ^	12-ымъ^	12-ыхъ^	12-ымъ	12-ымъ	8-а|12-а	12-омъ|12-ѣмъ	12-омъ|12-ѣмъ
V14eg	лещи	2	1=ext:г;2=pal1:ext:г;3=pal2:ext:г;5=ext:ꙋщ:ext:г;6=ext:ом:ext:г;7=ext:ш:ext:г;8=ext:ен:pal1:ext:г;9=ext:ꙋ:ext:г;11=ext:г;12=ext:н:ext:ен:pal1:ext:г	1-ꙋ	2-ева|2-евѣ	2-емъ	2-еши	2-ета|2-етѣ	2-ете	2-етъ	2-ета|2-етѣ	1-ꙋтъ	-	-	-	-	-	-	-	-	-	-	-	-	-	-	-	-	-	-	4-охъ	1-охова|1-оховѣ	4-охомъ	5-е	1-оста|1-остѣ	1-осте	5-е	1-оста|1-остѣ	1-оша	3-и	3-и	3-емъ	3-ите	3-ева|3-евѣ	3-ита|3-итѣ	@lemma	1-лъ	1-ла	1-ло	1-ла	1-ли|1-лѣ	1-ли|1-лѣ	1-ли	1-лы|1-ли	1-ла|1-ли	5~A1s	1-їй|5-ъ|5-ь	5~A1s	1-їй	6~A1t	6-ъ|6-ь	6~A1t	-	7~A1s	11-ъ	7~A1s	11-ый|7-їй	8~A1t	8-ъ	12~A1t	-	1-їй|9-|5-е	5-е|9-	5-и	7-и	7-е	-	5-а|@part.pres.act.short.m.sg.nom	5-е|5-и	-	-	-	-	-	7-а|@part.past.act.short.m.sg.nom	7-е|7-и	-	-	-	-	-	1-їй|5-ее	-	-	5-аго|@part.pres.act.long.m.sg.nom	7-аго|@part.past.act.long.m.sg.nom	6-аго|@part.pres.pass.long.m.sg.nom	12-аго|@part.past.pass.long.m.sg.nom	12-ыхъ^	12-ымъ^	12-ыхъ^	12-ыхъ^	12-ымъ^	12-ыхъ^	12-ыхъ^	12-ымъ^	12-ыхъ^	12-ымъ	12-ымъ	8-а|12-а	12-омъ|12-ѣмъ	12-омъ|12-ѣмъ
V15er	умрети	2	1=drop;2=insert:drop;3=base;5=ext:ꙋщ:drop;6=ext:ем:drop;7=ext:ш:insert:drop;8=ext:т:insert:drop;9=ext:ꙋ:drop;11=insert:drop;12=ext:т:insert:drop	1-ꙋ	1-ева|1-евѣ	1-емъ	1-еши	1-ета|1-етѣ	1-ете	1-етъ	1-ета|1-етѣ	1-ꙋтъ	-	-	-	-	-	-	-	-	-	-	-	-	-	-	-	-	-	-	1-охъ	1-охова|1-оховѣ	1-охомъ	1-е	1-оста|1-остѣ	1-осте	1-е	1-оста|1-остѣ	1-оша	1-и	1-и	1-емъ	1-ите	1-ева|1-евѣ	1-ита|1-итѣ	3-ти	2-лъ	2-ла	2-ло	2-ла	2-ли|2-лѣ	2-ли|2-лѣ	2-ли	2-лы|2-ли	2-ла|2-ли	5~A1s	1-ый|5-ъ|5-ь	5~A1s	1-ый	6~A1t	-	6~A1t	-	7~A1s	11-ъ	7~A1s	11-ый|7-їй	8~A1t	8-ъ	12~A1t	-	5-е	5-е	5-и	7-и	7-е	-	5-а|@part.pres.act.short.m.sg.nom	5-е|5-и	-	-	-	-	-	7-а|@part.past.act.short.m.sg.nom	7-е|7-и	-	-	-	-	-	1-ый|5-ее	-	-	5-аго|@part.pres.act.long.m.sg.nom	7-аго|@part.past.act.long.m.sg.nom	6-аго|@part.pres.pass.long.m.sg.nom	12-аго|@part.past.pass.long.m.sg.nom	12-ыхъ^	12-ымъ^	12-ыхъ^	12-ыхъ^	12-ымъ^	12-ыхъ^	12-ыхъ^	12-ымъ^	12-ыхъ^	12-ымъ	12-ымъ	8-а|12-а	12-омъ|12-ѣмъ	12-омъ|12-ѣмъ
V15ol	клати	2	1=base;2=base;5=ext:ющ;6=ext:ем;7=ext:вш;8=ext:ен;9=ext:ѧ;11=ext:в;12=ext:н:ext:ен	1-ю	1-ева|1-евѣ	1-емъ	1-еши	1-ета|1-етѣ	1-ете	1-етъ	1-ета|1-етѣ	1-ютъ	-	-	-	-	-	-	-	-	-	1-ѧхъ	1-ѧхова|1-ѧховѣ	1-ѧхомъ	1-ѧше	1-ѧста|1-ѧстѣ	1-ѧсте	1-ѧше	1-ѧста|1-ѧстѣ	1-ѧхꙋ	2-хъ	2-хова|2-ховѣ	2-хомъ	2-	2-ста|2-стѣ	2-сте	2-	2-ста|2-стѣ	2-ша	1-и	1-и	1-емъ	1-ите	1-ева|1-евѣ	1-ита|1-итѣ	2-ти	2-лъ	2-ла	2-ло	2-ла	2-ли|2-лѣ	2-ли|2-лѣ	2-ли	2-лы|2-ли	2-ла|2-ли	5~A1s	9-|5-ъ|5-ь	5~A1s	9-й	6~A1t	-	6~A1t	-	7~A1s	11-ъ	7~A1s	11-ый|7-їй	8~A1t	8-ъ	12~A1t	-	9-|5-е	5-е|9-	5-и	7-и	7-е	-	5-а|@part.pres.act.short.m.sg.nom	5-е|5-и	-	-	-	-	-	7-а|@part.past.act.short.m.sg.nom	7-е|7-и	-	-	-	-	-	9-й|5-ее	-	-	5-аго|@part.pres.act.long.m.sg.nom	7-аго|@part.past.act.long.m.sg.nom	6-аго|@part.pres.pass.long.m.sg.nom	12-аго|@part.past.pass.long.m.sg.nom	12-ыхъ^	12-ымъ^	12-ыхъ^	12-ыхъ^	12-ымъ^	12-ыхъ^	12-ыхъ^	12-ымъ^	12-ыхъ^	12-ымъ	12-ымъ	8-а|12-а	12-омъ|12-ѣмъ	12-омъ|12-ѣмъ
V15el	млети	2	1=base;2=base;5=ext:ющ;6=ext:ем;7=ext:вш;8=ext:ен;9=ext:ѧ;11=ext:в;12=ext:н:ext:ен	1-ю	1-ева|1-евѣ	1-емъ	1-еши	1-ета|1-етѣ	1-ете	1-етъ	1-ета|1-етѣ	1-ютъ	-	-	-	-	-	-	-	-	-	1-ѧхъ	1-ѧхова|1-ѧховѣ	1-ѧхомъ	1-ѧше	1-ѧста|1-ѧстѣ	1-ѧсте	1-ѧше	1-ѧста|1-ѧстѣ	1-ѧхꙋ	1-охъ	1-охова|1-оховѣ	1-охомъ	1-е	1-оста|1-остѣ	1-осте	1-е	1-оста|1-остѣ	1-оша	1-и	1-и	1-емъ	1-ите	1-ева|1-евѣ	1-ита|1-итѣ	2-ти	2-лъ	2-ла	2-ло	2-ла	2-ли|2-лѣ	2-ли|2-лѣ	2-ли	2-лы|2-ли	2-ла|2-ли	5~A1s	9-|5-ъ|5-ь	5~A1s	9-й	6~A1t	-	6~A1t	-	7~A1s	11-ъ	7~A1s	11-ый|7-їй	8~A1t	8-ъ	12~A1t	-	9-|5-е	5-е|9-	5-и	7-и	7-е	-	5-а|@part.pres.act.short.m.sg.nom	5-е|5-и	-	-	-	-	-	7-а|@part.past.act.short.m.sg.nom	7-е|7-и	-	-	-	-	-	9-й|5-ее	-	-	5-аго|@part.pres.act.long.m.sg.nom	7-аго|@part.past.act.long.m.sg.nom	6-аго|@part.pres.pass.long.m.sg.nom	12-аго|@part.past.pass.long.m.sg.nom	12-ыхъ^	12-ымъ^	12-ыхъ^	12-ыхъ^	12-ымъ^	12-ыхъ^	12-ыхъ^	12-ымъ^	12-ыхъ^	12-ымъ	12-ымъ	8-а|12-а	12-омъ|12-ѣмъ	12-омъ|12-ѣмъ
V15i	бити	2	1=base;2=iota;5=ext:ющ:iota;6=ext:ем:iota;7=ext:вш;8=ext:т;9=ext:ѧ;11=ext:в;12=ext:т	1-ю	1-ева|1-евѣ	1-емъ	1-еши	1-ета|1-етѣ	1-ете	1-етъ	1-ета|1-етѣ	1-ютъ	-	-	-	-	-	-	-	-	-	1-ѧхъ	1-ѧхова|1-ѧховѣ	1-ѧхомъ	1-ѧше	1-ѧста|1-ѧстѣ	1-ѧсте	1-ѧше	1-ѧста|1-ѧстѣ	1-ѧхꙋ	1-хъ	1-хова|1-ховѣ	1-хомъ	1-	1-ста|1-стѣ	1-сте	1-	1-ста|1-стѣ	1-ша	1-й	1-й	1-емъ|1-имъ	1-йте	1-ива|1-ивѣ|1-ева|1-евѣ	1-ита|1-итѣ	1-ти	1-лъ	1-ла	1-ло	1-ла	1-ли|1-лѣ	1-ли|1-лѣ	1-ли	1-лы|1-ли	1-ла|1-ли	5~A1s	9-|5-ъ|5-ь	5~A1s	9-й	6~A1t	-	6~A1t	-	7~A1s	11-ъ	7~A1s	11-ый|7-їй	8~A1t	8-ъ	12~A1t	-	9-|5-е	5-е|9-	5-и	7-и	7-е	-	5-а|@part.pres.act.short.m.sg.nom	5-е|5-и	-	-	-	-	-	7-а|@part.past.act.short.m.sg.nom	7-е|7-и	-	-	-	-	-	9-й|5-ее	-	-	5-аго|@part.pres.act.long.m.sg.nom	7-аго|@part.past.act.long.m.sg.nom	6-аго|@part.pres.pass.long.m.sg.nom	12-аго|@part.past.pass.long.m.sg.nom	12-ыхъ^	12-ымъ^	12-ыхъ^	12-ыхъ^	12-ымъ^	12-ыхъ^	12-ыхъ^	12-ымъ^	12-ыхъ^	12-ымъ	12-ымъ	8-а|12-а	12-омъ|12-ѣмъ	12-омъ|12-ѣмъ
V15y	бити	2	1=base;2=base;5=ext:ющ;6=ext:ем;7=ext:вш;8=ext:т;9=ext:ѧ;11=ext:в;12=ext:т	1-ю	1-ева|1-евѣ	1-емъ	1-еши	1-ета|1-етѣ	1-ете	1-етъ	1-ета|1-етѣ	1-ютъ	-	-	-	-	-	-	-	-	-	1-ѧхъ	1-ѧхова|1-ѧховѣ	1-ѧхомъ	1-ѧше	1-ѧста|1-ѧстѣ	1-ѧсте	1-ѧше	1-ѧста|1-ѧстѣ	1-ѧхꙋ	1-хъ	1-хова|1-ховѣ	1-хомъ	1-	1-ста|1-стѣ	1-сте	1-	1-ста|1-стѣ	1-ша	1-й	1-й	1-емъ|1-имъ	1-йте	1-ива|1-ивѣ|1-ева|1-евѣ	1-ита|1-итѣ	1-ти	1-лъ	1-ла	1-ло	1-ла	1-ли|1-лѣ	1-ли|1-лѣ	1-ли	1-лы|1-ли	1-ла|1-ли	5~A1s	9-|5-ъ|5-ь	5~A1s	9-й	6~A1t	-	6~A1t	-	7~A1s	11-ъ	7~A1s	11-ый|7-їй	8~A1t	8-ъ	12~A1t	-	9-|5-е	5-е|9-	5-и	7-и	7-е	-	5-а|@part.pres.act.short.m.sg.nom	5-е|5-и	-	-	-	-	-	7-а|@part.past.act.short.m.sg.nom	7-е|7-и	-	-	-	-	-	9-й|5-ее	-	-	5-аго|@part.pres.act.long.m.sg.nom	7-аго|@part.past.act.long.m.sg.nom	6-аго|@part.pres.pass.long.m.sg.nom	12-аго|@part.past.pass.long.m.sg.nom	12-ыхъ^	12-ымъ^	12-ыхъ^	12-ыхъ^	12-ымъ^	12-ыхъ^	12-ыхъ^	12-ымъ^	12-ыхъ^	12-ымъ	12-ымъ	8-а|12-а	12-омъ|12-ѣмъ	12-омъ|12-ѣмъ
V15e	пѣти	2	1=base;2=base;5=ext:ющ;6=ext:ем;7=ext:вш;8=ext:т;9=ext:ѧ;11=ext:в;12=ext:т	2-ю	2-ева|2-евѣ	2-емъ	2-еши	2-ета|2-етѣ	2-ете	2-етъ	2-ета|2-етѣ	2-ютъ	-	-	-	-	-	-	-	-	-	2-ѧхъ	2-ѧхова|2-ѧховѣ	2-ѧхомъ	2-ѧше	2-ѧста|2-ѧстѣ	2-ѧсте	2-ѧше	2-ѧста|2-ѧстѣ	2-ѧхꙋ	1-хъ	1-хова|1-ховѣ	1-хомъ	1-	1-ста|1-стѣ	1-сте	1-	1-ста|1-стѣ	1-ша	2-й	2-й	2-емъ|2-имъ	2-йте	2-ива|2-ивѣ|2-ева|2-евѣ	2-ита|2-итѣ	1-ти	1-лъ	1-ла	1-ло	1-ла	1-ли|1-лѣ	1-ли|1-лѣ	1-ли	1-лы|1-ли	1-ла|1-ли	5~A1s	9-|5-ъ|5-ь	5~A1s	9-й	6~A1t	6-ъ|6-ь	6~A1t	-	7~A1s	11-ъ	7~A1s	11-ый|7-їй	8~A1t	8-ъ	12~A1t	-	9-|5-е	5-е|9-	5-и	7-и	7-е	-	5-а|@part.pres.act.short.m.sg.nom	5-е|5-и	-	-	-	-	-	7-а|@part.past.act.short.m.sg.nom	7-е|7-и	-	-	-	-	-	9-й|5-ее	-	-	5-аго|@part.pres.act.long.m.sg.nom	7-аго|@part.past.act.long.m.sg.nom	6-аго|@part.pres.pass.long.m.sg.nom	12-аго|@part.past.pass.long.m.sg.nom	12-ыхъ^	12-ымъ^	12-ыхъ^	12-ыхъ^	12-ымъ^	12-ыхъ^	12-ыхъ^	12-ымъ^	12-ыхъ^	12-ымъ	12-ымъ	8-а|12-а	12-омъ|12-ѣмъ	12-омъ|12-ѣмъ
V15n	мяти	2	1=base;2=nasal;5=ext:ꙋщ:nasal;6=ext:ем:nasal;7=ext:вш;8=ext:т;9=ext:ꙋ:nasal;11=ext:в;12=ext:т	2-ꙋ	2-ева|2-евѣ	2-емъ	2-еши	2-ета|2-етѣ	2-ете	2-етъ	2-ета|2-етѣ	2-ꙋтъ	-	-	-	-	-	-	-	-	-	2-ѧхъ	2-ѧхова|2-ѧховѣ	2-ѧхомъ	2-ѧше	2-ѧста|2-ѧстѣ	2-ѧсте	2-ѧше	2-ѧста|2-ѧстѣ	2-ѧхꙋ	1-хъ	1-хова|1-ховѣ	1-хомъ	1-	1-ста|1-стѣ	1-сте	1-	1-ста|1-стѣ	1-ша	2-и	2-и	2-емъ|2-имъ	2-ите	2-ива|2-ивѣ|2-ева|2-евѣ	2-ита|2-итѣ	1-ти	1-лъ	1-ла	1-ло	1-ла	1-ли|1-лѣ	1-ли|1-лѣ	1-ли	1-лы|1-ли	1-ла|1-ли	5~A1s	2-ый|5-ъ|5-ь	5~A1s	2-ый	6~A1t	-	6~A1t	-	7~A1s	11-ъ	7~A1s	11-ый|7-їй	8~A1t	8-ъ	12~A1t	-	5-е	5-е	5-и	7-и	7-е	-	5-а|@part.pres.act.short.m.sg.nom	5-е|5-и	-	-	-	-	-	7-а|@part.past.act.short.m.sg.nom	7-е|7-и	-	-	-	-	-	2-ый|5-ее	-	-	5-аго|@part.pres.act.long.m.sg.nom	7-аго|@part.past.act.long.m.sg.nom	6-аго|@part.pres.pass.long.m.sg.nom	12-аго|@part.past.pass.long.m.sg.nom	12-ыхъ^	12-ымъ^	12-ыхъ^	12-ыхъ^	12-ымъ^	12-ыхъ^	12-ыхъ^	12-ымъ^	12-ыхъ^	12-ымъ	12-ымъ	8-а|12-а	12-омъ|12-ѣмъ	12-омъ|12-ѣмъ
V15a	стати	2	1=base;2=ext:н;5=ext:ꙋщ:ext:н;6=ext:ем:ext:н;7=ext:вш;8=ext:т;9=ext:ꙋ:ext:н;11=ext:в;12=ext:т	1-нꙋ	1-нева|1-невѣ	1-немъ	1-неши	1-нета|1-нетѣ	1-нете	1-нетъ	1-нета|1-нетѣ	1-нꙋтъ	-	-	-	-	-	-	-	-	-	1-нѧхъ	1-нѧхова|1-нѧховѣ	1-нѧхомъ	1-нѧше	1-нѧста|1-нѧстѣ	1-нѧсте	1-нѧше	1-нѧста|1-нѧстѣ	1-нѧхꙋ	1-хъ	1-хова|1-ховѣ	1-хомъ	1-	1-ста|1-стѣ	1-сте	1-	1-ста|1-стѣ	1-ша	1-ни	1-ни	1-немъ|1-нимъ	1-ните	1-нива|1-нивѣ|1-нева|1-невѣ	1-нита|1-нитѣ	1-ти	1-лъ	1-ла	1-ло	1-ла	1-ли|1-лѣ	1-ли|1-лѣ	1-ли	1-лы|1-ли	1-ла|1-ли	5~A1s	1-ный|5-ъ|5-ь	5~A1s	1-ный	6~A1t	-	6~A1t	-	7~A1s	11-ъ	7~A1s	11-ый|7-їй	8~A1t	8-ъ	12~A1t	-	5-е	5-е	5-и	7-и	7-е	-	5-а|@part.pres.act.short.m.sg.nom	5-е|5-и	-	-	-	-	-	7-а|@part.past.act.short.m.sg.nom	7-е|7-и	-	-	-	-	-	1-ный|5-ее	-	-	5-аго|@part.pres.act.long.m.sg.nom	7-аго|@part.past.act.long.m.sg.nom	6-аго|@part.pres.pass.long.m.sg.nom	12-аго|@part.past.pass.long.m.sg.nom	12-ыхъ^	12-ымъ^	12-ыхъ^	12-ыхъ^	12-ымъ^	12-ыхъ^	12-ыхъ^	12-ымъ^	12-ыхъ^	12-ымъ	12-ымъ	8-а|12-а	12-омъ|12-ѣмъ	12-омъ|12-ѣмъ
V15v	жити	2	1=base;2=ext:в;5=ext:ꙋщ:ext:в;6=ext:ем:ext:в;7=ext:вш;8=ext:т;9=ext:ꙋ:ext:в;11=ext:в;12=ext:т	2-ꙋ	2-ева|2-евѣ	2-емъ	2-еши	2-ета|2-етѣ	2-ете	2-етъ	2-ета|2-етѣ	2-ꙋтъ	-	-	-	-	-	-	-	-	-	2-ѧхъ	2-ѧхова|2-ѧховѣ	2-ѧхомъ	2-ѧше	2-ѧста|2-ѧстѣ	2-ѧсте	2-ѧше	2-ѧста|2-ѧстѣ	2-ѧхꙋ	2-хъ	2-хова|2-ховѣ	2-хомъ	2-	2-ста|2-стѣ	2-сте	2-	2-ста|2-стѣ	2-ша	2-и	2-и	2-емъ|2-имъ	2-ите	2-ива|2-ивѣ|2-ева|2-евѣ	2-ита|2-итѣ	2-ти	2-лъ	2-ла	2-ло	2-ла	2-ли|2-лѣ	2-ли|2-лѣ	2-ли	2-лы|2-ли	2-ла|2-ли	5~A1s	2-ый|5-ъ|5-ь	5~A1s	2-ый	6~A1t	-	6~A1t	-	7~A1s	11-ъ	7~A1s	11-ый|7-їй	8~A1t	8-ъ	12~A1t	-	5-е	5-е	5-и	7-и	7-е	-	5-а|@part.pres.act.short.m.sg.nom	5-е|5-и	-	-	-	-	-	7-а|@part.past.act.short.m.sg.nom	7-е|7-и	-	-	-	-	-	2-ый|5-ее	-	-	5-аго|@part.pres.act.long.m.sg.nom	7-аго|@part.past.act.long.m.sg.nom	6-аго|@part.pres.pass.long.m.sg.nom	12-аго|@part.past.pass.long.m.sg.nom	12-ыхъ^	12-ымъ^	12-ыхъ^	12-ыхъ^	12-ымъ^	12-ыхъ^	12-ыхъ^	12-ымъ^	12-ыхъ^	12-ымъ	12-ымъ	8-а|12-а	12-омъ|12-ѣмъ	12-омъ|12-ѣмъ
Vbyt	быти	4	1=base;5=ext:сꙋщ;6=ext:бꙋдом;7=ext:бывш;8=ext:бывен;9=ext:сы;11=ext:быв;12=ext:н:ext:бывен	1-есмь	1-есма	1-есмы	1-еси	1-еста	1-есте	1-есть	1-еста	1-сꙋть	1-бꙋдꙋ	1-бꙋдева	1-бꙋдемъ	1-бꙋдеши	1-бꙋдета	1-бꙋдете	1-бꙋдетъ	1-бꙋдета	1-бꙋдꙋтъ	1-бѧхъ	1-бѧхова	1-бѧхомъ	1-бѧше	1-бѧста	1-бѧсте	1-бѧше	1-бѧста	1-бѧхꙋ	1-быхъ|1-бѣхъ	1-быхова|1-бѣхова	1-быхомъ|1-бѣхомъ	1-бысть|1-бѣ	1-быста|1-бѣста	1-бысте|1-бѣсте	1-бысть|1-бѣ	1-быста|1-бѣста	1-быша|1-бѣша	1-бꙋди	1-бꙋди	1-бꙋдимъ	1-бꙋдите	1-бꙋдива	1-бꙋдита	@lemma	1-былъ	1-была	1-было	1-была	1-были|1-былѣ	1-были|1-былѣ	1-были	1-былы	1-была	5~A1s	1-сый|9-	5~A1s	1-сый|5-ій	6~A1t	6-ъ|6-ь	6~A1t	-	7~A1s	11-ъ	7~A1s	11-ый|7-їй	8~A1t	8-ъ	12~A1t	-	1-сый|9-|5-е	5-е|9-	5-и	7-и	7-е	-	5-а|@part.pres.act.short.m.sg.nom	5-е|5-и	-	-	-	-	-	7-а|@part.past.act.short.m.sg.nom	7-е|7-и	-	-	-	-	-	@part.pres.act.long.m.sg.nom|5-ее	-	-	5-аго|@part.pres.act.long.m.sg.nom	7-аго|@part.past.act.long.m.sg.nom	6-аго|@part.pres.pass.long.m.sg.nom	12-аго|@part.past.pass.long.m.sg.nom	12-ыхъ^	12-ымъ^	12-ыхъ^	12-ыхъ^	12-ымъ^	12-ыхъ^	12-ыхъ^	12-ымъ^	12-ыхъ^	12-ымъ	12-ымъ	8-а|12-а	12-омъ|12-ѣмъ	12-омъ|12-ѣмъ
Vbyt*	добыти	4	1=base;5=ext:бꙋдꙋщ;6=ext:бꙋдом;7=ext:бывш;8=ext:бывен;9=ext:бꙋдꙋ;11=ext:быв;12=ext:н:ext:бывен	1-бꙋдꙋ	1-бꙋдева	1-бꙋдемъ	1-бꙋдеши	1-бꙋдета	1-бꙋдете	1-бꙋдетъ	1-бꙋдета	1-бꙋдꙋтъ	-	-	-	-	-	-	-	-	-	1-бѧхъ	1-бѧхова	1-бѧхомъ	1-бѧше	1-бѧста	1-бѧсте	1-бѧше	1-бѧста	1-бѧхꙋ	1-быхъ|1-бѣхъ	1-быхова|1-бѣхова	1-быхомъ|1-бѣхомъ	1-бысть|1-бѣ	1-быста|1-бѣста	1-бысте|1-бѣсте	1-бысть|1-бѣ	1-быста|1-бѣста	1-быша|1-бѣша	1-бꙋди	1-бꙋди	1-бꙋдимъ	1-бꙋдите	1-бꙋдива	1-бꙋдита	@lemma	1-былъ	1-была	1-было	1-была	1-были|1-былѣ	1-были|1-былѣ	1-были	1-былы	1-была	5~A1s	9-	5~A1s	9-й	6~A1t	6-ъ|6-ь	6~A1t	-	7~A1s	11-ъ	7~A1s	11-ый|7-їй	8~A1t	8-ъ	12~A1t	-	9-|5-е	5-е|9-	5-и	7-и	7-е	-	5-а|@part.pres.act.short.m.sg.nom	5-е|5-и	-	-	-	-	-	7-а|@part.past.act.short.m.sg.nom	7-е|7-и	-	-	-	-	-	@part.pres.act.long.m.sg.nom|5-ее	-	-	5-аго|@part.pres.act.long.m.sg.nom	7-аго|@part.past.act.long.m.sg.nom	6-аго|@part.pres.pass.long.m.sg.nom	12-аго|@part.past.pass.long.m.sg.nom	12-ыхъ^	12-ымъ^	12-ыхъ^	12-ыхъ^	12-ымъ^	12-ыхъ^	12-ыхъ^	12-ымъ^	12-ыхъ^	12-ымъ	12-ымъ	8-а|12-а	12-омъ|12-ѣмъ	12-омъ|12-ѣмъ
Vdat	дати	2	1=base;5=ext:дꙋщ;6=ext:дом;7=ext:вш;8=ext:н;9=ext:ды;11=ext:в;12=ext:н:ext:н	1-мъ	1-ва	1-мы|1-мъ	1-си	1-ста	1-сте	1-стъ|1-сть	1-ста	1-дѧтъ|1-дꙋтъ	-	-	-	-	-	-	-	-	-	1-дѧхъ	1-дѧхова	1-дѧхомъ	1-дѧше	1-дѧста	1-дѧсте	1-дѧше	1-дѧста	1-дѧхꙋ	1-хъ	1-хова	1-хомъ	1-де	1-ста	1-сте	1-де	1-ста	1-ша|1-доша	1-ждь|1-й	1-ждь|1-й	1-димъ	1-дите|1-йте	1-дива	1-дита	1-ти	1-лъ	1-ла	1-ло	1-ла	1-ли|1-лѣ	1-ли|1-лѣ	1-ли	1-лы	1-ла	5~A1s	9-	5~A1s	9-й	6~A1t	6-ъ|6-ь	6~A1t	-	7~A1s	11-ъ	7~A1s	11-ый|7-їй	8~A1t	8-ъ	12~A1t	-	9-|5-е	5-е|9-	5-и	7-и	7-е	-	5-а|@part.pres.act.short.m.sg.nom	5-е|5-и	-	-	-	-	-	7-а|@part.past.act.short.m.sg.nom	7-е|7-и	-	-	-	-	-	@part.pres.act.long.m.sg.nom|5-ее	-	-	5-аго|@part.pres.act.long.m.sg.nom	7-аго|@part.past.act.long.m.sg.nom	6-аго|@part.pres.pass.long.m.sg.nom	12-аго|@part.past.pass.long.m.sg.nom	12-ыхъ^	12-ымъ^	12-ыхъ^	12-ыхъ^	12-ымъ^	12-ыхъ^	12-ыхъ^	12-ымъ^	12-ыхъ^	12-ымъ	12-ымъ	8-а|12-а	12-омъ|12-ѣмъ	12-омъ|12-ѣмъ
Vest	ꙗсти	3	1=base;5=ext:дꙋщ;6=ext:дом;7=ext:дш;8=ext:ден;9=ext:ды;11=ext:дъ;12=ext:н:ext:ден	1-мъ	1-ва	1-мы	1-си	1-ста	1-сте	1-стъ|1-сть	1-ста	1-дѧтъ	-	-	-	-	-	-	-	-	-	1-дѧхъ	1-дѧхова	1-дѧхомъ	1-дѧше	1-дѧста	1-дѧсте	1-дѧше	1-дѧста	1-дѧхꙋ	1-дохъ|1-хъ	1-дохова	1-дохомъ|1-хомъ	1-де	1-доста|1-ста	1-досте|1-сте	1-де	1-доста|1-ста	1-доша|1-ша	1-ждь	1-ждь	1-димъ	1-дите	1-дива	1-дита	1-сти	1-лъ	1-ла	1-ло	1-ла	1-ли|1-лѣ	1-ли|1-лѣ	1-ли	1-лы	1-ла	5~A1s	9-	5~A1s	9-й	6~A1t	6-ъ|6-ь	6~A1t	-	7~A1s	11-ъ	7~A1s	11-ый|7-їй	8~A1t	8-ъ	12~A1t	-	9-|5-е	5-е|9-	5-и	7-и	7-е	-	5-а|@part.pres.act.short.m.sg.nom	5-е|5-и	-	-	-	-	-	7-а|@part.past.act.short.m.sg.nom	7-е|7-и	-	-	-	-	-	@part.pres.act.long.m.sg.nom|5-ее	-	-	5-аго|@part.pres.act.long.m.sg.nom	7-аго|@part.past.act.long.m.sg.nom	6-аго|@part.pres.pass.long.m.sg.nom	12-аго|@part.past.pass.long.m.sg.nom	12-ыхъ^	12-ымъ^	12-ыхъ^	12-ыхъ^	12-ымъ^	12-ыхъ^	12-ыхъ^	12-ымъ^	12-ыхъ^	12-ымъ	12-ымъ	8-а|12-а	12-омъ|12-ѣмъ	12-омъ|12-ѣмъ
Vved	вѣдѣти	3	1=base;5=ext:ꙋщ;6=ext:ом;7=ext:ѣвш;8=ext:ѣн;9=ext:ы;11=ext:ѣв;12=ext:н:ext:ѣн	1-ѣмъ	1-ѣва	1-ѣмы	1-ѣси	1-ѣста	1-ѣсте	1-ѣсть	1-ѣста	1-ѧтъ	-	-	-	-	-	-	-	-	-	1-ѧхъ	1-ѧхова	1-ѧхомъ	1-ѧше	1-ѧста	1-ѧсте	1-ѧше	1-ѧста	1-ѧхꙋ	1-ѣхъ	1-ѣхова	1-ѣхомъ	1-ѣ	1-ѣста	1-ѣсте	1-ѣ	1-ѣста	1-ѣша	1-ждь	1-ждь	1-димъ	1-дите|1-ждьте	1-дива	1-дита	1-ѣти	1-ѣлъ	1-ѣла	1-ѣло	1-ѣла	1-ѣли|1-ѣлѣ	1-ѣли|1-ѣлѣ	1-ѣли	1-ѣлы	1-ѣла	5~A1s	9-й|9-	5~A1s	9-й	6~A1t	6-ъ|6-ь	6~A1t	-	7~A1s	11-ъ	7~A1s	11-ый|7-їй	8~A1t	8-ъ	12~A1t	-	9-|5-е	5-е|9-	5-и	7-и	7-е	-	5-а|@part.pres.act.short.m.sg.nom	5-е|5-и	-	-	-	-	-	7-а|@part.past.act.short.m.sg.nom	7-е|7-и	-	-	-	-	-	@part.pres.act.long.m.sg.nom|5-ее	-	-	5-аго|@part.pres.act.long.m.sg.nom	7-аго|@part.past.act.long.m.sg.nom	6-аго|@part.pres.pass.long.m.sg.nom	12-аго|@part.past.pass.long.m.sg.nom	12-ыхъ^	12-ымъ^	12-ыхъ^	12-ыхъ^	12-ымъ^	12-ыхъ^	12-ыхъ^	12-ымъ^	12-ыхъ^	12-ымъ	12-ымъ	8-а|12-а	12-омъ|12-ѣмъ	12-омъ|12-ѣмъ
Vima	имѣти	4	1=base;5=ext:ꙋщ;6=ext:ѣем;7=ext:ѣвш;8=ext:ѣн;9=ext:ѣѧ;11=ext:ѣв;12=ext:н:ext:ѣн	1-амъ	1-ава	1-амы	1-аши	1-ата	1-ате	1-ать	1-ата	1-ꙋтъ	-	-	-	-	-	-	-	-	-	1-ѣѧхъ	1-ѣѧхова	1-ѣѧхомъ	1-ѣѧше	1-ѣѧста	1-ѣѧсте	1-ѣѧше	1-ѣѧста	1-ѣѧхꙋ	1-ѣхъ	1-ѣхова	1-ѣхомъ	1-ѣ	1-ѣста	1-ѣсте	1-ѣ	1-ѣста	1-ѣша	1-ѣй	1-ѣй	1-ѣимъ	1-ѣйте	1-ѣива	1-ѣита	1-ѣти	1-ѣлъ	1-ѣла	1-ѣло	1-ѣла	1-ѣли|1-ѣлѣ	1-ѣли|1-ѣлѣ	1-ѣли	1-ѣлы	1-ѣла	5~A1s	9-	5~A1s	9-й	6~A1t	6-ъ|6-ь	6~A1t	-	7~A1s	11-ъ	7~A1s	11-ый|7-їй	8~A1t	8-ъ	12~A1t	-	9-|5-е	5-е|9-	5-и	7-и	7-е	-	5-а|@part.pres.act.short.m.sg.nom	5-е|5-и	-	-	-	-	-	7-а|@part.past.act.short.m.sg.nom	7-е|7-и	-	-	-	-	-	@part.pres.act.long.m.sg.nom|5-ее	-	-	5-аго|@part.pres.act.long.m.sg.nom	7-аго|@part.past.act.long.m.sg.nom	6-аго|@part.pres.pass.long.m.sg.nom	12-аго|@part.past.pass.long.m.sg.nom	12-ыхъ^	12-ымъ^	12-ыхъ^	12-ыхъ^	12-ымъ^	12-ыхъ^	12-ыхъ^	12-ымъ^	12-ыхъ^	12-ымъ	12-ымъ	8-а|12-а	12-омъ|12-ѣмъ	12-омъ|12-ѣмъ
