id	lemma	pos	gender	anim	class	stress	stems	overrides	variants	src	note
азъ.pron	а҆́зъ	pron	-	-	PPja	b	1=мен;2=мн;3=м	-	1.sg.gen=менѐ	A:§47;P:PNja;A:p047	personal
вашъ.pron	ва́шъ	pron	m	-	PA1s	a	-	-	m.pl.dat=ва́шимъ;m.pl.acc=ва́шы;f.pl.nom=ва́шы;f.pl.dat=ва́шимъ;f.pl.acc=ва́шы;f.pl.voc=ва́шы;n.pl.dat=ва́шимъ	A:§48;P:PA2s	-
весь.pron	ве́сь	pron	m	-	PA1j*	a{m.sg.gen=1;m.sg.dat=1;f.sg.gen=1;n.sg.gen=1;n.sg.dat=1}	-	m.sg.ins=всѣ́мъ;m.du.gen=всѣ́ю;m.du.loc=всѣ́ю;m.pl.acc=всѧ̑;f.du.nom=всѧ̑;f.du.gen=всѣ́ю;f.du.acc=всѧ̑;f.du.loc=всѣ́ю;f.du.voc=всѧ̑;f.pl.nom=всѧ̑;f.pl.acc=всѧ̑;f.pl.voc=всѧ̑;n.sg.ins=всѣ́мъ;n.du.nom=всѧ̑;n.du.gen=всѣ́ю;n.du.acc=всѧ̑;n.du.loc=всѣ́ю;n.du.voc=всѧ̑	m.sg.dat=всемꙋ;m.sg.acc=всего̀;m.pl.nom=всѣ̀;m.pl.ins=всѣми;m.pl.voc=всѣ̀;f.sg.gen=всеѧ;f.pl.ins=всѣми;n.sg.dat=всемꙋ;n.pl.ins=всѣми	A:§48;P:PA2j*	-
всѧкъ.pron	всѧ́къ	pron	m	-	PA1n	a	-	m.sg.gen=всѧ́ка;m.sg.acc=всѧ́ка;m.sg.ins=всѧ́цемъ;m.sg.loc=всѧ́цѣмъ;m.du.gen=всѧ́кою;m.du.dat=всѧ́цѣма;m.du.ins=всѧ́цѣма;m.du.loc=всѧ́кою;m.pl.nom=всѧ́цы;m.pl.gen=всѧ́цѣхъ;m.pl.dat=всѧ̑цѣмъ;m.pl.acc=всѧ̑кы;m.pl.ins=всѧ́цѣми;m.pl.loc=всѧ́цѣхъ;m.pl.voc=всѧ́цы;f.du.nom=всѧ́цѣ;f.du.gen=всѧ́кою;f.du.dat=всѧ́цѣма;f.du.acc=всѧ́цѣ;f.du.ins=всѧ́цѣма;f.du.loc=всѧ́кою;f.du.voc=всѧ́цѣ;f.pl.nom=всѧ̑кы;f.pl.gen=всѧ́цѣхъ;f.pl.dat=всѧ̑цѣмъ;f.pl.acc=всѧ̑кы;f.pl.ins=всѧ́цѣми;f.pl.loc=всѧ́цѣхъ;f.pl.voc=всѧ̑кы;n.sg.gen=всѧ́ка;n.sg.ins=всѧ́цемъ;n.sg.loc=всѧ́цѣмъ;n.du.nom=всѧ́цѣ;n.du.gen=всѧ́кою;n.du.dat=всѧ́цѣма;n.du.acc=всѧ́цѣ;n.du.ins=всѧ́цѣма;n.du.loc=всѧ́кою;n.du.voc=всѧ́цѣ;n.pl.gen=всѧ́цѣхъ;n.pl.dat=всѧ̑цѣмъ;n.pl.ins=всѧ́цѣми;n.pl.loc=всѧ́цѣхъ	m.sg.dat=всѧ́кꙋ;m.sg.ins=всѧ́цѣмъ;m.sg.loc=всѧ́цемъ;n.sg.dat=всѧ́кꙋ;n.sg.ins=всѧ́цѣмъ;n.sg.loc=всѧ́цемъ	A:§48;P:PA1k	-
всѧческъ.pron	всѧ́ческъ	pron	m	-	PA1s	a	-	m.pl.dat=всѧ́чєскимъ;f.sg.nom=всѧ́чески;f.sg.voc=всѧ́чески;f.pl.dat=всѧ́чєскимъ;n.pl.dat=всѧ́чєскимъ	m.pl.gen=всѧ́чєскихъ;m.pl.loc=всѧ́чєскихъ;f.pl.gen=всѧ́чєскихъ;f.pl.loc=всѧ́чєскихъ;n.pl.gen=всѧ́чєскихъ;n.pl.loc=всѧ́чєскихъ	A:§48	-
вы.pron	вы̀	pron	-	-	PPvy	a	1=в	2.du.gen=ва́ю;2.pl.gen=ва́съ;clit.2.du.acc=вы̀	-	A:§47;P:PNmy	personal
единъ.pron	є҆ди́нъ	pron	m	-	PA1n	a	-	m.du.gen=є҆ди́ною;m.du.loc=є҆ди́ною;m.pl.dat=є҆ди̑нѣмъ;m.pl.acc=є҆ди̑ны;f.du.gen=є҆ди́ною;f.du.loc=є҆ди́ною;f.pl.nom=є҆ди̑ны;f.pl.dat=є҆ди̑нѣмъ;f.pl.acc=є҆ди̑ны;f.pl.voc=є҆ди̑ны;n.du.gen=є҆ди́ною;n.du.loc=є҆ди́ною;n.pl.dat=є҆ди̑нѣмъ	m.sg.dat=є҆ди́нномꙋ;n.sg.dat=є҆ди́нномꙋ	A:§48;P:PA1	-
еликъ.pron	є҆ли́къ	pron	m	-	PA1n	a	-	m.sg.gen=є҆ли́ка;m.sg.dat=є҆ли́кꙋ;m.sg.ins=є҆ли́цѣмъ;m.sg.loc=є҆ли́цѣмъ;m.du.gen=є҆ли́кою;m.du.dat=є҆ли́цѣма;m.du.ins=є҆ли́цѣма;m.du.loc=є҆ли́кою;m.pl.nom=є҆ли́цы;m.pl.gen=є҆ли́цѣхъ;m.pl.dat=є҆ли̑цѣмъ;m.pl.acc=є҆ли́ки;m.pl.ins=є҆ли́цѣми;m.pl.loc=є҆ли́цѣхъ;m.pl.voc=є҆ли́цы;f.du.nom=є҆ли́цѣ;f.du.gen=є҆ли́кою;f.du.dat=є҆ли́цѣма;f.du.acc=є҆ли́цѣ;f.du.ins=є҆ли́цѣма;f.du.loc=є҆ли́кою;f.du.voc=є҆ли́цѣ;f.pl.nom=є҆ли́ки;f.pl.gen=є҆ли́цѣхъ;f.pl.dat=є҆ли̑цѣмъ;f.pl.acc=є҆ли́ки;f.pl.ins=є҆ли́цѣми;f.pl.loc=є҆ли́цѣхъ;f.pl.voc=є҆ли́ки;n.sg.gen=є҆ли́ка;n.sg.dat=є҆ли́кꙋ;n.sg.ins=є҆ли́цѣмъ;n.sg.loc=є҆ли́цѣмъ;n.du.nom=є҆ли́цѣ;n.du.gen=є҆ли́кою;n.du.dat=є҆ли́цѣма;n.du.acc=є҆ли́цѣ;n.du.ins=є҆ли́цѣма;n.du.loc=є҆ли́кою;n.du.voc=є҆ли́цѣ;n.pl.gen=є҆ли́цѣхъ;n.pl.dat=є҆ли̑цѣмъ;n.pl.ins=є҆ли́цѣми;n.pl.loc=є҆ли́цѣхъ	m.sg.acc=є҆ли́ка;f.pl.nom=є҆ли̑ки;f.pl.acc=є҆ли̑ки;f.pl.voc=є҆ли̑ки	A:§48;P:PA1k	-
иже.pron	и҆́же	pron	m	-	PPize	a{m.sg.gen=1;m.sg.dat=1;m.sg.acc=1;f.sg.gen=1;n.sg.dat=1}	encl=же	m.du.nom=ꙗ҆̀же;m.du.gen=є҆́юже;m.du.acc=ꙗ҆̀же;m.du.loc=є҆́юже;m.du.voc=ꙗ҆̀же;m.pl.nom=и҆̀же;m.pl.dat=и҆̀мже;m.pl.acc=ꙗ҆̀же;m.pl.voc=и҆̀же;f.sg.dat=не́йже;f.du.nom=и҆̀же;f.du.gen=є҆́юже;f.du.loc=є҆́юже;f.du.voc=и҆̀же;f.pl.nom=ꙗ҆̀же;f.pl.dat=и҆̀мже;f.pl.acc=ꙗ҆̀же;f.pl.voc=ꙗ҆̀же;n.sg.gen=є҆́же;n.du.nom=и҆̀же;n.du.gen=є҆́юже;n.du.loc=є҆́юже;n.du.voc=и҆̀же;n.pl.nom=є҆́же;n.pl.dat=ни̑мже;n.pl.acc=ꙗ҆̀же;n.pl.voc=є҆́же	m.sg.acc=и҆же;m.pl.acc=нѧ̑же|и҆́хъже|ꙗ҆же;f.pl.nom=нѧ̑же|ꙗ҆же|нѧ́же|и҆́хъже;f.pl.acc=нѧ̑же|и҆́хъже|ꙗ҆же;f.pl.voc=нѧ̑же|ꙗ҆же|нѧ́же|и҆́хъже;n.sg.gen=є҆жѐ	A:§48;P:PA2i	-
инаковъ.pron	и҆́наковъ	pron	m	-	PA1	a	-	-	-	A:§48	-
инакій.pron	и҆́накій	pron	m	-	PA1tk	a{n.sg.nom=L;n.sg.acc=L;n.sg.voc=L}	-	n.sg.nom=и҆на́ко;n.sg.acc=и҆на́ко;n.sg.voc=и҆на́ко	-	A:§48;P:PA1k	-
инъ.pron	и҆́нъ	pron	m	-	PA1n	a{du=E;pl=E;m.sg.dat=E;m.sg.acc=E;m.sg.ins=E;m.du.nom=S;m.du.acc=S;m.du.voc=S;m.pl.nom=S;m.pl.ins=S;m.pl.voc=S;f.sg.ins=E;f.du.nom=S;f.du.acc=S;f.du.voc=S;f.pl.ins=S;n.sg.dat=E;n.sg.ins=E;n.du.nom=S;n.du.acc=S;n.du.voc=S;n.pl.nom=S;n.pl.acc=S;n.pl.ins=S;n.pl.voc=S}	-	m.sg.acc=и҆но́го;m.du.gen=и҆но́ю;m.du.loc=и҆но́ю;m.pl.dat=и҆нѣ̑мъ;m.pl.acc=и҆́нны;f.du.gen=и҆но́ю;f.du.loc=и҆но́ю;f.pl.nom=и҆́нны;f.pl.dat=и҆нѣ̑мъ;f.pl.acc=и҆́нны;f.pl.voc=и҆́нны;n.du.gen=и҆но́ю;n.du.loc=и҆но́ю;n.pl.dat=и҆нѣ̑мъ	m.sg.gen=и҆но́гѡ;m.sg.loc=и҆но́мъ;m.pl.acc=и҆́ны;m.pl.ins=и҆нѣ́ми;f.sg.dat=и҆но́й;f.sg.loc=и҆но́й;f.pl.nom=и҆́ны;f.pl.acc=и҆́ны;f.pl.ins=и҆нѣ́ми;f.pl.voc=и҆́ны;n.sg.gen=и҆но́гѡ;n.sg.loc=и҆но́мъ;n.pl.ins=и҆нѣ́ми	A:§48;P:PA1	-
каждъ.pron	ка́ждъ	pron	m	-	PN	a	-	-	-	A:§48	-
каковъ.pron	како́въ	pron	m	-	PN	b	-	m.sg.voc=како́въ;m.pl.nom=каковѝ;m.pl.ins=каковы́ми;m.pl.voc=каковѝ;f.sg.ins=каково́ю;f.pl.ins=каковы́ми;n.pl.ins=каковы́ми	m.du.nom=какова̑;m.du.acc=какова̑;m.du.voc=какова̑;n.pl.nom=какова̑;n.pl.acc=какова̑;n.pl.voc=какова̑	A:§48	-
каковыйлибо.pron	каковы́йлибо	pron	m	-	PA1*	b	encl=либо	m.sg.nom=каковы́йлибо;m.sg.gen=какова́либо;m.sg.acc=какова́либо;m.sg.ins=каковы́млибо;m.sg.voc=каковѣ́йлюбо;m.du.nom=какѡва́либо;m.du.acc=какѡва́либо;m.du.voc=какѡва́либо;m.pl.gen=каковы́хлибо;m.pl.loc=каковы́хлибо;f.pl.gen=каковы́хлибо;f.pl.loc=каковы́хлибо;n.sg.gen=какова́либо;n.sg.ins=каковы́млибо;n.pl.nom=какѡва́либо;n.pl.gen=каковы́хлибо;n.pl.acc=какѡва́либо;n.pl.loc=каковы́хлибо;n.pl.voc=какѡва́либо	m.sg.nom=каковѣ́йлюбо;m.sg.acc=каковѣ́йлюбо;m.sg.ins=каковы́млюбо;m.pl.gen=каковы́хлюбо|каковы́хълибо|каковыхли́бо;m.pl.loc=каковы́хлюбо|каковы́хълибо|каковыхли́бо;f.pl.gen=каковы́хлюбо|каковы́хълибо|каковыхли́бо;f.pl.loc=каковы́хлюбо|каковы́хълибо|каковыхли́бо;n.sg.nom=каково́любо;n.sg.acc=каково́любо;n.sg.ins=каковы́млюбо;n.sg.voc=каково́любо;n.pl.gen=каковы́хлюбо|каковы́хълибо|каковыхли́бо;n.pl.loc=каковы́хлюбо|каковы́хълибо|каковыхли́бо	A:§48;P:A1t	-
какій.pron	какі́й	pron	m	-	PA1tk	a{sg=E;m.sg.ins=S;n.sg.ins=S}	-	m.sg.loc=ка́цѣмъ;n.sg.loc=ка́цѣмъ	-	A:§48;P:PA1k	-
какійлибо.pron	какі́йлибо	pron	m	-	PA1tk	b{n.sg.nom=S;n.sg.acc=S;n.sg.voc=S}	encl=либо	m.pl.dat=каки̑млибо;f.pl.dat=каки̑млибо;n.sg.nom=ка́колибо;n.sg.acc=ка́колибо;n.sg.voc=ка́колибо;n.pl.dat=каки̑млибо	-	A:§48;P:PA2k	-
коликъ.pron	коли́къ	pron	m	-	PNk	a	-	m.sg.acc=коли́ка;m.sg.ins=коли́цѣмъ;m.sg.loc=коли́цѣмъ;m.sg.voc=коли́къ;m.du.gen=коли́кою;m.du.dat=коли́цѣма;m.du.ins=коли́цѣма;m.du.loc=коли́кою;m.pl.nom=коли́цы;m.pl.gen=коли́цѣхъ;m.pl.dat=коли̑цѣмъ;m.pl.acc=коли́ки;m.pl.ins=коли́цѣми;m.pl.loc=коли́цѣхъ;m.pl.voc=коли́цы;f.sg.gen=коли́коѧ;f.sg.ins=коли́кою;f.du.nom=коли́цѣ;f.du.gen=коли́кою;f.du.dat=коли́цѣма;f.du.acc=коли́цѣ;f.du.ins=коли́цѣма;f.du.loc=коли́кою;f.du.voc=коли́цѣ;f.pl.nom=коли́ки;f.pl.gen=коли́цѣхъ;f.pl.dat=коли̑цѣмъ;f.pl.acc=коли́ки;f.pl.ins=коли́цѣми;f.pl.loc=коли́цѣхъ;f.pl.voc=коли́ки;n.sg.ins=коли́цѣмъ;n.sg.loc=коли́цѣмъ;n.du.nom=коли́цѣ;n.du.gen=коли́кою;n.du.dat=коли́цѣма;n.du.acc=коли́цѣ;n.du.ins=коли́цѣма;n.du.loc=коли́кою;n.du.voc=коли́цѣ;n.pl.gen=коли́цѣхъ;n.pl.dat=коли̑цѣмъ;n.pl.ins=коли́цѣми;n.pl.loc=коли́цѣхъ	m.sg.gen=кѡли́ка;m.sg.acc=кѡли́ка;m.sg.loc=коли́комъ;f.sg.nom=кѡли́ка;f.sg.voc=кѡли́ка;n.sg.gen=кѡли́ка;n.sg.loc=коли́комъ;n.pl.nom=кѡли́ка;n.pl.acc=кѡли́ка;n.pl.voc=кѡли́ка	A:§48;P:PA1k	-
которъ.pron	кото́ръ	pron	m	-	PN	a	-	m.du.dat=кото́рыма;m.du.ins=кото́рыма;m.pl.ins=кото́рыми;f.du.dat=кото́рыма;f.du.ins=кото́рыма;f.pl.ins=кото́рыми;n.du.dat=кото́рыма;n.du.ins=кото́рыма;n.pl.ins=кото́рыми	m.sg.ins=котѡ́рымъ;n.sg.ins=котѡ́рымъ	A:§48	-
кто.pron	кто̀	pron	m	-	PPkto	a{m.sg.gen=1;m.sg.dat=1;m.sg.acc=1}	1=к	-	m.sg.ins=кѣ́мъ;f.sg.nom=кто̀;n.sg.nom=кто̀;f.sg.gen=когѡ̀;n.sg.gen=когѡ̀;f.sg.dat=комꙋ̀;n.sg.dat=комꙋ̀;f.sg.acc=кого̀;n.sg.acc=кого̀;f.sg.ins=ки́мъ;n.sg.ins=ки́мъ;f.sg.loc=ко́мъ;n.sg.loc=ко́мъ	A:§48;P:PNkto;A:p048	-
ктоже.pron	кто́же	pron	m	-	PPkto	a{m.sg.gen=1;m.sg.dat=1;m.sg.acc=1}	encl=же;1=к	-	m.sg.nom=кто́жъ;m.sg.voc=кто́жъ	A:§48;P:PNkto	-
ктолибо.pron	кто́либо	pron	m	-	PPkto	a{m.sg.gen=1;m.sg.dat=1;m.sg.acc=1}	encl=либо;1=к	m.sg.ins=кѣ́млибо	-	A:§48;P:PNkto	-
кій.pron	кі́й	pron	m	-	PA1k	a	-	m.pl.dat=ко́имъ;f.pl.dat=ко́имъ;n.pl.dat=ко́имъ	m.sg.nom=ко́й;m.sg.acc=ко́й|коего̀;m.sg.voc=ко́й;m.du.dat=ко́има;m.du.ins=ко́има;m.pl.nom=ко́и;m.pl.gen=ко́ихъ;m.pl.dat=кѡ́имъ|кі̑имъ;m.pl.acc=кі́ихъ;m.pl.ins=ко́ими;m.pl.loc=ко́ихъ;m.pl.voc=ко́и;f.sg.gen=коеѧ̀;f.sg.ins=кое́ю;f.du.dat=ко́има;f.du.ins=ко́има;f.pl.gen=ко́ихъ;f.pl.dat=кѡ́имъ|кі̑имъ;f.pl.acc=кі́ихъ;f.pl.ins=ко́ими;f.pl.loc=ко́ихъ;n.du.dat=ко́има;n.du.ins=ко́има;n.pl.gen=ко́ихъ;n.pl.dat=кѡ́имъ|кі̑имъ;n.pl.ins=ко́ими;n.pl.loc=ко́ихъ	A:§48;P:PA2k	-
кійждо.pron	кі́йждо	pron	m	-	PA1k	a{m.sg.gen=2;f.sg.gen=2}	encl=ждо	m.sg.acc=ко́йждо;m.pl.dat=кі̑имждо;f.pl.dat=кі̑имждо;n.pl.dat=кі̑имждо	m.sg.nom=ко́йждо;m.sg.gen=когѡ́ждо;m.sg.dat=комꙋ́жде|комꙋ́ждо|коемꙋ́ждо|коемꙋждо;m.sg.acc=коего́ждѡ|коего́ждо|кого́ждо;m.sg.ins=ко́имждо;m.sg.loc=кое́мждо;m.sg.voc=ко́йждо;n.sg.nom=ко́ждо;n.sg.dat=комꙋ́жде|комꙋ́ждо|коемꙋ́ждо|коемꙋждо;n.sg.acc=ко́ждо;n.sg.ins=ко́имждо;n.sg.loc=кое́мждо;n.sg.voc=ко́ждо	A:§48;P:PA2k	-
кійже.pron	кі́йже	pron	m	-	PA1k	a	encl=же	m.pl.dat=кі̑имже;f.pl.dat=кі̑имже;n.pl.dat=кі̑имже	m.sg.gen=коегѡ́же;f.sg.gen=коеѧ́же;n.sg.gen=коегѡ́же	A:§48;P:PA2k	-
кійлибо.pron	кі́йлибо	pron	m	-	PA1k	a{m.sg.gen=2;f.sg.gen=2;n.sg.gen=2}	encl=либо	m.sg.acc=ко́йлибо;m.sg.ins=ко́имлибо;m.sg.voc=ко́йлибо;m.pl.gen=ко́ихлибо;m.pl.ins=кѡ́имлибо;m.pl.loc=ко́ихлибо;f.pl.gen=ко́ихлибо;f.pl.ins=кѡ́имлибо;f.pl.loc=ко́ихлибо;n.sg.ins=ко́имлибо;n.pl.gen=ко́ихлибо;n.pl.ins=кѡ́имлибо;n.pl.loc=ко́ихлибо	m.sg.nom=ко́йлибо|ко́йлюбо|кі́йлюбо;m.sg.gen=ко́егѡлибо;m.sg.acc=ко́йлюбо|кі́йлюбо;m.sg.ins=ко́имълибо;m.sg.voc=ко́йлюбо|кі́йлюбо;n.sg.gen=ко́егѡлибо;n.sg.ins=ко́имълибо	A:§48;P:PA2k	-
мой.pron	мо́й	pron	m	-	PA1a	b{m.sg.gen=2;m.sg.dat=2;f.sg.gen=2;n.sg.gen=2;n.sg.dat=2}	-	m.du.nom=моѧ̑;m.du.acc=моѧ̑;m.du.voc=моѧ̑;m.pl.dat=мои̑мъ;m.pl.acc=моѧ̑;f.pl.nom=моѧ̑;f.pl.dat=мои̑мъ;f.pl.acc=моѧ̑;f.pl.voc=моѧ̑;n.pl.nom=моѧ̑;n.pl.dat=мои̑мъ;n.pl.acc=моѧ̑;n.pl.voc=моѧ̑	m.sg.gen=моєгѡ̀;m.sg.acc=моего̀;f.sg.nom=моѧ;f.sg.voc=моѧ;n.sg.gen=моєгѡ̀	A:§48;P:PA2a	-
мы.pron	мы̀	pron	-	-	PPmy	a	1=м;2=н	1.du.gen=на́ю;1.pl.gen=на́съ;clit.1.du.acc=ны̀	-	A:§47;P:PNmy	personal
нашъ.pron	на́шъ	pron	m	-	PA1s	a	-	-	m.du.gen=на̑шею;m.du.loc=на̑шею;m.pl.acc=нашѧ̀|на́шы|нихъ;f.sg.acc=нашꙋ;f.du.gen=на̑шею;f.du.loc=на̑шею;f.pl.nom=нашѧ̀|на́шы;f.pl.acc=нашѧ̀|на́шы|нихъ;f.pl.voc=нашѧ̀|на́шы;n.du.gen=на̑шею;n.du.loc=на̑шею	A:§48;P:PA2s	-
неликъ.pron	нели́къ	pron	m	-	PA1	a	-	-	-	A:§48;P:PA1k	-
ниединъ.pron	ниеди́нъ	pron	m	-	PA1n	a	-	m.pl.dat=ниеди̑нѣмъ;m.pl.acc=ниеди̑ны;f.pl.nom=ниеди̑ны;f.pl.dat=ниеди̑нѣмъ;f.pl.acc=ниеди̑ны;f.pl.voc=ниеди̑ны;n.pl.dat=ниеди̑нѣмъ	f.sg.acc=ниєди́нꙋ	A:§48;P:PA1	-
никаковъ.pron	никако́въ	pron	m	-	PN	b	-	-	-	A:§48	-
никакій.pron	никакі́й	pron	m	-	PA1j	b	-	m.sg.nom=никакі́й;m.sg.gen=никако́гѡ;n.sg.gen=никако́гѡ	-	A:§48;P:PA1k	-
никтоже.pron	никто́же	pron	m	-	PPkto	b{m.sg.gen=2;m.sg.dat=2;m.sg.acc=2}	encl=же;1=ник	-	-	A:§48;P:PNkto	-
никій.pron	никі́й	pron	m	-	PA1k	b	-	m.pl.dat=никі̑имъ;f.pl.dat=никі̑имъ;n.pl.dat=никі̑имъ	m.pl.ins=нико́ими;f.pl.ins=нико́ими;n.pl.ins=нико́ими	A:§48;P:PA2k	-
никійже.pron	никі́йже	pron	m	-	PA1k	b	encl=же	m.sg.ins=нико́имже;m.pl.dat=никі̑имже;f.pl.dat=никі̑имже;n.sg.ins=нико́имже;n.pl.dat=никі̑имже	m.sg.gen=никоегѡ́же;f.sg.gen=никоеѧ́же;n.sg.gen=никоегѡ́же	A:§48;P:PA2k	-
ничто.pron	ничто̀	pron	m	-	PPcto	b{m.sg.gen=2;m.sg.loc=2}	1=нич	m.sg.gen=ничесѡ̀;m.sg.dat=нечесомꙋ̀;m.sg.loc=ничесо́мъ	m.sg.gen=нечегѡ̀|ничесо̀|ничесогѡ̀;m.sg.dat=ничесомꙋ̀|ничемꙋ̀	A:§48;P:PNcto	-
ничтоже.pron	ничто́же	pron	m	-	PPcto	b{m.sg.gen=2;m.sg.dat=3;m.sg.loc=2}	encl=же;1=нич	m.sg.gen=ничесѡ́же;m.sg.dat=ничесомꙋ́же;m.sg.loc=ничесо́мже	m.sg.gen=ничесо́же|ничесогѡ́же;m.sg.dat=ничемꙋ́же;m.sg.loc=ниче́мже	A:§48;P:PNcto	-
нѣкаковъ.pron	нѣ́каковъ	pron	m	-	PA1	a	-	-	-	A:§48;P:PA1	-
нѣколикъ.pron	нѣ́коликъ	pron	m	-	PA1	a	-	m.sg.dat=нѣ́коликꙋ;m.sg.ins=нѣ́колицѣмъ;m.du.dat=нѣ́колицѣма;m.du.ins=нѣ́колицѣма;m.pl.nom=нѣ́колицы;m.pl.gen=нѣ́колицѣхъ;m.pl.dat=нѣ́колицѣмъ;m.pl.ins=нѣ́колицѣми;m.pl.loc=нѣ́колицѣхъ;m.pl.voc=нѣ́колицы;f.du.nom=нѣ́колицѣ;f.du.dat=нѣ́колицѣма;f.du.acc=нѣ́колицѣ;f.du.ins=нѣ́колицѣма;f.du.voc=нѣ́колицѣ;f.pl.gen=нѣ́колицѣхъ;f.pl.dat=нѣ́колицѣмъ;f.pl.ins=нѣ́колицѣми;f.pl.loc=нѣ́колицѣхъ;n.sg.dat=нѣ́коликꙋ;n.sg.ins=нѣ́колицѣмъ;n.du.nom=нѣ́колицѣ;n.du.dat=нѣ́колицѣма;n.du.acc=нѣ́колицѣ;n.du.ins=нѣ́колицѣма;n.du.voc=нѣ́колицѣ;n.pl.gen=нѣ́колицѣхъ;n.pl.dat=нѣ́колицѣмъ;n.pl.ins=нѣ́колицѣми;n.pl.loc=нѣ́колицѣхъ	m.pl.gen=нѣ́коликихъ;m.pl.loc=нѣ́коликихъ;f.pl.gen=нѣ́коликихъ;f.pl.loc=нѣ́коликихъ;n.pl.gen=нѣ́коликихъ;n.pl.loc=нѣ́коликихъ	A:§48;P:PA1k	-
нѣкоторъ.pron	нѣ́которъ	pron	m	-	PN	a	-	m.pl.gen=не́которыхъ;m.pl.ins=нѣ́которыми;m.pl.loc=не́которыхъ;f.sg.ins=нѣ́которою;f.pl.gen=не́которыхъ;f.pl.ins=нѣ́которыми;f.pl.loc=не́которыхъ;n.pl.gen=не́которыхъ;n.pl.ins=нѣ́которыми;n.pl.loc=не́которыхъ	m.pl.dat=нѣ́кѡторымъ;f.pl.dat=нѣ́кѡторымъ;n.pl.dat=нѣ́кѡторымъ	A:§48	-
нѣкто.pron	нѣ́кто	pron	m	-	PPkto	a	1=нѣк	-	-	A:§48;P:PNkto	-
нѣкій.pron	нѣ́кій	pron	m	-	PA1k	a	-	m.du.nom=нѣ́каѧ;m.du.acc=нѣ́каѧ;m.du.voc=нѣ́каѧ;m.pl.nom=нѣ́цыи;m.pl.voc=нѣ́цыи;f.du.nom=нѣ́цыи;f.du.acc=нѣ́цыи;f.du.voc=нѣ́цыи;n.du.nom=нѣ́цыи;n.du.acc=нѣ́цыи;n.du.voc=нѣ́цыи;n.pl.nom=нѣ́каѧ;n.pl.acc=нѣ́каѧ;n.pl.voc=нѣ́каѧ	m.sg.ins=нѣ́коимъ|нѣ́кимъ;m.pl.nom=нѣ́цїи;m.pl.gen=нѣ́коихъ|нѣ́кихъ;m.pl.dat=нѣ́кѡимъ|нѣ̑кимъ;m.pl.ins=нѣ́кими;m.pl.loc=нѣ́коихъ|нѣ́кихъ;m.pl.voc=нѣ́цїи;f.sg.ins=нѣ́кою;f.du.nom=нѣ́цїи;f.du.acc=нѣ́цїи;f.du.voc=нѣ́цїи;f.pl.gen=нѣ́коихъ|нѣ́кихъ;f.pl.dat=нѣ́кѡимъ|нѣ̑кимъ;f.pl.ins=нѣ́кими;f.pl.loc=нѣ́коихъ|нѣ́кихъ;n.sg.ins=нѣ́коимъ|нѣ́кимъ;n.du.nom=нѣ́цїи;n.du.acc=нѣ́цїи;n.du.voc=нѣ́цїи;n.pl.gen=нѣ́коихъ|нѣ́кихъ;n.pl.dat=нѣ́кѡимъ|нѣ̑кимъ;n.pl.ins=нѣ́кими;n.pl.loc=нѣ́коихъ|нѣ́кихъ	A:§48;P:PA2k	-
нѣчто.pron	нѣ́что	pron	m	-	PPcto	a	1=нѣч	m.sg.gen=нѣ́чесогѡ;m.sg.dat=нѣ́чесомꙋ;m.sg.loc=нѣ́чесомъ	-	A:§48;P:PNcto	-
овъ.pron	ѻ҆́въ	pron	m	-	PA1	a	-	-	m.sg.ins=ѡ҆́вѣмъ;m.pl.dat=ѡ҆́вѣмъ;m.pl.acc=ѻ҆́вѣхъ|ѡ҆́вы;f.sg.nom=ѡ҆́ва;f.sg.voc=ѡ҆́ва;f.pl.nom=ѡ҆́вы;f.pl.dat=ѡ҆́вѣмъ;f.pl.acc=ѻ҆́вѣхъ|ѡ҆́вы;f.pl.voc=ѡ҆́вы;n.sg.ins=ѡ҆́вѣмъ;n.pl.nom=ѡ҆́ва;n.pl.dat=ѡ҆́вѣмъ;n.pl.acc=ѡ҆́ва;n.pl.voc=ѡ҆́ва	A:§48;P:PA1	-
одинъ.pron	ѻ҆ди́нъ	pron	m	-	PA1*	b{m.sg.gen=2;m.sg.dat=2;n.sg.gen=2;n.sg.dat=2}	-	-	-	A:§48;P:PA1	-
онъ.pron	ѻ҆́нъ	pron	-	-	PP3	a{3.m.sg.gen=1;3.m.sg.dat=1;3.m.sg.acc=1;3.m.pl.nom=1;3.m.pl.voc=1;3.f.sg.nom=1;3.f.sg.gen=1;3.f.sg.voc=1;3.f.pl.nom=1;3.f.pl.voc=1;3.n.sg.nom=1;3.n.sg.gen=1;3.n.sg.dat=1;3.n.sg.voc=1;3.n.pl.nom=1;3.n.pl.voc=1}	-	3.m.pl.dat=и҆́мъ;3.m.pl.acc=и҆́хъ;3.m.pl.ins=ни́ми;3.f.pl.dat=и҆́мъ;3.f.pl.acc=и҆́хъ;3.f.pl.ins=ни́ми;3.n.pl.dat=и҆́мъ;3.n.pl.ins=ни́ми	3.m.sg.gen=є҆́гѡ|є҆гѡ;3.m.sg.dat=є҆мꙋ|немꙋ;3.m.sg.acc=ѻ҆́нь|є҆го;3.m.sg.ins=нимъ;3.m.du.gen=є҆ю̀|нею̀;3.m.du.loc=є҆ю̀|нею̀;3.m.pl.gen=нихъ;3.m.pl.dat=ни̑мъ|и҆̀мъ;3.m.pl.acc=нихъ|и҆̀хъ;3.m.pl.ins=ними;3.m.pl.loc=и҆хъ;3.f.sg.dat=ней;3.f.sg.ins=є҆ю̀|нею̀;3.f.du.gen=є҆ю̀|нею̀;3.f.du.loc=є҆ю̀|нею̀;3.f.pl.gen=нихъ;3.f.pl.dat=ни̑мъ;3.f.pl.acc=нихъ;3.f.pl.ins=ними;3.f.pl.loc=и҆хъ;3.n.sg.gen=є҆́гѡ|є҆гѡ;3.n.sg.dat=є҆мꙋ|немꙋ;3.n.sg.ins=нимъ;3.n.du.gen=є҆ю̀|нею̀;3.n.du.loc=є҆ю̀|нею̀;3.n.pl.gen=нихъ;3.n.pl.dat=ни̑мъ;3.n.pl.ins=ними;3.n.pl.loc=и҆хъ	A:§47;P:PA1;W:000	personal
онъ.pron.2	ѻ҆́нъ	pron	m	-	PA1	a{m.pl.nom=E;m.pl.voc=E;f.sg.nom=E;f.sg.voc=E;f.du.nom=E;f.du.acc=E;f.du.voc=E;n.sg.nom=E;n.sg.acc=E;n.sg.voc=E;n.du.nom=E;n.du.acc=E;n.du.voc=E;n.pl.nom=E;n.pl.acc=E;n.pl.voc=E}	-	m.du.nom=ѻ҆̑на;m.du.acc=ѻ҆̑на;m.du.voc=ѻ҆̑на;m.pl.dat=ѻ҆̑нѣмъ;m.pl.acc=ѻ҆̑ны;f.pl.nom=ѻ҆̑ны;f.pl.dat=ѻ҆̑нѣмъ;f.pl.acc=ѻ҆̑ны;f.pl.voc=ѻ҆̑ны;n.pl.dat=ѻ҆̑нѣмъ	m.sg.nom=ѡ҆́нъ;m.sg.acc=ѡ҆́нъ;m.sg.ins=ѡ҆́нѣмъ;m.sg.voc=ѡ҆́нъ;m.du.nom=ѻ҆на̑;m.du.gen=ѻ҆́ною;m.du.acc=ѻ҆на̑;m.du.loc=ѻ҆́ною;m.du.voc=ѻ҆на̑;m.pl.nom=ѻ҆́ни;m.pl.dat=ѡ҆́нѣмъ;m.pl.acc=ѡ҆́ны;m.pl.voc=ѻ҆́ни;f.sg.nom=ѻ҆́на;f.sg.acc=ѻ҆нꙋ̀;f.sg.voc=ѻ҆́на;f.du.gen=ѻ҆́ною;f.du.loc=ѻ҆́ною;f.pl.nom=ѡ҆́ны;f.pl.dat=ѡ҆́нѣмъ;f.pl.acc=ѡ҆́ны;f.pl.voc=ѡ҆́ны;n.sg.nom=ѻ҆́но;n.sg.acc=ѻ҆́но;n.sg.ins=ѡ҆́нѣмъ;n.sg.voc=ѻ҆́но;n.du.gen=ѻ҆́ною;n.du.loc=ѻ҆́ною;n.pl.nom=ѡ҆́на;n.pl.dat=ѡ҆́нѣмъ;n.pl.acc=ѡ҆́на;n.pl.voc=ѡ҆́на	A:§48;P:PA1	-
самъ.pron	са́мъ	pron	m	-	PA1	a{sg=E;pl=E;m.sg.gen=2;m.sg.dat=2;m.du.nom=E;m.du.acc=E;m.du.voc=E;m.pl.nom=S;m.pl.acc=S;m.pl.voc=S;f.sg.gen=S;f.sg.acc=S;f.sg.ins=S;f.pl.nom=S;f.pl.acc=S;f.pl.voc=S;n.sg.nom=S;n.sg.gen=2;n.sg.dat=2;n.sg.acc=S;n.sg.voc=S}	-	m.du.nom=сама̑;m.du.acc=сама̑;m.du.voc=сама̑;m.pl.dat=самѣ̑мъ;m.pl.acc=са̑мы;f.pl.nom=са̑мы;f.pl.dat=самѣ̑мъ;f.pl.acc=са̑мы;f.pl.voc=са̑мы;n.pl.dat=самѣ̑мъ	m.sg.nom=са́м|са́мѣй;m.sg.acc=са́м|самого̀|са́мѣй;m.sg.ins=сами́мъ|са́мымъ;m.sg.loc=са́могѡ;m.sg.voc=са́м|са́мѣй;m.pl.gen=сами́хъ|са́мыхъ;m.pl.dat=сами̑мъ|са̑мымъ;m.pl.ins=са́мыми;m.pl.loc=сами́хъ|са́мыхъ;f.sg.acc=самꙋ̀;f.pl.gen=сами́хъ|са́мыхъ;f.pl.dat=сами̑мъ|са̑мымъ;f.pl.ins=са́мыми;f.pl.loc=сами́хъ|са́мыхъ;n.sg.nom=само̀;n.sg.acc=само̀;n.sg.ins=сами́мъ|са́мымъ;n.sg.loc=са́могѡ;n.sg.voc=само̀;n.pl.gen=сами́хъ|са́мыхъ;n.pl.dat=сами̑мъ|са̑мымъ;n.pl.ins=са́мыми;n.pl.loc=сами́хъ|са́мыхъ	A:§48;P:PA1	-
свой.pron	сво́й	pron	m	-	PA1a	b{m.sg.gen=2;m.sg.dat=2;f.sg.gen=2;n.sg.gen=2;n.sg.dat=2}	-	m.du.nom=своѧ̑;m.du.acc=своѧ̑;m.du.voc=своѧ̑;m.pl.dat=свои̑мъ;m.pl.acc=своѧ̑;f.pl.nom=своѧ̑;f.pl.dat=свои̑мъ;f.pl.acc=своѧ̑;f.pl.voc=своѧ̑;n.pl.nom=своѧ̑;n.pl.dat=свои̑мъ;n.pl.acc=своѧ̑;n.pl.voc=своѧ̑	m.sg.acc=своего̀;f.sg.dat=своей;f.sg.ins=своею̀;f.sg.loc=своей	A:§48;P:PA2a	-
себе.pron	себѐ	pron	-	-	PPseb	b	1=себ;2=соб;3=с	-	gen=себѐ	A:§47;P:PNseb	reflexive
сей.pron	се́й	pron	m	-	PA1j	a{m.sg.gen=1;m.sg.dat=1;m.du.nom=1;m.du.acc=1;m.du.voc=1;m.pl.acc=1;f.sg.nom=1;f.sg.gen=1;f.sg.acc=1;f.sg.voc=1;f.du.nom=1;f.du.acc=1;f.du.voc=1;f.pl.nom=1;f.pl.acc=1;f.pl.voc=1;n.sg.nom=1;n.sg.gen=1;n.sg.dat=1;n.sg.acc=1;n.sg.voc=1;n.du.nom=1;n.du.acc=1;n.du.voc=1;n.pl.nom=1;n.pl.acc=1;n.pl.voc=1}	-	m.pl.acc=сїѧ̑;f.pl.nom=сїѧ̑;f.pl.acc=сїѧ̑;f.pl.voc=сїѧ̑;n.pl.nom=сїѧ̑;n.pl.acc=сїѧ̑;n.pl.voc=сїѧ̑	m.sg.gen=сєгѡ̀;m.sg.dat=семꙋ;m.sg.acc=сего̀;m.pl.nom=сїи̑|сїѝ|сі́й;m.pl.acc=сїѧ;m.pl.voc=сїи̑|сїѝ|сі́й;f.sg.nom=сїѧ;f.sg.gen=сеѧ|се́ѧ;f.sg.acc=сїю;f.sg.ins=сею̀;f.sg.voc=сїѧ;f.pl.nom=сїѧ;f.pl.acc=сїѧ;f.pl.voc=сїѧ;n.sg.nom=сїе|сі́е;n.sg.gen=сєгѡ̀;n.sg.dat=семꙋ;n.sg.acc=сїе|сі́е;n.sg.voc=сїе|сі́е;n.pl.nom=сїѧ;n.pl.acc=сїѧ;n.pl.voc=сїѧ	A:§48;P:PA2j	-
сицевъ.pron	сице́въ	pron	m	-	PN	b	-	m.sg.voc=сице́въ;m.pl.nom=сицевѝ;m.pl.dat=сицевы̑мъ;m.pl.ins=сицевы́ми;m.pl.voc=сицевѝ;f.sg.nom=сицевы̀;f.sg.ins=сицево́ю;f.sg.voc=сицевы̀;f.pl.dat=сицевы̑мъ;f.pl.ins=сицевы́ми;n.pl.dat=сицевы̑мъ;n.pl.ins=сицевы́ми	m.sg.nom=сицевѣ́й;m.sg.acc=сицевѣ́й;m.sg.voc=сицевѣ́й;m.du.nom=сицева̑|сицєва̑;m.du.acc=сицева̑|сицєва̑;m.du.voc=сицева̑|сицєва̑;m.pl.gen=си́цевыхъ|сицєвы́хъ;m.pl.dat=сицєвымъ;m.pl.loc=си́цевыхъ|сицєвы́хъ;f.pl.gen=си́цевыхъ|сицєвы́хъ;f.pl.dat=сицєвымъ;f.pl.loc=си́цевыхъ|сицєвы́хъ;n.pl.nom=сицева̑|сицєва̑;n.pl.gen=си́цевыхъ|сицєвы́хъ;n.pl.dat=сицєвымъ;n.pl.acc=сицева̑|сицєва̑;n.pl.loc=си́цевыхъ|сицєвы́хъ;n.pl.voc=сицева̑|сицєва̑	A:§48	-
таковъ.pron	тако́въ	pron	m	-	PN	b	-	m.sg.voc=тако́въ;m.du.nom=такова̑;m.du.acc=такова̑;m.du.voc=такова̑;m.pl.nom=таковѝ;m.pl.dat=таковы̑мъ;m.pl.acc=таковы̑;m.pl.ins=таковы́ми;m.pl.voc=таковѝ;f.sg.ins=таково́ю;f.pl.nom=таковы̑;f.pl.dat=таковы̑мъ;f.pl.acc=таковы̑;f.pl.ins=таковы́ми;f.pl.voc=таковы̑;n.pl.nom=такова̑;n.pl.dat=таковы̑мъ;n.pl.acc=такова̑;n.pl.ins=таковы́ми;n.pl.voc=такова̑	m.sg.nom=таковѣ́й;m.sg.gen=такѡва̀;m.sg.acc=таковѣ́й|такѡва̀;m.sg.ins=такѡ́вымъ|такѡвы́мъ;m.sg.voc=таковѣ́й;m.pl.ins=тако́выми;f.sg.nom=такѡвы̀|такѡва̀;f.sg.voc=такѡвы̀|такѡва̀;f.pl.ins=тако́выми;n.sg.gen=такѡва̀;n.sg.ins=такѡ́вымъ|такѡвы́мъ;n.pl.ins=тако́выми	A:§48	-
такій.pron	такі́й	pron	m	-	PA1tk	b{m.sg.ins=S;m.pl.dat=S;f.pl.dat=S;n.sg.ins=S;n.pl.dat=S}	-	m.sg.loc=та́цѣмъ;m.pl.nom=та́цы;m.pl.voc=та́цы;n.sg.loc=та́цѣмъ	m.pl.dat=тацѣ̑мъ;f.pl.dat=тацѣ̑мъ;n.pl.dat=тацѣ̑мъ	A:§48;P:PA1k	-
твой.pron	тво́й	pron	m	-	PA1a	b{m.sg.gen=2;m.sg.dat=2;f.sg.gen=2;n.sg.gen=2;n.sg.dat=2}	-	m.du.nom=твоѧ̑;m.du.acc=твоѧ̑;m.du.voc=твоѧ̑;m.pl.dat=твои̑мъ;m.pl.acc=твоѧ̑;f.pl.nom=твоѧ̑;f.pl.dat=твои̑мъ;f.pl.acc=твоѧ̑;f.pl.voc=твоѧ̑;n.pl.nom=твоѧ̑;n.pl.dat=твои̑мъ;n.pl.acc=твоѧ̑;n.pl.voc=твоѧ̑	m.sg.gen=твоєгѡ̀|твоегѡ;m.sg.dat=твоемꙋ;m.sg.acc=твоего̀;m.pl.nom=твои;m.pl.voc=твои;f.sg.acc=твою;n.sg.gen=твоєгѡ̀|твоегѡ;n.sg.dat=твоемꙋ	A:§48;P:PA2a	-
той.pron	то́й	pron	m	-	PA1t	a{m.sg.gen=1;m.sg.dat=1;f.sg.gen=1;n.sg.gen=1;n.sg.dat=1}	-	m.pl.acc=ты̑ѧ;f.sg.nom=та̀;f.sg.voc=та̀;f.du.nom=та̑;f.du.acc=та̑;f.du.voc=та̑;n.sg.nom=то̀;n.sg.acc=то̀;n.sg.voc=то̀;n.du.nom=та̑;n.du.acc=та̑;n.du.voc=та̑;n.pl.nom=та̑;n.pl.acc=та̑;n.pl.voc=та̑	m.sg.nom=то́тъ;m.sg.acc=того̀|то́тъ;m.sg.voc=то́тъ;m.du.gen=тѡ́ю;m.du.loc=тѡ́ю;m.pl.nom=тѣ̀|ти;m.pl.gen=ты́хъ;m.pl.dat=ты̑мъ;m.pl.acc=ты́и|тѣ́хъ;m.pl.loc=ты́хъ;m.pl.voc=тѣ̀|ти;f.sg.gen=то́ѧ;f.du.gen=тѡ́ю;f.du.loc=тѡ́ю;f.pl.nom=ты́и|ты́ѧ;f.pl.gen=ты́хъ;f.pl.dat=ты̑мъ;f.pl.acc=ты́и|тѣ́хъ|ты́ѧ;f.pl.loc=ты́хъ;f.pl.voc=ты́и|ты́ѧ;n.du.gen=тѡ́ю;n.du.loc=тѡ́ю;n.pl.gen=ты́хъ;n.pl.dat=ты̑мъ;n.pl.loc=ты́хъ	A:§48;P:PA2t	-
тойжде.pron	то́йжде	pron	m	-	PA1t	a{m.sg.gen=1;m.sg.dat=1;f.sg.gen=1;n.sg.gen=1;n.sg.dat=1}	encl=жде	m.du.gen=тѡ́южде;m.du.loc=тѡ́южде;m.pl.acc=ты̑ѧжде;f.sg.nom=та́жде;f.sg.voc=та́жде;f.du.gen=тѡ́южде;f.du.loc=тѡ́южде;n.sg.nom=то́жде;n.sg.acc=то́жде;n.sg.voc=то́жде;n.du.gen=тѡ́южде;n.du.loc=тѡ́южде;n.pl.nom=та̑жде;n.pl.acc=та̑жде;n.pl.voc=та̑жде	m.sg.acc=того́жде;f.sg.ins=то́еюжде;n.sg.nom=тожде;n.sg.acc=тожде;n.sg.voc=тожде	A:§48;P:PA2t	-
тойже.pron	то́йже	pron	m	-	PA1t	a{m.sg.gen=1;m.sg.dat=1;f.sg.gen=1;n.sg.gen=1;n.sg.dat=1}	encl=же	m.pl.nom=тѣ́же;m.pl.acc=ты̑ѧже;m.pl.voc=тѣ́же;f.sg.nom=та́же;f.sg.voc=та́же;f.du.nom=та̑же;f.du.acc=та̑же;f.du.voc=та̑же;n.sg.nom=то́же;n.sg.acc=то́же;n.sg.voc=то́же;n.du.nom=та̑же;n.du.acc=та̑же;n.du.voc=та̑же;n.pl.nom=та̑же;n.pl.acc=та̑же;n.pl.voc=та̑же	m.sg.gen=тогѡ́жъ;m.sg.dat=томꙋ́жъ;m.sg.acc=того́же;m.sg.ins=тѣ́мъже;f.sg.gen=то́ѧже;n.sg.nom=тѡ́же;n.sg.gen=тогѡ́жъ;n.sg.dat=томꙋ́жъ;n.sg.acc=тѡ́же;n.sg.ins=тѣ́мъже;n.sg.voc=тѡ́же	A:§48	-
толикъ.pron	толи́къ	pron	m	-	PA1n	a	-	m.sg.gen=толи́ка;m.sg.acc=толи́ка;m.sg.ins=толи́цѣмъ;m.du.dat=толи́цѣма;m.du.ins=толи́цѣма;m.pl.nom=толи́цы;m.pl.gen=толи́цѣхъ;m.pl.dat=толи̑цѣмъ;m.pl.acc=толи̑ки;m.pl.ins=толи́цѣми;m.pl.loc=толи́цѣхъ;m.pl.voc=толи́цы;f.du.nom=толи́цѣ;f.du.dat=толи́цѣма;f.du.acc=толи́цѣ;f.du.ins=толи́цѣма;f.du.voc=толи́цѣ;f.pl.nom=толи̑ки;f.pl.gen=толи́цѣхъ;f.pl.dat=толи̑цѣмъ;f.pl.acc=толи̑ки;f.pl.ins=толи́цѣми;f.pl.loc=толи́цѣхъ;f.pl.voc=толи̑ки;n.sg.gen=толи́ка;n.sg.ins=толи́цѣмъ;n.du.nom=толи́цѣ;n.du.dat=толи́цѣма;n.du.acc=толи́цѣ;n.du.ins=толи́цѣма;n.du.voc=толи́цѣ;n.pl.gen=толи́цѣхъ;n.pl.dat=толи̑цѣмъ;n.pl.ins=толи́цѣми;n.pl.loc=толи́цѣхъ	m.sg.dat=толи́кꙋ;m.sg.loc=толи́цѣмъ;m.pl.acc=толи́ки;f.sg.dat=толи́цѣ;f.sg.loc=толи́цѣ;f.pl.nom=толи́ки;f.pl.acc=толи́ки;f.pl.voc=толи́ки;n.sg.dat=толи́кꙋ;n.sg.loc=толи́цѣмъ	A:§48;P:PA1k	-
ты.pron	ты̀	pron	-	-	PPty	b	1=теб;2=тоб;3=т	-	2.sg.gen=тебѐ	A:§47;P:PNty;A:p047	personal
что.pron	что̀	pron	m	-	PPcto	a{m.sg.gen=1;m.sg.dat=2;m.sg.loc=1}	1=ч	m.sg.gen=чесѡ̀;m.sg.dat=чесомꙋ̀;m.sg.loc=чесо́мъ	m.sg.gen=чесо̀|чесогѡ̀;m.sg.dat=чесо́мꙋ;m.sg.acc=чесо̀;m.sg.ins=чесово́мъ|чѣ́мъ;m.sg.loc=че́сомъ;f.sg.nom=что̀;n.sg.nom=что̀;f.sg.gen=чегѡ̀|чесѡ̀|чесогѡ̀;n.sg.gen=чегѡ̀|чесѡ̀|чесогѡ̀;f.sg.dat=чемꙋ̀|чесомꙋ̀;n.sg.dat=чемꙋ̀|чесомꙋ̀;f.sg.acc=что̀|чесо̀;n.sg.acc=что̀|чесо̀;f.sg.ins=чи́мъ;n.sg.ins=чи́мъ;f.sg.loc=че́мъ|чесо́мъ;n.sg.loc=че́мъ|чесо́мъ	A:§48;P:PNcto;A:p048	-
чтоже.pron	что́же	pron	m	-	PPcto	a{m.sg.gen=1;m.sg.dat=2}	encl=же;1=ч	m.sg.dat=чесомꙋ́же;m.sg.ins=чесо́мже	m.sg.gen=чесо́же|чесогѡ́же	A:§48	-
чій.pron	чі́й	pron	m	-	PA1a	b{m.sg.gen=2;m.sg.ins=S;f.sg.gen=2;n.sg.gen=2;n.sg.ins=S}	-	m.sg.dat=чїю̀;m.sg.acc=чїѧ̀;m.pl.dat=чїи̑мъ;f.pl.dat=чїи̑мъ;n.sg.dat=чїю̀;n.pl.dat=чїи̑мъ	m.sg.gen=чїѧ̀;n.sg.gen=чїѧ̀	A:§48;P:PA2a	-
ꙗковъ.pron	ꙗ҆ко́въ	pron	m	-	PN	b{m.pl.nom=0;m.pl.voc=0}	-	m.sg.gen=ꙗ҆кѡва̀;m.sg.ins=ꙗ҆кѡвы́мъ;m.sg.voc=ꙗ҆́ковъ;m.du.nom=ꙗ҆кова̑;m.du.acc=ꙗ҆кова̑;m.du.voc=ꙗ҆кова̑;m.pl.nom=ꙗ҆́кови;m.pl.acc=ꙗ҆ковы̑;m.pl.ins=ꙗ҆ковы́ми;m.pl.voc=ꙗ҆́кови;f.sg.nom=ꙗ҆кѡва̀;f.sg.voc=ꙗ҆кѡва̀;f.pl.nom=ꙗ҆ковы̑;f.pl.acc=ꙗ҆ковы̑;f.pl.ins=ꙗ҆ковы́ми;f.pl.voc=ꙗ҆ковы̑;n.sg.gen=ꙗ҆кѡва̀;n.sg.ins=ꙗ҆кѡвы́мъ;n.pl.nom=ꙗ҆кова̑;n.pl.acc=ꙗ҆кова̑;n.pl.ins=ꙗ҆ковы́ми;n.pl.voc=ꙗ҆кова̑	m.sg.nom=ꙗ҆́ковъ;m.sg.acc=ꙗ҆́ковъ|ꙗ҆кѡва̀;m.sg.voc=ꙗ҆ко́въ;m.pl.nom=ꙗ҆ковѝ;m.pl.voc=ꙗ҆ковѝ;f.sg.nom=ꙗ҆кѡвы̀;f.sg.voc=ꙗ҆кѡвы̀	A:§48	-
ꙗковыйже.pron	ꙗ҆ковы́йже	pron	m	-	PA1t	b	encl=же	m.sg.nom=ꙗ҆ковы́йже;m.sg.gen=ꙗ҆кова́же;m.sg.acc=ꙗ҆кова́же;f.sg.nom=ꙗ҆кова́же;f.sg.voc=ꙗ҆кова́же;n.sg.nom=ꙗ҆ково́же;n.sg.gen=ꙗ҆кова́же;n.sg.acc=ꙗ҆ково́же;n.sg.voc=ꙗ҆ково́же;n.pl.nom=ꙗ҆кова̑же;n.pl.acc=ꙗ҆кова̑же;n.pl.voc=ꙗ҆кова̑же	-	A:§48	-
ꙗкій.pron	ꙗ҆кі́й	pron	m	-	PA1tk	a{sg=E}	-	m.sg.loc=ꙗ҆цѣ́мъ;m.pl.nom=ꙗ҆́цы;m.pl.voc=ꙗ҆́цы;n.sg.loc=ꙗ҆цѣ́мъ	m.pl.gen=ꙗ҆цѣ́хъ;m.pl.loc=ꙗ҆цѣ́хъ;f.pl.gen=ꙗ҆цѣ́хъ;f.pl.loc=ꙗ҆цѣ́хъ;n.pl.gen=ꙗ҆цѣ́хъ;n.pl.loc=ꙗ҆цѣ́хъ	A:§48;P:PA1k	-
ꙗкійже.pron	ꙗ҆кі́йже	pron	m	-	PA1tk	b	encl=же	m.sg.loc=ꙗ҆цѣ́мже;n.sg.loc=ꙗ҆цѣ́мже	-	A:§48	-
